customer_id,last_purchase_date,frequency,monetary,recency,R_score,F_score,M_score,RFM_score,segment
12346,2011-01-18 10:01:00,12,232669.38,326,2,5,5,255,At Risk
12347,2011-12-07 15:52:00,8,16899.96,2,5,4,5,545,Champions
12348,2011-09-25 13:13:00,5,6058.2,75,3,4,4,344,Loyal Customers
12349,2011-11-21 09:51:00,4,13286.07,19,5,3,5,535,Loyal Customers
12350,2011-02-02 16:01:00,1,1003.2,310,2,1,2,212,Lost
12351,2010-11-29 15:23:00,1,902.79,375,2,1,2,212,Lost
12352,2011-11-03 14:37:00,10,8549.52,36,4,5,4,454,Champions
12353,2011-05-19 17:47:00,2,1220.28,204,2,2,2,222,Lost
12354,2011-04-21 13:11:00,1,3238.2,232,2,1,3,213,Lost
12355,2011-05-09 13:49:00,2,2842.83,214,2,2,3,223,Lost
12356,2011-11-17 08:40:00,6,19121.04,23,4,4,5,445,Champions
12357,2011-11-06 16:07:00,3,54862.98,33,4,3,5,435,Loyal Customers
12358,2011-12-08 10:26:00,5,11661.21,2,5,4,5,545,Champions
12359,2011-10-13 12:47:00,10,26807.82,58,4,5,5,455,Champions
12360,2011-10-18 15:22:00,8,12758.67,52,4,4,5,445,Champions
12361,2011-02-25 13:51:00,4,1533.75,287,2,3,2,232,Others
12362,2011-12-06 15:40:00,11,16068.69,3,5,5,5,555,Champions
12363,2011-08-22 10:18:00,2,1656.0,110,3,2,2,322,Others
12364,2011-12-02 10:22:00,4,3939.3,8,5,3,4,534,Loyal Customers
12365,2011-02-21 14:04:00,2,1924.14,291,2,2,3,223,Lost
12366,2010-03-16 10:28:00,1,1500.72,634,1,1,2,112,Lost
12367,2011-12-05 16:48:00,1,506.7,4,5,1,1,511,New Customers
12368,2010-03-21 15:56:00,1,2753.1,628,1,1,3,113,Lost
12369,2010-10-22 13:13:00,3,5373.45,413,1,3,4,134,At Risk
12370,2011-10-19 14:51:00,7,12960.93,51,4,4,5,445,Champions
12371,2011-10-26 10:16:00,5,12202.14,45,4,4,5,445,Champions
12372,2011-09-29 12:12:00,3,3894.12,72,3,3,4,334,Loyal Customers
12373,2011-02-01 13:10:00,3,3382.95,311,2,3,3,233,At Risk
12374,2011-11-14 15:37:00,4,8967.66,25,4,3,5,435,Loyal Customers
12375,2011-11-29 10:36:00,2,1372.5,11,5,2,2,522,New Customers
12376,2010-11-15 12:15:00,2,1509.45,390,2,2,2,222,Lost
12377,2011-01-28 15:45:00,4,10278.96,315,2,3,5,235,At Risk
12378,2011-08-02 10:34:00,2,16248.96,130,3,2,5,325,Others
12379,2011-09-19 10:09:00,4,4860.66,82,3,3,4,334,Loyal Customers
12380,2011-11-18 11:27:00,11,29028.9,22,4,5,5,455,Champions
12381,2011-12-05 12:44:00,5,5535.93,5,5,4,4,544,Champions
12383,2011-06-08 08:02:00,5,5551.68,185,3,4,4,344,Loyal Customers
12384,2011-11-11 08:39:00,2,1755.81,29,4,2,2,422,New Customers
12385,2010-11-25 15:14:00,1,5815.2,379,2,1,4,214,Lost
12386,2011-01-06 12:37:00,2,1982.4,338,2,2,3,223,Lost
12387,2010-10-20 16:27:00,1,431.82,415,1,1,1,111,Lost
12388,2011-11-24 12:30:00,8,11703.33,16,5,4,5,545,Champions
12389,2010-11-02 11:52:00,3,4299.99,403,2,3,4,234,At Risk
12390,2011-09-21 09:33:00,1,1649.52,80,3,1,2,312,Others
12391,2011-11-18 12:07:00,6,8320.26,22,4,4,4,444,Champions
12392,2010-04-27 14:04:00,1,704.25,591,1,1,1,111,Lost
12393,2011-09-28 15:41:00,6,7198.35,72,3,4,4,344,Loyal Customers
12394,2011-10-07 08:08:00,2,3817.44,64,3,2,4,324,Others
12395,2011-11-20 15:21:00,15,15201.81,19,5,5,5,555,Champions
12396,2010-02-03 13:22:00,1,2794.29,674,1,1,3,113,Lost
12397,2011-11-04 09:52:00,2,7229.7,36,4,2,4,424,New Customers
12398,2011-10-25 10:27:00,1,4906.98,46,4,1,4,414,New Customers
12399,2011-08-12 13:15:00,7,5886.9,119,3,4,4,344,Loyal Customers
12400,2010-10-21 13:45:00,1,615.75,414,1,1,1,111,Lost
12401,2011-02-09 13:50:00,1,252.9,303,2,1,1,211,Lost
12402,2011-01-20 13:49:00,6,3770.7,323,2,4,4,244,At Risk
12403,2011-10-21 10:51:00,2,3058.08,50,4,2,3,423,New Customers
12404,2010-01-26 16:25:00,1,189.72,682,1,1,1,111,Lost
12405,2011-07-14 08:52:00,1,5131.17,149,3,1,4,314,Others
12406,2011-11-17 19:22:00,5,19171.08,22,4,4,5,445,Champions
12407,2011-10-21 10:11:00,5,5124.36,50,4,4,4,444,Champions
12408,2011-11-07 12:27:00,8,13022.31,33,4,4,5,445,Champions
12409,2011-09-22 10:38:00,7,70257.87,79,3,4,5,345,Loyal Customers
12410,2011-02-04 10:39:00,3,3041.13,309,2,3,3,233,At Risk
12411,2010-10-26 09:25:00,1,1040.7,410,2,1,2,212,Lost
12412,2011-09-26 10:16:00,6,7790.79,75,3,4,4,344,Loyal Customers
12413,2011-10-04 09:00:00,4,2998.35,67,3,3,3,333,Loyal Customers
12414,2011-05-06 14:51:00,6,2857.23,217,2,4,3,243,At Risk
12415,2011-11-15 14:22:00,28,433375.11,24,4,5,5,455,Champions
12416,2010-02-21 10:19:00,1,607.68,657,1,1,1,111,Lost
12417,2011-12-06 14:52:00,20,20450.73,3,5,5,5,555,Champions
12418,2011-08-19 11:08:00,4,6063.6,113,3,3,4,334,Loyal Customers
12419,2010-11-19 10:04:00,2,1509.03,386,2,2,2,222,Lost
12420,2011-10-07 08:55:00,1,1801.17,64,3,1,2,312,Others
12421,2011-11-24 09:07:00,6,3295.8,16,5,4,3,543,Loyal Customers
12422,2011-09-05 09:48:00,17,15695.4,96,3,5,5,355,Loyal Customers
12423,2011-12-09 10:10:00,10,7867.17,1,5,5,4,554,Champions
12424,2011-06-30 12:06:00,4,10020.09,163,3,3,5,335,Loyal Customers
12425,2011-09-22 17:31:00,2,5224.23,78,3,2,4,324,Others
12426,2011-05-29 12:26:00,2,4035.63,195,2,2,4,224,Lost
12427,2011-11-18 08:56:00,3,3387.9,22,4,3,3,433,Loyal Customers
12428,2011-11-14 08:22:00,9,23869.38,26,4,5,5,455,Champions
12429,2011-11-30 17:22:00,8,22457.73,9,5,4,5,545,Champions
12430,2011-10-27 15:09:00,1,769.2,43,4,1,1,411,New Customers
12431,2011-11-04 11:55:00,27,32573.91,36,4,5,5,455,Champions
12432,2011-10-28 11:43:00,5,15177.96,43,4,4,5,445,Champions
12433,2011-12-09 10:02:00,10,61743.78,1,5,5,5,555,Champions
12434,2011-09-16 12:38:00,3,3310.29,85,3,3,3,333,Loyal Customers
12435,2011-09-21 09:06:00,6,41777.79,80,3,4,5,345,Loyal Customers
12436,2011-09-01 12:09:00,1,1527.03,100,3,1,2,312,Others
12437,2011-12-08 11:35:00,39,38050.2,2,5,5,5,555,Champions
12438,2011-11-25 13:28:00,2,8720.55,14,5,2,4,524,New Customers
12439,2010-01-26 12:11:00,2,3474.54,683,1,2,3,123,Lost
12440,2010-09-03 13:11:00,2,2577.6,462,1,2,3,123,Lost
12441,2010-12-08 10:45:00,1,1041.3,367,2,1,2,212,Lost
12442,2011-12-06 14:22:00,1,516.18,3,5,1,1,511,New Customers
12443,2009-12-07 15:42:00,1,1455.93,732,1,1,2,112,Lost
12444,2011-11-18 13:23:00,5,15016.38,21,4,4,5,445,Champions
12445,2011-11-17 18:43:00,2,1304.94,22,4,2,2,422,New Customers
12446,2011-10-13 12:50:00,1,3006.93,58,4,1,3,413,New Customers
12447,2011-04-10 13:25:00,1,1429.47,243,2,1,2,212,Lost
12448,2011-10-26 13:46:00,1,1348.35,44,4,1,2,412,New Customers
12449,2011-11-17 13:46:00,6,14507.67,22,4,4,5,445,Champions
12450,2011-07-06 14:41:00,5,2064.6,156,3,4,3,343,Loyal Customers
12451,2011-11-29 08:40:00,8,38009.64,11,5,4,5,545,Champions
12452,2011-11-23 10:28:00,2,1291.71,17,5,2,2,522,New Customers
12453,2011-07-28 14:08:00,1,2121.27,134,3,1,3,313,Others
12454,2011-10-14 17:13:00,5,50039.34,56,4,4,5,445,Champions
12455,2011-09-27 15:31:00,10,17639.85,73,3,5,5,355,Loyal Customers
12456,2011-10-26 14:41:00,3,9543.12,44,4,3,5,435,Loyal Customers
12457,2011-10-04 13:13:00,8,8987.73,66,3,4,5,345,Loyal Customers
12458,2011-09-29 15:25:00,4,5332.47,71,3,3,4,334,Loyal Customers
12459,2010-04-13 14:53:00,1,1363.08,605,1,1,2,112,Lost
12460,2010-09-09 13:51:00,1,979.95,456,1,1,2,112,Lost
12461,2011-09-06 16:57:00,2,2480.64,94,3,2,3,323,Others
12462,2011-11-21 09:11:00,2,3568.77,19,5,2,3,523,New Customers
12463,2011-10-17 13:44:00,4,4034.34,53,4,3,4,434,Loyal Customers
12464,2011-11-29 13:33:00,8,3636.15,10,5,4,3,543,Loyal Customers
12465,2011-11-22 16:34:00,2,2226.57,17,5,2,3,523,New Customers
12466,2010-01-26 16:26:00,1,170.19,682,1,1,1,111,Lost
12467,2010-10-12 15:41:00,1,398.4,423,1,1,1,111,Lost
12468,2011-06-05 11:36:00,5,11012.22,188,3,4,5,345,Loyal Customers
12469,2010-07-05 12:40:00,2,9211.62,523,1,2,5,125,Lost
12470,2010-01-19 11:01:00,1,635.85,690,1,1,1,111,Lost
12471,2011-12-07 15:43:00,79,119891.37,2,5,5,5,555,Champions
12472,2011-11-07 14:01:00,19,53641.77,32,4,5,5,455,Champions
12473,2011-11-10 13:46:00,5,11815.65,29,4,4,5,445,Champions
12474,2011-11-22 14:39:00,31,37273.35,17,5,5,5,555,Champions
12475,2011-10-17 10:10:00,2,3448.92,54,4,2,3,423,New Customers
12476,2011-11-24 12:40:00,23,42346.23,16,5,5,5,555,Champions
12477,2011-11-17 09:51:00,9,60829.11,23,4,5,5,455,Champions
12478,2011-12-06 09:56:00,1,2042.97,4,5,1,3,513,New Customers
12479,2011-11-28 13:26:00,1,1581.6,11,5,1,2,512,New Customers
12480,2011-11-11 14:52:00,7,16394.55,28,4,4,5,445,Champions
12481,2011-11-17 08:29:00,15,37084.17,23,4,5,5,455,Champions
12482,2010-05-12 16:51:00,29,71074.2,576,1,5,5,155,At Risk
12483,2011-11-22 17:02:00,19,15361.74,17,5,5,5,555,Champions
12484,2011-11-07 11:37:00,12,19110.45,33,4,5,5,455,Champions
12485,2010-06-28 15:22:00,1,2124.3,529,1,1,3,113,Lost
12486,2010-10-04 12:14:00,1,3111.84,432,1,1,3,113,Lost
12487,2009-12-09 11:36:00,1,855.9,731,1,1,1,111,Lost
12488,2011-11-30 08:50:00,3,3895.98,10,5,3,4,534,Loyal Customers
12489,2011-01-07 13:13:00,1,1004.79,336,2,1,2,212,Lost
12490,2011-12-04 16:07:00,21,29470.92,5,5,5,5,555,Champions
12491,2011-11-01 12:18:00,1,1381.2,39,4,1,2,412,New Customers
12492,2011-10-07 15:15:00,3,2145.63,63,3,3,3,333,Loyal Customers
12493,2011-06-27 10:17:00,2,1301.22,166,3,2,2,322,Others
12494,2011-11-24 09:34:00,9,5618.61,16,5,5,4,554,Champions
12495,2010-03-09 10:53:00,1,1072.2,641,1,1,2,112,Lost
12496,2010-03-29 14:06:00,2,162.27,620,1,2,1,121,Lost
12497,2011-09-19 12:29:00,3,18745.5,82,3,3,5,335,Loyal Customers
12498,2011-11-18 12:53:00,3,1211.1,21,4,3,2,432,Loyal Customers
12499,2010-05-28 15:12:00,1,1181.16,560,1,1,2,112,Lost
12500,2011-11-16 16:20:00,19,17865.63,23,4,5,5,455,Champions
12501,2011-01-07 12:28:00,1,6508.17,337,2,1,4,214,Lost
12502,2011-09-05 11:52:00,5,11171.61,96,3,4,5,345,Loyal Customers
12503,2010-05-04 13:59:00,1,3378.0,584,1,1,3,113,Lost
12504,2011-11-21 16:02:00,4,2337.15,18,5,3,3,533,Loyal Customers
12505,2010-10-27 09:18:00,1,2865.6,409,2,1,3,213,Lost
12506,2011-04-21 08:54:00,1,220.5,233,2,1,1,211,Lost
12507,2011-07-28 17:09:00,4,5532.18,134,3,3,4,334,Loyal Customers
12508,2011-11-13 15:37:00,2,1194.81,26,4,2,2,422,New Customers
12509,2011-02-28 14:45:00,1,529.5,284,2,1,1,211,Lost
12510,2011-07-20 10:15:00,9,15534.06,143,3,5,5,355,Loyal Customers
12511,2010-10-07 10:39:00,1,9252.06,429,1,1,5,115,Lost
12512,2011-10-04 14:55:00,2,414.09,66,3,2,1,321,Others
12513,2011-08-19 10:51:00,1,1836.87,113,3,1,2,312,Others
12514,2011-03-17 16:38:00,2,4793.28,267,2,2,4,224,Lost
12515,2010-12-21 15:43:00,1,1151.1,353,2,1,2,212,Lost
12516,2011-09-23 09:13:00,4,7945.86,78,3,3,4,334,Loyal Customers
12517,2011-11-11 14:04:00,5,7508.52,28,4,4,4,444,Champions
12518,2011-12-09 10:13:00,5,6170.67,1,5,4,4,544,Champions
12519,2011-10-07 09:26:00,2,2179.62,64,3,2,3,323,Others
12520,2011-09-21 15:23:00,5,7902.78,79,3,4,4,344,Loyal Customers
12521,2011-07-20 10:51:00,1,1799.04,143,3,1,2,312,Others
12522,2011-10-31 15:30:00,2,578.16,39,4,2,1,421,New Customers
12523,2011-11-20 12:55:00,23,13116.45,19,5,5,5,555,Champions
12524,2011-11-30 15:31:00,17,33378.33,9,5,5,5,555,Champions
12525,2010-07-29 16:08:00,3,2921.19,498,1,3,3,133,At Risk
12526,2011-12-09 12:09:00,3,3949.98,1,5,3,4,534,Loyal Customers
12527,2011-09-19 11:55:00,5,2206.53,82,3,4,3,343,Loyal Customers
12528,2011-11-30 14:40:00,6,5800.44,9,5,4,4,544,Champions
12529,2010-06-29 13:10:00,1,949.44,528,1,1,2,112,Lost
12530,2011-10-11 12:34:00,9,11277.78,60,3,5,5,355,Loyal Customers
12531,2011-11-25 11:12:00,2,5799.6,15,5,2,4,524,New Customers
12532,2011-11-09 13:47:00,1,1049.49,30,4,1,2,412,New Customers
12533,2010-03-22 10:56:00,2,4103.67,628,1,2,4,124,Lost
12534,2011-08-01 10:26:00,1,3267.54,131,3,1,3,313,Others
12535,2011-09-09 08:48:00,2,2149.05,92,3,2,3,323,Others
12536,2011-10-27 14:20:00,3,37805.49,43,4,3,5,435,Loyal Customers
12537,2010-10-27 08:36:00,1,2198.82,409,2,1,3,213,Lost
12538,2011-11-10 17:16:00,2,1921.35,29,4,2,3,423,New Customers
12539,2011-11-17 13:30:00,7,33644.25,22,4,4,5,445,Champions
12540,2011-11-20 11:31:00,33,66763.47,20,4,5,5,455,Champions
12541,2011-11-10 10:40:00,3,2943.54,30,4,3,3,433,Loyal Customers
12542,2010-08-12 19:12:00,2,1445.64,484,1,2,2,122,Lost
12543,2010-09-17 15:51:00,1,2940.75,448,1,1,3,113,Lost
12544,2011-11-03 16:15:00,1,1118.1,36,4,1,2,412,New Customers
12545,2011-09-25 13:39:00,2,3001.17,75,3,2,3,323,Others
12546,2011-10-24 12:09:00,2,3484.5,47,4,2,3,423,New Customers
12547,2011-05-26 12:38:00,3,1150.74,198,2,3,2,232,Others
12548,2011-06-26 15:35:00,1,285.6,166,3,1,1,311,Others
12549,2010-05-13 12:05:00,6,4727.04,576,1,4,4,144,At Risk
12550,2011-09-21 14:35:00,1,2894.49,79,3,1,3,313,Others
12551,2010-12-17 11:23:00,1,504.0,358,2,1,1,211,Lost
12552,2011-11-01 10:02:00,2,1313.46,39,4,2,2,422,New Customers
12553,2011-12-01 16:38:00,12,13826.25,8,5,5,5,555,Champions
12554,2010-09-17 12:29:00,1,1405.5,449,1,1,2,112,Lost
12555,2010-01-26 16:26:00,1,387.69,682,1,1,1,111,Lost
12556,2011-10-20 13:06:00,2,1811.13,50,4,2,2,422,New Customers
12557,2011-11-23 16:59:00,8,56148.42,16,5,4,5,545,Champions
12558,2011-12-02 10:41:00,1,809.88,8,5,1,1,511,New Customers
12559,2011-02-02 09:49:00,2,1685.13,311,2,2,2,222,Lost
12560,2011-12-04 13:54:00,3,6402.03,5,5,3,4,534,Loyal Customers
12561,2011-02-10 11:39:00,1,716.55,303,2,1,1,211,Lost
12562,2011-12-01 17:20:00,9,14900.76,8,5,5,5,555,Champions
12563,2010-10-27 09:52:00,1,747.72,409,2,1,1,211,Lost
12564,2011-03-23 14:55:00,1,1370.7,261,2,1,2,212,Lost
12565,2011-02-24 10:34:00,1,437.76,289,2,1,1,211,Lost
12566,2011-09-14 14:30:00,1,1054.95,86,3,1,2,312,Others
12567,2011-11-17 11:02:00,15,41129.58,23,4,5,5,455,Champions
12568,2010-03-05 09:15:00,1,210.0,645,1,1,1,111,Lost
12569,2011-12-07 16:24:00,32,12374.07,2,5,5,5,555,Champions
12570,2010-01-26 17:28:00,1,232.56,682,1,1,1,111,Lost
12571,2011-10-31 10:19:00,2,1558.83,40,4,2,2,422,New Customers
12572,2011-12-01 09:20:00,2,3061.26,9,5,2,3,523,New Customers
12573,2011-04-26 15:52:00,5,2152.23,227,2,4,3,243,At Risk
12574,2011-01-28 09:20:00,1,655.35,316,2,1,1,211,Lost
12575,2010-09-08 13:09:00,2,1868.46,457,1,2,3,123,Lost
12576,2011-11-04 10:11:00,8,6428.16,36,4,4,4,444,Champions
12577,2011-11-04 13:24:00,8,4961.25,35,4,4,4,444,Champions
12578,2011-11-18 13:30:00,4,13927.35,21,4,3,5,435,Loyal Customers
12579,2011-09-22 17:15:00,1,1321.26,78,3,1,2,312,Others
12580,2011-04-07 10:24:00,2,3158.7,247,2,2,3,223,Lost
12581,2011-10-31 08:56:00,1,593.13,40,4,1,1,411,New Customers
12582,2011-04-15 08:45:00,4,5941.2,239,2,3,4,234,At Risk
12583,2011-12-07 08:07:00,27,43342.32,3,5,5,5,555,Champions
12584,2011-12-06 09:35:00,9,7014.45,4,5,5,4,554,Champions
12585,2011-04-19 13:39:00,2,6120.3,234,2,2,4,224,Lost
12586,2011-11-22 16:24:00,4,6188.01,17,5,3,4,534,Loyal Customers
12587,2011-12-02 12:47:00,1,432.0,8,5,1,1,511,New Customers
12588,2011-10-31 15:01:00,4,2876.34,39,4,3,3,433,Loyal Customers
12589,2011-11-11 10:19:00,8,14086.98,29,4,4,5,445,Champions
12590,2011-05-12 14:52:00,2,29592.78,211,2,2,5,225,Lost
12591,2011-01-26 14:35:00,3,4056.45,317,2,3,4,234,At Risk
12592,2011-09-08 15:04:00,5,7747.98,92,3,4,4,344,Loyal Customers
12593,2011-08-23 12:43:00,3,1254.3,109,3,3,2,332,Loyal Customers
12594,2011-11-02 12:20:00,15,15270.33,38,4,5,5,455,Champions
12595,2010-07-23 09:10:00,1,897.06,505,1,1,2,112,Lost
12596,2011-10-19 13:02:00,2,1854.81,51,4,2,3,423,New Customers
12597,2011-11-20 13:33:00,4,11433.66,19,5,3,5,535,Loyal Customers
12598,2011-11-30 12:18:00,11,13602.27,10,5,5,5,555,Champions
12599,2011-11-10 13:34:00,13,6890.16,29,4,5,4,454,Champions
12600,2011-11-11 10:29:00,21,15131.76,29,4,5,5,455,Champions
12601,2011-06-03 10:17:00,6,2043.78,190,2,4,3,243,At Risk
12602,2011-10-12 11:22:00,1,459.36,59,4,1,1,411,New Customers
12603,2011-11-18 10:42:00,1,2217.6,22,4,1,3,413,New Customers
12604,2011-09-21 14:08:00,2,762.54,79,3,2,1,321,Others
12605,2010-11-28 14:18:00,4,3698.85,376,2,3,3,233,At Risk
12606,2010-01-26 16:23:00,1,63.0,682,1,1,1,111,Lost
12607,2011-10-10 16:06:00,1,4738.53,60,3,1,4,314,Others
12608,2010-10-31 10:49:00,1,1247.37,405,2,1,2,212,Lost
12609,2011-09-22 16:34:00,9,10307.58,78,3,5,5,355,Loyal Customers
12610,2011-11-17 09:34:00,5,6298.62,23,4,4,4,444,Champions
12611,2011-10-18 13:12:00,1,3579.96,52,4,1,3,413,New Customers
12612,2011-09-26 15:35:00,1,2112.12,74,3,1,3,313,Others
12613,2011-10-13 14:59:00,10,20505.21,57,4,5,5,455,Champions
12614,2011-03-07 10:22:00,1,946.8,278,2,1,2,212,Lost
12615,2011-12-07 15:02:00,8,17222.94,2,5,4,5,545,Champions
12616,2011-09-05 15:17:00,3,3393.3,95,3,3,3,333,Loyal Customers
12617,2011-11-10 14:39:00,1,1066.59,29,4,1,2,412,New Customers
12618,2011-11-18 11:10:00,1,531.93,22,4,1,1,411,New Customers
12619,2011-11-23 14:52:00,10,11344.14,16,5,5,5,555,Champions
12620,2011-11-25 10:20:00,3,4018.23,15,5,3,4,534,Loyal Customers
12621,2011-12-08 11:25:00,35,74327.43,2,5,5,5,555,Champions
12622,2011-04-21 16:39:00,1,540.3,232,2,1,1,211,Lost
12623,2011-03-08 13:50:00,7,11243.52,276,2,4,5,245,At Risk
12624,2011-08-25 15:04:00,2,1923.39,106,3,2,3,323,Others
12625,2011-05-12 09:54:00,4,15494.64,212,2,3,5,235,At Risk
12626,2011-11-16 16:06:00,9,19861.44,23,4,5,5,455,Champions
12627,2011-11-29 12:07:00,7,13435.59,11,5,4,5,545,Champions
12628,2011-12-05 13:15:00,3,2359.38,4,5,3,3,533,Loyal Customers
12629,2010-11-19 09:18:00,2,4674.66,386,2,2,4,224,Lost
12630,2011-11-30 10:48:00,2,3812.64,10,5,2,4,524,New Customers
12631,2011-10-13 13:53:00,6,10444.71,57,4,4,5,445,Champions
12632,2010-07-07 09:39:00,2,2414.64,521,1,2,3,123,Lost
12633,2011-10-12 11:40:00,7,17034.48,59,4,4,5,445,Champions
12634,2010-06-22 10:05:00,2,1470.0,536,1,2,2,122,Lost
12635,2011-09-11 11:04:00,4,8791.23,90,3,3,4,334,Loyal Customers
12636,2009-12-01 09:55:00,1,423.0,739,1,1,1,111,Lost
12637,2011-10-03 13:46:00,12,25020.93,67,3,5,5,355,Loyal Customers
12638,2011-11-06 13:11:00,2,2764.47,33,4,2,3,423,New Customers
12639,2011-04-15 12:48:00,3,3937.11,239,2,3,4,234,At Risk
12640,2011-11-16 11:52:00,3,3523.74,24,4,3,3,433,Loyal Customers
12641,2011-08-16 13:26:00,1,557.7,115,3,1,1,311,Others
12642,2011-11-14 15:03:00,3,3039.78,25,4,3,3,433,Loyal Customers
12643,2011-08-03 12:56:00,12,25051.26,128,3,5,5,355,Loyal Customers
12644,2011-08-02 10:33:00,4,5755.47,130,3,3,4,334,Loyal Customers
12645,2011-11-06 12:38:00,8,10617.9,34,4,4,5,445,Champions
12646,2011-12-05 10:14:00,2,4040.91,5,5,2,4,524,New Customers
12647,2011-11-17 12:56:00,36,53773.05,22,4,5,5,455,Champions
12648,2011-07-08 11:55:00,4,3336.0,155,3,3,3,333,Loyal Customers
12649,2011-08-24 14:41:00,8,6883.95,107,3,4,4,344,Loyal Customers
12650,2011-12-06 16:34:00,1,943.32,3,5,1,2,512,New Customers
12651,2011-01-09 12:46:00,4,1133.25,335,2,3,2,232,Others
12652,2011-01-12 15:00:00,2,3051.09,331,2,2,3,223,Lost
12653,2011-07-14 10:41:00,3,12482.49,149,3,3,5,335,Loyal Customers
12654,2011-11-29 10:10:00,5,1805.94,11,5,4,2,542,Loyal Customers
12655,2010-10-12 09:17:00,1,784.05,424,1,1,1,111,Lost
12656,2011-11-22 13:42:00,8,19223.49,17,5,4,5,545,Champions
12657,2011-11-28 15:47:00,4,4929.54,11,5,3,4,534,Loyal Customers
12658,2011-11-21 10:22:00,1,2058.15,19,5,1,3,513,New Customers
12659,2011-11-10 11:53:00,1,275.04,30,4,1,1,411,New Customers
12660,2011-11-28 13:26:00,1,735.3,11,5,1,1,511,New Customers
12661,2010-09-29 16:46:00,1,486.0,436,1,1,1,111,Lost
12662,2011-12-09 11:59:00,20,20964.06,1,5,5,5,555,Champions
12663,2010-03-25 09:40:00,2,718.2,625,1,2,1,121,Lost
12664,2011-12-01 17:07:00,11,18210.12,8,5,5,5,555,Champions
12665,2011-01-19 08:34:00,3,940.8,325,2,3,2,232,Others
12666,2010-11-10 16:40:00,1,3745.26,394,2,1,4,214,Lost
12667,2011-10-12 17:00:00,1,1860.39,58,4,1,3,413,New Customers
12668,2011-11-28 10:56:00,10,34334.04,12,5,5,5,555,Champions
12669,2011-07-12 09:54:00,3,8232.09,151,3,3,4,334,Loyal Customers
12670,2011-11-29 15:23:00,7,11280.87,10,5,4,5,545,Champions
12671,2010-04-12 16:30:00,1,7867.44,606,1,1,4,114,Lost
12672,2011-01-14 09:20:00,2,1311.15,330,2,2,2,222,Lost
12673,2011-12-04 13:55:00,3,3690.06,5,5,3,3,533,Loyal Customers
12674,2011-11-01 12:12:00,4,5911.8,39,4,3,4,434,Loyal Customers
12675,2010-06-04 09:49:00,2,2875.5,554,1,2,3,123,Lost
12676,2011-11-15 12:25:00,11,8529.27,25,4,5,4,454,Champions
12677,2010-06-02 14:30:00,2,1185.3,555,1,2,2,122,Lost
12678,2011-10-28 13:04:00,21,102843.54,42,4,5,5,455,Champions
12679,2011-10-12 12:30:00,4,3339.06,59,4,3,3,433,Loyal Customers
12680,2011-12-09 12:50:00,4,2642.43,1,5,3,3,533,Loyal Customers
12681,2011-11-25 11:33:00,45,92604.84,15,5,5,5,555,Champions
12682,2011-12-06 10:00:00,52,72101.73,4,5,5,5,555,Champions
12683,2011-12-05 16:31:00,21,38090.34,4,5,5,5,555,Champions
12684,2011-12-02 09:53:00,7,6850.89,8,5,4,4,544,Champions
12685,2011-11-11 13:46:00,6,8589.24,28,4,4,4,444,Champions
12686,2010-12-03 09:51:00,1,534.84,372,2,1,1,211,Lost
12687,2010-08-16 12:12:00,2,6416.73,481,1,2,4,124,Lost
12688,2011-08-18 08:49:00,1,14621.43,114,3,1,5,315,Others
12689,2011-11-14 08:31:00,2,3742.83,26,4,2,3,423,New Customers
12690,2011-05-18 09:09:00,1,1167.03,206,2,1,2,212,Lost
12691,2011-11-11 16:49:00,7,3511.2,28,4,4,3,443,Loyal Customers
12692,2010-03-12 14:02:00,1,332.85,637,1,1,1,111,Lost
12693,2011-08-04 17:51:00,7,5109.06,127,3,4,4,344,Loyal Customers
12694,2011-09-30 13:06:00,3,5530.05,70,3,3,4,334,Loyal Customers
12695,2011-12-02 13:22:00,7,4221.36,7,5,4,4,544,Champions
12696,2010-10-01 10:43:00,2,2555.73,435,1,2,3,123,Lost
12697,2011-11-11 08:47:00,3,2872.77,29,4,3,3,433,Loyal Customers
12698,2010-04-28 15:51:00,1,1019.25,590,1,1,2,112,Lost
12699,2010-10-18 12:07:00,1,1914.33,418,1,1,3,113,Lost
12700,2011-12-02 10:47:00,4,14819.97,8,5,3,5,535,Loyal Customers
12701,2011-09-21 10:47:00,6,7339.23,80,3,4,4,344,Loyal Customers
12702,2011-11-20 10:36:00,1,657.0,20,4,1,1,411,New Customers
12703,2011-09-29 17:52:00,4,3019.59,71,3,3,3,333,Loyal Customers
12704,2011-12-02 13:15:00,8,7022.52,7,5,4,4,544,Champions
12705,2011-11-24 13:17:00,14,35286.3,15,5,5,5,555,Champions
12707,2011-02-21 08:38:00,1,1810.26,292,2,1,2,212,Lost
12708,2011-11-10 09:52:00,18,15942.3,30,4,5,5,455,Champions
12709,2011-11-24 15:38:00,34,93280.02,15,5,5,5,555,Champions
12710,2011-09-04 12:00:00,3,3447.06,97,3,3,3,333,Loyal Customers
12711,2010-04-07 11:59:00,2,4017.15,612,1,2,4,124,Lost
12712,2011-11-11 08:19:00,21,21580.98,29,4,5,5,455,Champions
12713,2011-12-09 12:16:00,1,2545.65,1,5,1,3,513,New Customers
12714,2011-11-30 15:43:00,12,42281.13,9,5,5,5,555,Champions
12715,2011-08-25 15:22:00,1,1061.58,106,3,1,2,312,Others
12716,2011-12-06 08:55:00,2,3160.47,4,5,2,3,523,New Customers
12717,2011-07-11 14:47:00,3,3926.73,151,3,3,4,334,Loyal Customers
12718,2011-09-29 16:38:00,1,714.75,71,3,1,1,311,Others
12719,2011-12-04 13:45:00,2,1934.85,5,5,2,3,523,New Customers
12720,2011-12-07 08:03:00,30,24782.01,3,5,5,5,555,Champions
12721,2011-11-08 12:13:00,8,12039.24,32,4,4,5,445,Champions
12722,2011-09-15 14:50:00,4,2992.89,85,3,3,3,333,Loyal Customers
12723,2011-12-06 10:19:00,5,2175.21,4,5,4,3,543,Loyal Customers
12724,2011-12-04 16:02:00,7,6952.56,5,5,4,4,544,Champions
12725,2010-12-03 15:45:00,4,8083.68,371,2,3,4,234,At Risk
12726,2011-11-11 13:35:00,11,12043.8,28,4,5,5,455,Champions
12727,2011-11-29 11:46:00,10,17038.59,11,5,5,5,555,Champions
12728,2011-09-29 15:31:00,5,3210.51,71,3,4,3,343,Loyal Customers
12729,2011-08-18 11:40:00,1,1359.03,114,3,1,2,312,Others
12730,2010-07-06 12:19:00,1,2487.75,522,1,1,3,113,Lost
12731,2011-11-16 11:59:00,17,77327.13,24,4,5,5,455,Champions
12732,2011-06-13 11:33:00,1,708.78,180,3,1,1,311,Others
12733,2011-04-19 16:19:00,4,7274.61,234,2,3,4,234,At Risk
12734,2010-12-22 12:47:00,3,1918.95,353,2,3,3,233,At Risk
12735,2011-01-28 13:37:00,2,2338.71,315,2,2,3,223,Lost
12736,2011-01-11 07:57:00,1,702.0,333,2,1,1,211,Lost
12737,2010-07-29 12:29:00,2,11131.5,499,1,2,5,125,Lost
12738,2010-12-02 18:27:00,1,932.1,372,2,1,2,212,Lost
12739,2011-09-22 13:00:00,4,8180.19,78,3,3,4,334,Loyal Customers
12740,2011-10-07 10:44:00,1,1282.8,64,3,1,2,312,Others
12741,2010-06-28 14:36:00,2,1218.21,529,1,2,2,122,Lost
12742,2010-03-24 12:43:00,1,3604.56,626,1,1,3,113,Lost
12743,2011-07-28 16:21:00,2,1639.29,134,3,2,2,322,Others
12744,2011-10-19 11:18:00,11,75951.18,52,4,5,5,455,Champions
12745,2010-08-10 10:14:00,3,2776.23,487,1,3,3,133,At Risk
12746,2010-06-17 10:41:00,1,763.65,541,1,1,1,111,Lost
12747,2011-12-07 14:34:00,26,27829.62,2,5,5,5,555,Champions
12748,2011-12-09 12:20:00,337,169798.17,1,5,5,5,555,Champions
12749,2011-12-06 09:56:00,9,20692.08,4,5,5,5,555,Champions
12750,2011-08-03 09:13:00,1,827.64,129,3,1,1,311,Others
12751,2010-09-21 12:49:00,1,804.81,445,1,1,1,111,Lost
12752,2011-09-19 13:32:00,1,13100.34,81,3,1,5,315,Others
12753,2011-11-17 10:52:00,6,64288.17,23,4,4,5,445,Champions
12754,2011-04-18 09:00:00,3,9032.22,236,2,3,5,235,At Risk
12755,2011-03-04 12:42:00,11,27091.98,281,2,5,5,255,At Risk
12756,2011-09-14 09:31:00,1,336.24,87,3,1,1,311,Others
12757,2011-11-24 12:30:00,13,23571.3,16,5,5,5,555,Champions
12758,2011-08-15 10:22:00,7,29709.72,117,3,4,5,345,Loyal Customers
12759,2011-10-18 14:49:00,8,15062.22,52,4,4,5,445,Champions
12760,2010-09-10 08:50:00,1,1043.4,456,1,1,2,112,Lost
12761,2010-09-08 12:17:00,2,2348.85,458,1,2,3,123,Lost
12762,2011-12-02 10:23:00,2,5695.56,8,5,2,4,524,New Customers
12763,2011-07-24 14:12:00,2,2442.48,138,3,2,3,323,Others
12764,2011-01-27 10:19:00,1,5081.64,317,2,1,4,214,Lost
12765,2010-08-24 13:51:00,6,4213.74,472,1,4,4,144,At Risk
12766,2011-12-06 08:46:00,9,30204.84,4,5,5,5,555,Champions
12767,2010-11-29 09:38:00,1,2849.46,376,2,1,3,213,Lost
12768,2010-09-15 12:08:00,1,506.07,451,1,1,1,111,Lost
12769,2011-04-15 10:25:00,1,3430.8,239,2,1,3,213,Lost
12770,2011-05-13 09:33:00,2,9739.35,211,2,2,5,225,Lost
12771,2010-08-11 11:51:00,1,846.9,486,1,1,1,111,Lost
12772,2011-10-11 09:19:00,1,2677.41,60,3,1,3,313,Others
12773,2010-05-24 17:30:00,1,372.75,564,1,1,1,111,Lost
12774,2010-06-22 10:38:00,1,296.1,536,1,1,1,111,Lost
12775,2011-11-22 16:33:00,7,5058.36,17,5,4,4,544,Champions
12776,2010-02-10 12:11:00,1,166.5,668,1,1,1,111,Lost
12777,2010-09-08 11:35:00,1,1558.35,458,1,1,2,112,Lost
12778,2011-11-20 11:30:00,9,5327.04,20,4,5,4,454,Champions
12779,2011-11-02 11:43:00,14,20166.81,38,4,5,5,455,Champions
12780,2010-04-20 09:40:00,1,1012.2,599,1,1,2,112,Lost
12781,2011-10-07 10:37:00,2,2480.22,64,3,2,3,323,Others
12782,2011-12-05 09:16:00,11,13854.72,5,5,5,5,555,Champions
12783,2011-12-07 15:56:00,6,6677.73,2,5,4,4,544,Champions
12784,2011-11-30 15:38:00,3,5414.25,9,5,3,4,534,Loyal Customers
12785,2010-12-10 13:48:00,3,3301.2,364,2,3,3,233,At Risk
12786,2010-04-09 12:12:00,1,2185.5,610,1,1,3,113,Lost
12787,2011-11-30 08:44:00,4,2586.54,10,5,3,3,533,Loyal Customers
12788,2010-09-02 14:21:00,4,1334.7,463,1,3,2,132,Others
12789,2011-10-05 13:34:00,3,820.05,65,3,3,1,331,Loyal Customers
12790,2011-05-31 14:14:00,2,1775.55,192,2,2,2,222,Lost
12791,2010-12-01 11:27:00,6,3168.33,374,2,4,3,243,At Risk
12792,2011-03-28 11:36:00,2,2481.03,257,2,2,3,223,Lost
12793,2011-01-09 12:12:00,3,3051.99,335,2,3,3,233,At Risk
12794,2011-10-17 14:54:00,2,2581.23,53,4,2,3,423,New Customers
12795,2011-11-21 10:27:00,1,1291.44,19,5,1,2,512,New Customers
12796,2010-03-21 15:49:00,1,1143.0,628,1,1,2,112,Lost
12797,2010-12-09 10:55:00,2,2418.33,366,2,2,3,223,Lost
12798,2011-11-29 15:52:00,4,25532.79,10,5,3,5,535,Loyal Customers
12799,2010-06-28 15:57:00,1,658.05,529,1,1,1,111,Lost
12800,2010-08-26 14:11:00,3,1752.75,470,1,3,2,132,Others
12801,2010-07-27 09:38:00,1,3215.46,501,1,1,3,113,Lost
12802,2011-06-06 09:36:00,7,7249.26,187,3,4,4,344,Loyal Customers
12803,2010-11-11 14:57:00,1,3278.43,393,2,1,3,213,Lost
12804,2010-08-31 11:58:00,2,981.06,466,1,2,2,122,Lost
12805,2010-11-23 12:27:00,4,4304.85,382,2,3,4,234,At Risk
12806,2010-09-30 13:34:00,4,8636.88,435,1,3,4,134,At Risk
12807,2010-11-21 14:21:00,1,991.05,383,2,1,2,212,Lost
12808,2011-11-03 10:05:00,5,2718.3,37,4,4,3,443,Loyal Customers
12809,2011-06-15 10:51:00,3,5267.82,178,3,3,4,334,Loyal Customers
12810,2010-06-23 10:53:00,2,1604.97,535,1,2,2,122,Lost
12811,2011-03-24 09:42:00,5,3101.7,261,2,4,3,243,At Risk
12812,2011-10-26 09:54:00,1,688.92,45,4,1,1,411,New Customers
12813,2010-07-26 09:50:00,3,5063.4,502,1,3,4,134,At Risk
12814,2011-08-30 12:11:00,1,377.76,102,3,1,1,311,Others
12815,2011-07-15 10:21:00,2,3190.38,148,3,2,3,323,Others
12816,2011-09-05 12:41:00,2,1716.6,96,3,2,2,322,Others
12817,2011-03-03 16:28:00,3,2072.94,281,2,3,3,233,At Risk
12818,2011-03-23 12:06:00,1,4626.24,262,2,1,4,214,Lost
12819,2010-09-07 15:20:00,1,1621.56,458,1,1,2,112,Lost
12820,2011-12-06 15:12:00,11,8068.56,3,5,5,4,554,Champions
12821,2011-05-09 15:51:00,2,662.4,214,2,2,1,221,Lost
12822,2011-09-30 10:04:00,2,2846.64,71,3,2,3,323,Others
12823,2011-09-26 07:35:00,18,19504.5,75,3,5,5,355,Loyal Customers
12824,2011-10-11 12:49:00,1,1191.36,60,3,1,2,312,Others
12825,2010-07-06 13:56:00,2,1555.89,521,1,2,2,122,Lost
12826,2011-12-07 10:25:00,12,8867.25,3,5,5,4,554,Champions
12827,2011-12-04 12:17:00,3,1290.45,6,5,3,2,532,Loyal Customers
12828,2011-12-07 08:45:00,6,3056.13,3,5,4,3,543,Loyal Customers
12829,2011-01-07 11:13:00,3,1155.9,337,2,3,2,232,Others
12830,2011-11-02 11:54:00,6,20443.92,38,4,4,5,445,Champions
12831,2011-03-22 13:02:00,3,1353.33,262,2,3,2,232,Others
12832,2011-11-07 13:30:00,2,1149.09,32,4,2,2,422,New Customers
12833,2011-07-17 13:46:00,1,1252.14,145,3,1,2,312,Others
12834,2011-03-02 09:49:00,1,937.14,283,2,1,2,212,Lost
12835,2010-10-08 10:59:00,41,18129.93,428,1,5,5,155,At Risk
12836,2011-10-11 15:10:00,15,19756.86,59,4,5,5,455,Champions
12837,2011-06-19 16:07:00,2,2065.23,173,3,2,3,323,Others
12838,2011-11-06 12:20:00,10,10195.44,34,4,5,5,455,Champions
12839,2011-12-07 12:33:00,26,30215.19,3,5,5,5,555,Champions
12840,2011-07-19 09:29:00,7,12125.91,144,3,4,5,345,Loyal Customers
12841,2011-12-05 11:13:00,40,22622.04,5,5,5,5,555,Champions
12842,2011-09-30 15:33:00,4,5753.97,70,3,3,4,334,Loyal Customers
12843,2011-10-05 12:09:00,30,19765.23,66,3,5,5,355,Loyal Customers
12844,2011-11-10 13:31:00,4,1945.8,29,4,3,3,433,Loyal Customers
12845,2011-03-17 13:34:00,4,1062.27,267,2,3,2,232,Others
12846,2010-01-26 16:29:00,1,46.74,682,1,1,1,111,Lost
12847,2011-11-17 13:16:00,2,4910.7,22,4,2,4,424,New Customers
12848,2010-02-02 12:45:00,1,624.0,676,1,1,1,111,Lost
12849,2011-11-08 13:41:00,6,9271.68,31,4,4,5,445,Champions
12850,2010-09-20 12:26:00,1,990.0,446,1,1,2,112,Lost
12851,2011-09-04 12:41:00,2,852.39,97,3,2,1,321,Others
12852,2011-02-18 08:47:00,1,934.65,295,2,1,2,212,Lost
12853,2011-07-28 11:29:00,11,11722.5,135,3,5,5,355,Loyal Customers
12854,2011-09-22 12:15:00,7,8982.06,79,3,4,5,345,Loyal Customers
12855,2010-12-02 09:37:00,4,1952.82,373,2,3,3,233,At Risk
12856,2011-12-02 10:52:00,6,6539.79,8,5,4,4,544,Champions
12857,2011-05-13 10:20:00,6,11064.0,211,2,4,5,245,At Risk
12858,2010-11-21 12:55:00,1,533.76,383,2,1,1,211,Lost
12859,2010-09-07 12:20:00,1,1725.3,459,1,1,2,112,Lost
12860,2010-01-15 15:22:00,1,166.41,693,1,1,1,111,Lost
12861,2010-03-30 11:39:00,1,204.75,620,1,1,1,111,Lost
12862,2010-10-10 11:47:00,2,3024.96,426,1,2,3,123,Lost
12863,2011-10-18 14:15:00,6,8377.65,52,4,4,4,444,Champions
12864,2011-07-24 13:03:00,2,898.71,138,3,2,2,322,Others
12865,2011-11-13 14:31:00,4,9970.41,26,4,3,5,435,Loyal Customers
12866,2011-03-01 14:11:00,3,3682.05,283,2,3,3,233,At Risk
12867,2011-11-13 15:30:00,13,23739.87,26,4,5,5,455,Champions
12868,2011-06-07 10:42:00,8,6741.18,186,3,4,4,344,Loyal Customers
12869,2010-01-27 12:10:00,1,1013.01,682,1,1,2,112,Lost
12870,2010-11-29 13:42:00,3,5030.85,375,2,3,4,234,At Risk
12871,2011-09-16 15:07:00,3,2232.06,84,3,3,3,333,Loyal Customers
12872,2011-01-17 10:52:00,12,11056.47,327,2,5,5,255,At Risk
12873,2011-03-02 14:58:00,3,6081.9,282,2,3,4,234,At Risk
12874,2010-11-19 15:23:00,2,2845.26,385,2,2,3,223,Lost
12875,2011-07-19 15:30:00,5,4070.97,143,3,4,4,344,Loyal Customers
12876,2011-10-13 12:26:00,4,12245.37,58,4,3,5,435,Loyal Customers
12877,2011-12-06 10:30:00,20,8865.51,4,5,5,4,554,Champions
12878,2011-04-17 13:07:00,2,2564.97,236,2,2,3,223,Lost
12879,2011-10-26 12:24:00,3,1719.66,45,4,3,2,432,Loyal Customers
12880,2010-11-23 10:50:00,2,1920.39,382,2,2,3,223,Lost
12881,2011-03-09 11:44:00,1,894.0,276,2,1,2,212,Lost
12882,2011-11-30 16:18:00,2,4389.12,9,5,2,4,524,New Customers
12883,2011-11-15 09:32:00,4,2110.41,25,4,3,3,433,Loyal Customers
12884,2011-09-12 13:10:00,1,927.15,88,3,1,2,312,Others
12885,2011-10-07 13:40:00,3,3525.66,63,3,3,3,333,Loyal Customers
12886,2011-10-03 10:09:00,2,4135.2,68,3,2,4,324,Others
12887,2010-11-21 11:18:00,1,667.2,384,2,1,1,211,Lost
12888,2011-05-09 16:02:00,2,1062.36,214,2,2,2,222,Lost
12889,2010-11-23 16:08:00,4,1156.38,381,2,3,2,232,Others
12890,2011-11-15 17:26:00,2,2151.81,24,4,2,3,423,New Customers
12891,2011-06-07 12:31:00,11,2521.5,186,3,5,3,353,Loyal Customers
12892,2010-11-08 09:51:00,1,790.14,397,2,1,1,211,Lost
12893,2011-11-09 12:34:00,1,564.42,31,4,1,1,411,New Customers
12894,2010-05-13 14:47:00,1,472.05,575,1,1,1,111,Lost
12895,2011-10-28 13:51:00,2,1118.4,42,4,2,2,422,New Customers
12897,2011-05-19 12:13:00,4,1542.75,205,2,3,2,232,Others
12898,2010-09-02 08:08:00,2,932.88,464,1,2,2,122,Lost
12899,2010-10-22 09:53:00,1,1099.2,414,1,1,2,112,Lost
12900,2010-10-13 15:17:00,1,1020.99,422,1,1,2,112,Lost
12901,2011-12-01 10:07:00,28,52963.62,9,5,5,5,555,Champions
12902,2011-03-20 12:06:00,1,416.04,265,2,1,1,211,Lost
12903,2010-10-07 12:39:00,1,2500.59,429,1,1,3,113,Lost
12904,2011-11-21 14:34:00,2,1528.74,18,5,2,2,522,New Customers
12905,2010-05-12 10:05:00,2,3055.26,577,1,2,3,123,Lost
12906,2011-11-28 09:55:00,5,8759.43,12,5,4,4,544,Champions
12907,2010-11-09 12:08:00,2,1526.73,396,2,2,2,222,Lost
12908,2011-06-16 15:39:00,5,5328.0,176,3,4,4,344,Loyal Customers
12909,2011-10-31 12:43:00,8,9309.57,40,4,4,5,445,Champions
12910,2011-11-16 14:28:00,13,17389.56,23,4,5,5,455,Champions
12911,2010-06-06 12:13:00,1,5041.41,552,1,1,4,114,Lost
12912,2011-12-07 08:55:00,5,4986.9,3,5,4,4,544,Champions
12913,2011-12-05 12:11:00,13,20102.58,5,5,5,5,555,Champions
12914,2010-11-04 12:28:00,1,671.94,401,2,1,1,211,Lost
12915,2011-07-14 11:34:00,4,3524.25,149,3,3,3,333,Loyal Customers
12916,2011-07-24 10:35:00,7,13962.06,139,3,4,5,345,Loyal Customers
12917,2011-08-03 16:42:00,6,13077.6,128,3,4,5,345,Loyal Customers
12918,2010-03-23 15:22:00,1,32860.5,626,1,1,5,115,Lost
12919,2011-12-01 13:47:00,6,4005.57,8,5,4,4,544,Champions
12920,2011-11-22 15:05:00,4,1464.27,17,5,3,2,532,Loyal Customers
12921,2011-11-30 16:22:00,74,107763.12,9,5,5,5,555,Champions
12922,2011-07-01 15:35:00,1,1216.14,161,3,1,2,312,Others
12923,2011-10-06 16:20:00,3,2369.61,64,3,3,3,333,Loyal Customers
12924,2011-09-12 13:55:00,12,7408.2,88,3,5,4,354,Loyal Customers
12925,2011-12-05 11:11:00,3,2187.99,5,5,3,3,533,Loyal Customers
12926,2010-10-24 15:57:00,4,4645.38,411,2,3,4,234,At Risk
12927,2010-11-10 10:02:00,1,591.93,395,2,1,1,211,Lost
12928,2011-11-04 14:24:00,12,12914.67,35,4,5,5,455,Champions
12929,2011-02-01 12:08:00,1,353.55,312,2,1,1,211,Lost
12930,2011-09-22 15:18:00,2,1247.4,78,3,2,2,322,Others
12931,2011-11-18 12:39:00,57,277042.02,22,4,5,5,455,Champions
12932,2010-06-18 14:22:00,8,5095.68,539,1,4,4,144,At Risk
12933,2011-11-15 16:38:00,8,5061.09,24,4,4,4,444,Champions
12934,2009-12-03 10:51:00,1,544.95,737,1,1,1,111,Lost
12935,2011-12-07 17:25:00,15,12731.58,2,5,5,5,555,Champions
12936,2011-11-22 17:32:00,4,3191.7,17,5,3,3,533,Loyal Customers
12937,2011-11-24 15:05:00,9,9292.83,15,5,5,5,555,Champions
12938,2011-11-14 11:21:00,1,342.42,26,4,1,1,411,New Customers
12939,2011-10-06 14:33:00,20,75794.4,64,3,5,5,355,Loyal Customers
12940,2011-10-16 12:09:00,2,2740.62,55,4,2,3,423,New Customers
12941,2009-12-15 13:12:00,1,1132.47,724,1,1,2,112,Lost
12942,2011-07-31 14:39:00,3,2827.95,131,3,3,3,333,Loyal Customers
12943,2010-05-30 13:52:00,2,1489.5,558,1,2,2,122,Lost
12944,2011-11-04 11:04:00,2,1813.53,36,4,2,2,422,New Customers
12945,2011-02-24 14:15:00,2,2700.33,288,2,2,3,223,Lost
12946,2010-09-29 10:14:00,1,973.35,437,1,1,2,112,Lost
12947,2011-07-19 10:06:00,6,5724.09,144,3,4,4,344,Loyal Customers
12948,2011-11-23 17:10:00,9,6952.29,16,5,5,4,554,Champions
12949,2011-11-09 11:25:00,22,46580.1,31,4,5,5,455,Champions
12950,2011-12-07 13:17:00,3,5529.0,2,5,3,4,534,Loyal Customers
12951,2011-12-01 12:14:00,15,9641.16,9,5,5,5,555,Champions
12952,2011-12-04 10:35:00,4,4163.37,6,5,3,4,534,Loyal Customers
12953,2011-11-30 09:24:00,2,2486.43,10,5,2,3,523,New Customers
12954,2010-03-11 10:16:00,1,487.35,639,1,1,1,111,Lost
12955,2011-12-08 16:29:00,11,14271.48,1,5,5,5,555,Champions
12956,2011-02-06 16:08:00,4,1565.67,306,2,3,2,232,Others
12957,2011-11-30 09:53:00,13,26120.91,10,5,5,5,555,Champions
12958,2010-11-04 16:16:00,2,1618.47,400,2,2,2,222,Lost
12959,2010-08-12 17:20:00,1,452.85,484,1,1,1,111,Lost
12960,2010-10-22 09:31:00,4,3966.21,414,1,3,4,134,At Risk
12961,2010-11-25 16:44:00,1,635.97,379,2,1,1,211,Lost
12962,2011-12-02 15:55:00,2,799.17,7,5,2,1,521,New Customers
12963,2011-12-01 12:55:00,12,10804.77,8,5,5,5,555,Champions
12964,2010-09-28 17:47:00,1,396.72,437,1,1,1,111,Lost
12965,2011-09-11 15:31:00,1,2315.73,89,3,1,3,313,Others
12966,2011-11-30 12:38:00,1,480.54,10,5,1,1,511,New Customers
12967,2010-12-16 19:10:00,3,12920.76,358,2,3,5,235,At Risk
12968,2011-08-19 15:44:00,1,407.85,112,3,1,1,311,Others
12969,2010-04-16 10:50:00,1,367.35,603,1,1,1,111,Lost
12970,2011-12-02 14:30:00,10,4574.91,7,5,5,4,554,Champions
12971,2011-12-06 12:20:00,116,47918.37,4,5,5,5,555,Champions
12972,2010-10-22 08:41:00,4,3483.6,414,1,3,3,133,At Risk
12973,2010-10-22 10:14:00,1,1156.65,414,1,1,2,112,Lost
12974,2011-05-26 09:33:00,2,1226.85,198,2,2,2,222,Lost
12975,2010-09-29 09:46:00,6,6300.27,437,1,4,4,144,At Risk
12976,2011-05-12 09:55:00,8,9469.14,212,2,4,5,245,At Risk
12977,2011-07-06 16:40:00,4,1552.89,156,3,3,2,332,Loyal Customers
12978,2010-11-19 14:29:00,5,7508.46,385,2,4,4,244,At Risk
12979,2009-12-10 15:45:00,1,1553.1,729,1,1,2,112,Lost
12980,2011-07-05 09:34:00,21,48737.34,158,3,5,5,355,Loyal Customers
12981,2011-11-10 12:00:00,2,1116.66,30,4,2,2,422,New Customers
12982,2011-04-11 11:51:00,8,8234.43,243,2,4,4,244,At Risk
12983,2010-04-20 12:58:00,1,1470.24,598,1,1,2,112,Lost
12984,2011-11-21 12:37:00,1,292.5,19,5,1,1,511,New Customers
12985,2011-12-09 10:46:00,2,3718.14,1,5,2,3,523,New Customers
12986,2010-10-07 11:57:00,10,8189.52,429,1,5,4,154,At Risk
12987,2011-09-27 12:03:00,5,3936.63,74,3,4,4,344,Loyal Customers
12988,2011-02-20 14:31:00,1,1605.96,292,2,1,2,212,Lost
12989,2011-12-06 15:28:00,33,40655.25,3,5,5,5,555,Champions
12990,2011-11-08 13:01:00,7,2866.5,31,4,4,3,443,Loyal Customers
12991,2011-11-16 15:34:00,3,2294.46,23,4,3,3,433,Loyal Customers
12992,2009-12-14 16:46:00,1,280.05,725,1,1,1,111,Lost
12993,2011-11-16 15:49:00,8,3778.89,23,4,4,4,444,Champions
12994,2011-12-05 15:43:00,3,2923.26,4,5,3,3,533,Loyal Customers
12995,2011-09-15 15:44:00,1,633.96,85,3,1,1,311,Others
12996,2010-11-29 09:27:00,1,1066.5,376,2,1,2,212,Lost
12997,2011-11-17 15:47:00,8,6332.73,22,4,4,4,444,Champions
12998,2010-08-04 08:05:00,3,2760.24,493,1,3,3,133,At Risk
12999,2011-05-27 13:24:00,3,1367.64,196,2,3,2,232,Others
13000,2011-08-25 10:43:00,4,3097.5,107,3,3,3,333,Loyal Customers
13001,2011-12-05 14:51:00,33,72516.3,4,5,5,5,555,Champions
13002,2011-01-25 15:18:00,3,1242.39,318,2,3,2,232,Others
13003,2011-08-26 10:50:00,3,447.15,106,3,3,1,331,Loyal Customers
13004,2011-11-28 11:27:00,36,34952.55,12,5,5,5,555,Champions
13005,2011-06-19 10:53:00,4,2999.04,174,3,3,3,333,Loyal Customers
13006,2011-10-14 13:49:00,1,244.71,56,4,1,1,411,New Customers
13007,2010-05-09 10:38:00,1,525.75,580,1,1,1,111,Lost
13008,2011-01-20 14:24:00,3,1836.39,323,2,3,2,232,Others
13009,2010-02-05 12:22:00,1,702.0,673,1,1,1,111,Lost
13010,2010-11-30 15:09:00,2,990.36,374,2,2,2,222,Lost
13011,2010-12-02 17:22:00,1,303.3,372,2,1,1,211,Lost
13012,2011-11-30 13:05:00,11,8918.49,9,5,5,5,555,Champions
13013,2011-12-08 15:01:00,29,37877.31,1,5,5,5,555,Champions
13014,2011-11-29 12:27:00,11,16143.24,11,5,5,5,555,Champions
13015,2011-10-17 13:19:00,11,19759.26,53,4,5,5,455,Champions
13016,2011-09-27 14:08:00,3,2369.67,73,3,3,3,333,Loyal Customers
13017,2011-12-02 15:53:00,1,612.0,7,5,1,1,511,New Customers
13018,2011-11-23 13:28:00,35,29289.48,16,5,5,5,555,Champions
13019,2010-11-25 14:56:00,6,3689.85,379,2,4,3,243,At Risk
13020,2010-05-26 11:12:00,2,1856.88,563,1,2,3,123,Lost
13021,2011-12-05 16:37:00,17,14661.72,4,5,5,5,555,Champions
13022,2010-10-06 10:50:00,1,195.9,430,1,1,1,111,Lost
13023,2011-10-06 16:27:00,3,4347.09,64,3,3,4,334,Loyal Customers
13024,2010-08-26 09:42:00,2,1667.61,471,1,2,2,122,Lost
13025,2009-12-08 10:02:00,1,970.17,732,1,1,2,112,Lost
13026,2011-12-08 16:58:00,9,5199.24,1,5,5,4,554,Champions
13027,2011-08-18 09:39:00,19,52005.6,114,3,5,5,355,Loyal Customers
13028,2011-11-17 11:10:00,2,1983.96,23,4,2,3,423,New Customers
13029,2011-11-09 09:13:00,5,5781.9,31,4,4,4,444,Champions
13030,2011-11-28 14:30:00,2,3681.66,11,5,2,3,523,New Customers
13031,2010-10-28 15:34:00,5,10257.81,407,2,4,5,245,At Risk
13032,2011-10-18 15:54:00,9,8530.65,52,4,5,4,454,Champions
13033,2010-12-17 14:23:00,2,661.65,357,2,2,1,221,Lost
13034,2011-10-16 12:21:00,3,2768.04,55,4,3,3,433,Loyal Customers
13035,2011-09-27 08:57:00,3,4092.6,74,3,3,4,334,Loyal Customers
13036,2010-01-24 11:35:00,1,921.3,685,1,1,2,112,Lost
13037,2011-07-24 15:46:00,12,11744.85,138,3,5,5,355,Loyal Customers
13038,2011-09-20 14:37:00,3,2725.38,80,3,3,3,333,Loyal Customers
13039,2010-05-04 16:45:00,4,3032.19,584,1,3,3,133,At Risk
13040,2011-12-01 10:38:00,2,2030.97,9,5,2,3,523,New Customers
13041,2010-09-15 11:44:00,4,2397.39,451,1,3,3,133,At Risk
13042,2010-04-20 13:43:00,3,4669.62,598,1,3,4,134,At Risk
13043,2011-03-11 14:52:00,1,1549.26,273,2,1,2,212,Lost
13044,2011-02-21 15:20:00,11,14561.7,291,2,5,5,255,At Risk
13045,2011-09-01 15:04:00,3,2426.76,99,3,3,3,333,Loyal Customers
13046,2011-11-09 08:36:00,3,2847.75,31,4,3,3,433,Loyal Customers
13047,2011-11-08 12:06:00,24,26385.48,32,4,5,5,455,Champions
13048,2011-11-25 13:23:00,9,12252.63,14,5,5,5,555,Champions
13049,2011-10-06 15:31:00,4,4224.72,64,3,3,4,334,Loyal Customers
13050,2011-11-25 09:18:00,35,37033.59,15,5,5,5,555,Champions
13051,2010-05-10 09:14:00,2,467.4,579,1,2,1,121,Lost
13052,2011-05-11 14:12:00,7,9505.59,212,2,4,5,245,At Risk
13053,2010-03-28 11:28:00,1,382.95,622,1,1,1,111,Lost
13055,2011-09-22 14:26:00,4,6963.33,78,3,3,4,334,Loyal Customers
13056,2010-06-06 14:10:00,1,628.44,551,1,1,1,111,Lost
13057,2010-06-27 15:44:00,3,2166.27,530,1,3,3,133,At Risk
13058,2011-11-15 12:43:00,3,814.2,25,4,3,1,431,Loyal Customers
13059,2011-04-04 10:40:00,10,6909.51,250,2,5,4,254,At Risk
13060,2011-03-31 11:37:00,1,922.59,254,2,1,2,212,Lost
13061,2011-09-28 16:04:00,1,745.83,72,3,1,1,311,Others
13062,2011-06-01 15:12:00,1,1040.94,191,2,1,2,212,Lost
13063,2010-08-16 12:27:00,1,565.2,481,1,1,1,111,Lost
13064,2011-11-27 12:31:00,6,5042.22,13,5,4,4,544,Champions
13065,2010-12-01 16:52:00,5,3782.73,373,2,4,4,244,At Risk
13066,2011-11-15 12:57:00,2,1412.4,24,4,2,2,422,New Customers
13067,2011-09-18 13:38:00,3,1525.53,82,3,3,2,332,Loyal Customers
13068,2011-11-29 15:00:00,2,1032.0,10,5,2,2,522,New Customers
13069,2011-12-09 08:39:00,38,29049.39,1,5,5,5,555,Champions
13070,2011-05-31 13:45:00,4,2255.1,192,2,3,3,233,At Risk
13071,2010-04-06 13:37:00,1,387.66,612,1,1,1,111,Lost
13072,2011-03-18 08:12:00,1,531.45,267,2,1,1,211,Lost
13073,2010-10-24 14:06:00,2,1254.24,411,2,2,2,222,Lost
13074,2010-07-16 16:53:00,4,4136.22,511,1,3,4,134,At Risk
13075,2011-08-02 10:19:00,1,2758.83,130,3,1,3,313,Others
13076,2010-09-08 10:27:00,1,406.2,458,1,1,1,111,Lost
13077,2011-12-08 19:24:00,11,9194.01,1,5,5,5,555,Champions
13078,2011-12-06 15:36:00,57,88597.35,3,5,5,5,555,Champions
13079,2011-12-05 16:53:00,6,1257.54,4,5,4,2,542,Loyal Customers
13080,2011-06-13 14:59:00,4,842.19,179,3,3,1,331,Loyal Customers
13081,2011-11-28 10:54:00,28,177615.45,12,5,5,5,555,Champions
13082,2011-08-05 16:16:00,21,22007.25,126,3,5,5,355,Loyal Customers
13083,2011-12-05 15:01:00,3,1186.29,4,5,3,2,532,Loyal Customers
13084,2010-08-05 08:49:00,1,367.2,492,1,1,1,111,Lost
13085,2011-07-05 12:11:00,8,7299.84,158,3,4,4,344,Loyal Customers
13086,2010-11-22 10:28:00,1,1317.99,383,2,1,2,212,Lost
13087,2009-12-13 15:16:00,1,940.92,726,1,1,2,112,Lost
13088,2010-10-18 15:35:00,1,708.33,417,1,1,1,111,Lost
13089,2011-12-07 09:02:00,203,350213.58,3,5,5,5,555,Champions
13090,2011-12-01 12:39:00,24,42309.27,9,5,5,5,555,Champions
13091,2011-11-11 15:54:00,3,6965.46,28,4,3,4,434,Loyal Customers
13092,2011-09-30 11:18:00,12,6420.84,71,3,5,4,354,Loyal Customers
13093,2011-03-09 12:14:00,55,164830.95,276,2,5,5,255,At Risk
13094,2011-11-18 14:07:00,13,7299.36,21,4,5,4,454,Champions
13095,2011-09-30 12:03:00,1,223.2,71,3,1,1,311,Others
13096,2010-11-10 14:08:00,1,1259.1,394,2,1,2,212,Lost
13097,2011-11-07 10:43:00,28,40167.66,33,4,5,5,455,Champions
13098,2011-12-08 14:14:00,28,86647.32,1,5,5,5,555,Champions
13099,2011-09-01 17:40:00,1,622.08,99,3,1,1,311,Others
13101,2011-04-19 14:37:00,4,2086.2,234,2,3,3,233,At Risk
13102,2011-12-08 12:52:00,37,35090.76,1,5,5,5,555,Champions
13103,2011-10-31 09:38:00,3,2128.92,40,4,3,3,433,Loyal Customers
13104,2011-12-06 13:10:00,9,5127.3,3,5,5,4,554,Champions
13105,2010-09-29 13:41:00,1,216.0,436,1,1,1,111,Lost
13106,2011-07-29 15:12:00,2,1810.38,133,3,2,2,322,Others
13107,2011-10-26 14:52:00,9,15759.21,44,4,5,5,455,Champions
13108,2010-12-02 10:35:00,2,3295.56,373,2,2,3,223,Lost
13109,2011-10-11 10:16:00,3,3402.09,60,3,3,3,333,Loyal Customers
13110,2011-11-08 14:30:00,12,8872.41,31,4,5,4,454,Champions
13111,2009-12-21 09:00:00,1,965.64,719,1,1,2,112,Lost
13112,2010-06-16 17:03:00,1,61.8,541,1,1,1,111,Lost
13113,2011-12-09 12:49:00,37,55877.19,1,5,5,5,555,Champions
13114,2009-12-09 09:56:00,1,703.14,731,1,1,1,111,Lost
13115,2011-11-28 12:38:00,10,16484.1,12,5,5,5,555,Champions
13116,2011-07-24 14:33:00,1,1503.42,138,3,1,2,312,Others
13117,2011-11-18 12:02:00,18,7931.43,22,4,5,4,454,Champions
13118,2011-11-20 12:46:00,9,7246.23,20,4,5,4,454,Champions
13119,2010-02-09 08:38:00,1,404.7,669,1,1,1,111,Lost
13120,2011-04-15 10:19:00,1,91.8,239,2,1,1,211,Lost
13121,2011-03-15 16:47:00,1,851.19,269,2,1,1,211,Lost
13122,2011-09-06 15:53:00,2,2767.17,94,3,2,3,323,Others
13123,2010-08-24 10:18:00,2,1520.25,473,1,2,2,122,Lost
13124,2011-09-11 12:45:00,4,14347.35,90,3,3,5,335,Loyal Customers
13125,2010-07-04 11:58:00,1,475.71,524,1,1,1,111,Lost
13126,2011-12-05 10:00:00,13,11994.75,5,5,5,5,555,Champions
13127,2011-09-23 10:26:00,1,777.51,78,3,1,1,311,Others
13128,2010-03-18 15:08:00,1,790.5,631,1,1,1,111,Lost
13129,2010-09-13 13:47:00,2,699.75,452,1,2,1,121,Lost
13130,2011-09-06 15:30:00,1,192.0,94,3,1,1,311,Others
13131,2011-11-16 13:21:00,7,9941.31,23,4,4,5,445,Champions
13132,2011-03-23 12:44:00,1,231.9,262,2,1,1,211,Lost
13133,2011-03-11 10:31:00,3,601.35,274,2,3,1,231,Others
13134,2011-09-15 10:35:00,6,7425.69,86,3,4,4,344,Loyal Customers
13135,2011-05-27 10:52:00,2,10114.35,197,2,2,5,225,Lost
13136,2011-10-14 13:41:00,13,18823.68,56,4,5,5,455,Champions
13137,2011-11-29 12:09:00,16,23138.1,11,5,5,5,555,Champions
13138,2011-11-17 16:51:00,7,4401.72,22,4,4,4,444,Champions
13139,2011-11-23 13:54:00,8,24608.94,16,5,4,5,545,Champions
13140,2011-08-23 15:33:00,5,3647.04,108,3,4,3,343,Loyal Customers
13141,2011-09-16 09:54:00,17,23005.74,85,3,5,5,355,Loyal Customers
13142,2011-11-20 16:07:00,1,921.27,19,5,1,2,512,New Customers
13143,2010-05-04 12:22:00,1,1215.3,585,1,1,2,112,Lost
13144,2011-01-11 11:15:00,2,406.05,333,2,2,1,221,Lost
13145,2011-10-31 12:45:00,7,4270.56,40,4,4,4,444,Champions
13146,2011-11-13 15:29:00,1,686.73,26,4,1,1,411,New Customers
13147,2011-11-29 13:59:00,4,2138.4,10,5,3,3,533,Loyal Customers
13148,2011-11-10 15:23:00,26,25865.43,29,4,5,5,455,Champions
13149,2011-11-25 13:09:00,4,5028.18,14,5,3,4,534,Loyal Customers
13150,2010-08-12 12:59:00,3,1349.91,484,1,3,2,132,Others
13151,2011-02-17 12:29:00,3,7742.22,296,2,3,4,234,At Risk
13152,2010-10-18 13:44:00,7,6439.14,417,1,4,4,144,At Risk
13153,2011-12-04 12:14:00,1,1458.66,6,5,1,2,512,New Customers
13154,2010-11-05 16:00:00,3,4874.52,399,2,3,4,234,At Risk
13155,2011-11-06 15:41:00,6,5250.54,33,4,4,4,444,Champions
13156,2010-11-19 13:09:00,3,4759.62,385,2,3,4,234,At Risk
13157,2011-10-21 13:50:00,9,17062.08,49,4,5,5,455,Champions
13158,2011-09-06 11:58:00,5,4524.54,95,3,4,4,344,Loyal Customers
13159,2011-12-01 11:20:00,4,4313.55,9,5,3,4,534,Loyal Customers
13160,2011-11-17 13:07:00,1,275.4,22,4,1,1,411,New Customers
13161,2011-01-30 14:03:00,2,1436.64,313,2,2,2,222,Lost
13162,2011-08-09 15:59:00,16,27826.47,122,3,5,5,355,Loyal Customers
13163,2010-04-08 16:21:00,1,52.95,610,1,1,1,111,Lost
13164,2010-05-19 13:52:00,2,1116.6,569,1,2,2,122,Lost
13165,2011-10-24 15:05:00,3,4353.48,46,4,3,4,434,Loyal Customers
13166,2011-03-01 15:16:00,2,2652.54,283,2,2,3,223,Lost
13167,2011-11-21 12:24:00,5,3375.45,19,5,4,3,543,Loyal Customers
13168,2011-11-03 12:56:00,5,5625.93,36,4,4,4,444,Champions
13169,2011-10-07 12:11:00,3,2520.24,64,3,3,3,333,Loyal Customers
13170,2011-11-13 12:19:00,1,348.03,27,4,1,1,411,New Customers
13171,2011-11-18 10:27:00,3,1405.23,22,4,3,2,432,Loyal Customers
13172,2010-11-04 15:10:00,1,208.8,400,2,1,1,211,Lost
13173,2011-12-05 15:51:00,11,7918.05,4,5,5,4,554,Champions
13174,2011-11-23 14:35:00,12,28484.52,16,5,5,5,555,Champions
13175,2010-05-06 13:13:00,2,2494.35,582,1,2,3,123,Lost
13176,2011-10-24 15:43:00,1,1478.52,46,4,1,2,412,New Customers
13177,2011-10-06 09:56:00,2,1536.6,65,3,2,2,322,Others
13178,2011-11-13 16:14:00,21,42177.57,26,4,5,5,455,Champions
13179,2010-03-31 11:40:00,1,1716.93,619,1,1,2,112,Lost
13180,2010-04-11 13:37:00,1,258.3,607,1,1,1,111,Lost
13181,2010-11-23 15:05:00,1,1079.07,381,2,1,2,212,Lost
13182,2011-10-25 13:46:00,1,363.54,45,4,1,1,411,New Customers
13183,2011-12-02 10:30:00,15,21108.54,8,5,5,5,555,Champions
13184,2011-11-25 12:02:00,10,5103.87,15,5,5,4,554,Champions
13185,2011-03-17 11:56:00,1,214.2,268,2,1,1,211,Lost
13186,2011-10-31 11:40:00,3,4727.67,40,4,3,4,434,Loyal Customers
13187,2011-01-06 18:57:00,4,1101.03,337,2,3,2,232,Others
13188,2011-11-28 15:28:00,1,343.8,11,5,1,1,511,New Customers
13189,2011-11-21 10:39:00,2,782.04,19,5,2,1,521,New Customers
13190,2010-06-13 15:47:00,3,1711.98,544,1,3,2,132,Others
13191,2010-02-19 17:02:00,1,494.07,658,1,1,1,111,Lost
13192,2011-09-05 14:13:00,6,7675.74,95,3,4,4,344,Loyal Customers
13193,2011-10-09 14:30:00,1,353.64,61,3,1,1,311,Others
13194,2011-07-27 09:01:00,2,1418.34,136,3,2,2,322,Others
13195,2010-10-21 13:07:00,1,517.14,414,1,1,1,111,Lost
13196,2011-11-28 13:54:00,7,9206.52,11,5,4,5,545,Champions
13197,2010-04-09 09:14:00,1,1119.03,610,1,1,2,112,Lost
13198,2011-11-29 15:17:00,8,14922.69,10,5,4,5,545,Champions
13199,2011-12-06 12:30:00,67,49298.67,4,5,5,5,555,Champions
13200,2011-11-20 15:35:00,4,2610.27,19,5,3,3,533,Loyal Customers
13201,2010-07-25 14:30:00,4,3721.83,502,1,3,3,133,At Risk
13202,2010-11-10 16:24:00,7,4740.9,394,2,4,4,244,At Risk
13203,2011-11-30 10:45:00,10,7944.75,10,5,5,4,554,Champions
13204,2009-12-08 14:56:00,1,2899.98,731,1,1,3,113,Lost
13205,2010-09-22 16:26:00,1,8409.6,443,1,1,4,114,Lost
13206,2010-11-04 16:50:00,13,25131.96,400,2,5,5,255,At Risk
13207,2011-11-24 14:52:00,4,1607.58,15,5,3,2,532,Loyal Customers
13208,2011-10-12 09:54:00,9,5965.5,59,4,5,4,454,Champions
13209,2011-11-09 13:54:00,13,25528.53,30,4,5,5,455,Champions
13210,2011-09-07 08:18:00,1,1060.44,94,3,1,2,312,Others
13211,2011-11-29 14:43:00,10,8187.96,10,5,5,4,554,Champions
13212,2011-11-20 12:40:00,3,2364.24,20,4,3,3,433,Loyal Customers
13213,2011-10-14 11:42:00,11,11554.56,57,4,5,5,455,Champions
13214,2010-10-18 10:00:00,7,9792.69,418,1,4,5,145,At Risk
13215,2010-11-02 18:26:00,1,244.8,402,2,1,1,211,Lost
13216,2011-03-17 12:18:00,1,1001.22,268,2,1,2,212,Lost
13217,2011-08-09 15:32:00,4,1999.44,122,3,3,3,333,Loyal Customers
13218,2011-08-04 16:59:00,1,187.92,127,3,1,1,311,Others
13219,2010-03-31 14:18:00,1,228.69,618,1,1,1,111,Lost
13220,2011-09-22 13:38:00,5,4008.27,78,3,4,4,344,Loyal Customers
13221,2011-04-13 16:58:00,2,2542.23,240,2,2,3,223,Lost
13222,2010-05-11 13:54:00,1,265.5,577,1,1,1,111,Lost
13223,2011-05-23 13:03:00,6,2907.36,200,2,4,3,243,At Risk
13224,2011-10-10 14:55:00,2,6467.85,60,3,2,4,324,Others
13225,2011-12-06 13:29:00,16,48780.21,3,5,5,5,555,Champions
13226,2011-03-11 14:35:00,2,937.38,273,2,2,2,222,Lost
13227,2011-05-22 11:47:00,1,773.1,202,2,1,1,211,Lost
13228,2011-09-19 14:28:00,1,1074.0,81,3,1,2,312,Others
13229,2011-04-28 12:07:00,1,482.85,226,2,1,1,211,Lost
13230,2011-12-05 16:03:00,30,19082.34,4,5,5,5,555,Champions
13232,2011-11-27 10:39:00,7,4072.8,13,5,4,4,544,Champions
13233,2011-09-26 13:25:00,4,3529.38,74,3,3,3,333,Loyal Customers
13234,2010-02-05 11:41:00,2,1070.85,673,1,2,2,122,Lost
13235,2011-05-11 17:13:00,1,3093.21,212,2,1,3,213,Lost
13236,2011-11-15 12:50:00,2,2234.55,25,4,2,3,423,New Customers
13237,2010-11-17 10:07:00,1,1929.0,388,2,1,3,213,Lost
13238,2011-11-22 15:37:00,6,3019.89,17,5,4,3,543,Loyal Customers
13239,2011-03-23 10:25:00,5,4784.07,262,2,4,4,244,At Risk
13240,2011-09-04 14:08:00,8,5215.56,96,3,4,4,344,Loyal Customers
13241,2010-10-24 11:17:00,1,346.74,412,1,1,1,111,Lost
13242,2011-08-19 12:53:00,7,2098.2,112,3,4,3,343,Loyal Customers
13243,2011-05-20 13:14:00,5,3834.12,203,2,4,4,244,At Risk
13244,2011-09-08 11:46:00,1,365.22,93,3,1,1,311,Others
13245,2011-10-20 11:40:00,2,2967.66,51,4,2,3,423,New Customers
13246,2011-11-21 16:50:00,11,10162.29,18,5,5,5,555,Champions
13247,2011-11-22 10:59:00,4,1503.36,18,5,3,2,532,Loyal Customers
13248,2011-08-07 12:40:00,2,1397.04,125,3,2,2,322,Others
13249,2011-09-08 13:26:00,9,4826.79,92,3,5,4,354,Loyal Customers
13250,2010-09-05 11:33:00,2,768.12,461,1,2,1,121,Lost
13251,2010-11-02 13:20:00,1,758.04,402,2,1,1,211,Lost
13252,2010-11-10 16:00:00,2,1197.9,394,2,2,2,222,Lost
13253,2011-07-06 10:09:00,4,8853.33,157,3,3,4,334,Loyal Customers
13254,2010-11-28 15:42:00,1,154.23,376,2,1,1,211,Lost
13255,2011-11-30 13:14:00,3,2713.38,9,5,3,3,533,Loyal Customers
13256,2011-11-25 15:57:00,1,0.0,14,5,1,1,511,New Customers
13257,2010-09-29 14:58:00,1,449.25,436,1,1,1,111,Lost
13258,2011-11-28 09:31:00,5,3105.54,12,5,4,3,543,Loyal Customers
13259,2011-10-09 10:48:00,9,4300.14,62,3,5,4,354,Loyal Customers
13260,2011-10-09 13:21:00,1,1672.86,61,3,1,2,312,Others
13261,2011-03-16 12:22:00,2,2832.3,269,2,2,3,223,Lost
13262,2011-03-21 15:06:00,3,1720.35,263,2,3,2,232,Others
13263,2011-12-08 13:59:00,39,26114.07,1,5,5,5,555,Champions
13264,2010-09-23 12:42:00,1,2167.68,443,1,1,3,113,Lost
13265,2011-10-17 15:02:00,5,6322.98,53,4,4,4,444,Champions
13266,2011-11-28 14:39:00,19,18405.12,11,5,5,5,555,Champions
13267,2011-12-07 11:12:00,36,29274.78,3,5,5,5,555,Champions
13268,2011-11-22 11:51:00,11,9644.07,18,5,5,5,555,Champions
13269,2011-12-08 14:53:00,28,26675.1,1,5,5,5,555,Champions
13270,2010-12-08 14:53:00,1,3540.0,366,2,1,3,213,Lost
13271,2011-11-02 14:31:00,1,652.14,37,4,1,1,411,New Customers
13272,2011-11-08 14:00:00,2,829.68,31,4,2,1,421,New Customers
13273,2011-08-18 14:02:00,1,416.94,113,3,1,1,311,Others
13274,2010-10-26 13:48:00,1,1082.55,409,2,1,2,212,Lost
13275,2010-11-21 12:09:00,2,724.98,384,2,2,1,221,Lost
13276,2011-10-07 12:44:00,5,5817.78,64,3,4,4,344,Loyal Customers
13277,2011-11-24 09:21:00,7,1569.9,16,5,4,2,542,Loyal Customers
13278,2011-10-30 11:49:00,4,4307.55,41,4,3,4,434,Loyal Customers
13279,2011-09-22 17:24:00,1,413.25,78,3,1,1,311,Others
13280,2011-08-09 13:14:00,7,6967.89,122,3,4,4,344,Loyal Customers
13281,2010-09-26 16:03:00,1,1052.55,439,1,1,2,112,Lost
13282,2011-11-21 15:33:00,4,3939.57,18,5,3,4,534,Loyal Customers
13283,2011-10-11 09:50:00,4,1120.08,60,3,3,2,332,Loyal Customers
13284,2011-01-13 09:23:00,1,603.57,331,2,1,1,211,Lost
13285,2011-11-16 13:19:00,6,10093.77,23,4,4,5,445,Champions
13286,2010-04-18 15:35:00,1,2204.73,600,1,1,3,113,Lost
13287,2010-04-15 15:26:00,3,2344.77,603,1,3,3,133,At Risk
13288,2010-09-22 16:32:00,5,2782.83,443,1,4,3,143,At Risk
13289,2009-12-16 11:53:00,1,923.85,724,1,1,2,112,Lost
13290,2010-09-27 16:29:00,1,625.89,438,1,1,1,111,Lost
13291,2011-07-07 10:36:00,11,9962.52,156,3,5,5,355,Loyal Customers
13292,2011-11-01 10:04:00,5,2983.53,39,4,4,3,443,Loyal Customers
13293,2010-11-12 13:28:00,6,3578.82,392,2,4,3,243,At Risk
13294,2011-06-03 08:54:00,3,5068.59,190,2,3,4,234,At Risk
13295,2010-12-15 11:21:00,4,3305.91,360,2,3,3,233,At Risk
13296,2011-07-25 13:46:00,6,2377.53,137,3,4,3,343,Loyal Customers
13297,2011-12-02 09:32:00,7,13105.86,8,5,4,5,545,Champions
13298,2011-12-08 13:11:00,1,1080.0,1,5,1,2,512,New Customers
13299,2011-03-16 12:55:00,3,3656.1,268,2,3,3,233,At Risk
13300,2011-06-23 13:09:00,3,3856.53,169,3,3,4,334,Loyal Customers
13301,2011-08-28 11:25:00,4,1854.27,104,3,3,3,333,Loyal Customers
13302,2011-07-07 17:56:00,2,477.6,155,3,2,1,321,Others
13303,2010-11-04 14:55:00,1,185.16,400,2,1,1,211,Lost
13304,2010-12-23 14:35:00,4,3653.97,351,2,3,3,233,At Risk
13305,2011-12-05 15:15:00,16,11264.13,4,5,5,5,555,Champions
13306,2010-10-05 14:55:00,1,160.95,430,1,1,1,111,Lost
13307,2011-08-11 17:14:00,3,820.02,120,3,3,1,331,Loyal Customers
13308,2011-11-17 09:31:00,4,5011.11,23,4,3,4,434,Loyal Customers
13309,2011-12-02 16:34:00,6,5119.11,7,5,4,4,544,Champions
13310,2011-11-11 17:23:00,5,4623.6,28,4,4,4,444,Champions
13311,2011-12-05 12:55:00,2,1795.71,4,5,2,2,522,New Customers
13312,2010-09-14 14:36:00,1,374.25,451,1,1,1,111,Lost
13313,2011-11-17 16:48:00,12,10335.96,22,4,5,5,455,Champions
13314,2011-12-08 12:29:00,3,2327.82,2,5,3,3,533,Loyal Customers
13315,2010-01-19 15:34:00,1,930.78,689,1,1,2,112,Lost
13316,2011-11-02 13:40:00,10,39574.71,37,4,5,5,455,Champions
13317,2011-10-04 13:35:00,19,19458.27,66,3,5,5,355,Loyal Customers
13318,2011-12-08 18:51:00,3,1922.28,1,5,3,3,533,Loyal Customers
13319,2011-12-04 13:34:00,58,66247.5,5,5,5,5,555,Champions
13320,2011-09-22 18:07:00,6,6684.3,78,3,4,4,344,Loyal Customers
13321,2011-09-28 15:24:00,2,1702.08,72,3,2,2,322,Others
13322,2011-11-22 14:21:00,1,598.44,17,5,1,1,511,New Customers
13323,2011-12-06 17:12:00,5,2363.55,3,5,4,3,543,Loyal Customers
13324,2011-11-03 16:28:00,18,31540.41,36,4,5,5,455,Champions
13325,2011-09-19 10:36:00,1,2025.9,82,3,1,3,313,Others
13326,2010-10-03 16:00:00,1,845.28,432,1,1,1,111,Lost
13327,2011-11-01 10:21:00,20,29638.44,39,4,5,5,455,Champions
13328,2011-01-27 15:22:00,1,3925.44,316,2,1,4,214,Lost
13329,2011-11-08 10:29:00,8,15338.91,32,4,4,5,445,Champions
13330,2011-09-08 12:27:00,6,8418.54,93,3,4,4,344,Loyal Customers
13331,2010-11-03 08:04:00,1,787.2,402,2,1,1,211,Lost
13332,2011-11-25 13:30:00,1,1052.7,14,5,1,2,512,New Customers
13333,2010-10-24 13:24:00,3,3047.22,411,2,3,3,233,At Risk
13334,2011-09-18 15:21:00,5,18791.25,82,3,4,5,345,Loyal Customers
13336,2011-09-23 14:05:00,1,2385.36,77,3,1,3,313,Others
13337,2010-06-11 13:27:00,1,4725.78,546,1,1,4,114,Lost
13338,2011-07-05 09:06:00,4,7336.86,158,3,3,4,334,Loyal Customers
13339,2011-05-23 08:31:00,1,2580.36,201,2,1,3,213,Lost
13340,2011-10-25 13:15:00,12,66301.68,45,4,5,5,455,Champions
13341,2011-03-24 09:50:00,1,2327.55,261,2,1,3,213,Lost
13343,2011-06-15 12:24:00,1,1060.29,178,3,1,2,312,Others
13344,2011-10-03 09:45:00,3,7631.16,68,3,3,4,334,Loyal Customers
13345,2011-02-25 09:01:00,1,1168.5,288,2,1,2,212,Lost
13346,2010-09-03 11:41:00,6,898.2,463,1,4,2,142,Others
13347,2011-09-30 13:28:00,1,1024.08,70,3,1,2,312,Others
13348,2011-10-06 17:28:00,1,701.28,64,3,1,1,311,Others
13349,2011-11-29 08:07:00,1,741.96,11,5,1,1,511,New Customers
13350,2011-11-23 16:33:00,2,2937.36,16,5,2,3,523,New Customers
13351,2011-10-04 12:55:00,1,1121.82,66,3,1,2,312,Others
13352,2011-10-10 13:55:00,1,1193.94,60,3,1,2,312,Others
13354,2011-09-29 13:17:00,1,2230.59,71,3,1,3,313,Others
13355,2011-08-09 14:48:00,1,2024.1,122,3,1,3,313,Others
13356,2011-09-20 14:33:00,1,2304.72,80,3,1,3,313,Others
13357,2011-03-27 13:56:00,5,11515.08,257,2,4,5,245,At Risk
13358,2011-03-16 11:52:00,1,1317.09,269,2,1,2,212,Lost
13359,2011-10-07 09:30:00,2,3129.93,64,3,2,3,323,Others
13360,2010-10-04 12:37:00,4,4660.95,432,1,3,4,134,At Risk
13361,2010-08-24 14:56:00,2,4351.5,472,1,2,4,124,Lost
13362,2011-11-30 14:41:00,7,16182.21,9,5,4,5,545,Champions
13363,2011-11-22 12:40:00,3,5171.58,18,5,3,4,534,Loyal Customers
13364,2011-09-29 18:13:00,1,404.88,71,3,1,1,311,Others
13365,2011-11-06 12:36:00,2,6676.11,34,4,2,4,424,New Customers
13366,2011-10-20 13:37:00,1,168.48,50,4,1,1,411,New Customers
13367,2010-10-04 10:00:00,1,1530.6,432,1,1,2,112,Lost
13368,2011-03-28 09:59:00,4,3364.5,257,2,3,3,233,At Risk
13369,2010-12-09 11:30:00,1,1849.68,366,2,1,2,212,Lost
13370,2010-12-03 10:26:00,1,4529.22,372,2,1,4,214,Lost
13371,2010-07-22 17:33:00,2,6892.98,505,1,2,4,124,Lost
13372,2011-09-11 12:46:00,1,1135.92,90,3,1,2,312,Others
13373,2011-10-10 10:51:00,6,22761.57,61,3,4,5,345,Loyal Customers
13374,2010-10-21 10:04:00,2,1268.4,415,1,2,2,122,Lost
13375,2011-09-12 10:19:00,2,5376.69,89,3,2,4,324,Others
13376,2011-09-01 16:16:00,3,3059.28,99,3,3,3,333,Loyal Customers
13377,2010-11-08 12:20:00,2,4658.64,397,2,2,4,224,Lost
13379,2011-11-13 13:45:00,3,1717.68,26,4,3,2,432,Loyal Customers
13380,2010-10-03 10:18:00,1,187.2,433,1,1,1,111,Lost
13381,2011-11-08 11:58:00,12,24673.11,32,4,5,5,455,Champions
13382,2011-03-04 10:03:00,5,4162.74,281,2,4,4,244,At Risk
13383,2010-06-14 11:45:00,1,915.84,544,1,1,2,112,Lost
13384,2011-11-09 11:04:00,11,20042.49,31,4,5,5,455,Champions
13385,2011-01-14 09:52:00,1,1603.71,330,2,1,2,212,Lost
13386,2010-10-21 12:52:00,2,2506.38,414,1,2,3,123,Lost
13387,2010-10-18 14:07:00,1,568.32,417,1,1,1,111,Lost
13388,2011-07-31 12:52:00,3,3556.95,131,3,3,3,333,Loyal Customers
13389,2011-11-28 14:01:00,3,2393.88,11,5,3,3,533,Loyal Customers
13390,2011-09-26 08:38:00,1,1632.24,75,3,1,2,312,Others
13391,2011-05-20 10:50:00,1,179.4,204,2,1,1,211,Lost
13392,2010-01-31 13:34:00,1,273.42,677,1,1,1,111,Lost
13393,2010-05-05 09:34:00,4,3394.35,584,1,3,3,133,At Risk
13394,2011-12-08 11:36:00,19,19865.1,2,5,5,5,555,Champions
13395,2011-06-07 15:04:00,3,3540.69,185,3,3,3,333,Loyal Customers
13396,2011-11-10 16:59:00,2,4082.97,29,4,2,4,424,New Customers
13397,2011-09-28 10:56:00,10,9575.61,73,3,5,5,355,Loyal Customers
13398,2011-05-31 13:17:00,2,2011.02,192,2,2,3,223,Lost
13399,2010-09-01 13:59:00,3,826.2,464,1,3,1,131,Others
13400,2010-05-06 09:00:00,1,932.49,583,1,1,2,112,Lost
13402,2011-08-04 15:51:00,4,4605.39,127,3,3,4,334,Loyal Customers
13403,2011-11-22 08:28:00,3,688.5,18,5,3,1,531,Loyal Customers
13404,2011-12-08 15:37:00,2,757.47,1,5,2,1,521,New Customers
13405,2011-09-26 17:01:00,6,3641.43,74,3,4,3,343,Loyal Customers
13406,2010-10-08 14:44:00,2,1706.76,427,1,2,2,122,Lost
13407,2010-05-10 12:41:00,3,6734.1,579,1,3,4,134,At Risk
13408,2011-12-08 09:05:00,106,155200.38,2,5,5,5,555,Champions
13410,2011-11-15 15:33:00,9,6605.88,24,4,5,4,454,Champions
13411,2011-08-24 13:57:00,1,640.65,107,3,1,1,311,Others
13412,2010-03-29 16:28:00,1,1462.05,620,1,1,2,112,Lost
13413,2010-03-10 12:17:00,6,1288.32,640,1,4,2,142,Others
13414,2011-07-29 11:45:00,6,7482.42,134,3,4,4,344,Loyal Customers
13415,2010-08-24 11:38:00,4,2402.01,473,1,3,3,133,At Risk
13416,2011-10-27 08:56:00,3,2822.4,44,4,3,3,433,Loyal Customers
13417,2011-12-05 08:49:00,6,5008.47,5,5,4,4,544,Champions
13418,2011-11-28 10:23:00,31,36700.8,12,5,5,5,555,Champions
13419,2011-10-07 12:49:00,1,663.18,64,3,1,1,311,Others
13420,2011-07-13 08:48:00,2,479.55,150,3,2,1,321,Others
13421,2011-10-30 14:21:00,8,12309.36,40,4,4,5,445,Champions
13422,2011-10-06 13:42:00,1,7878.9,64,3,1,4,314,Others
13423,2010-10-07 09:02:00,1,651.09,429,1,1,1,111,Lost
13424,2010-09-16 10:49:00,1,1718.31,450,1,1,2,112,Lost
13425,2011-08-23 17:13:00,5,10210.89,108,3,4,5,345,Loyal Customers
13426,2011-12-09 08:59:00,22,24502.14,1,5,5,5,555,Champions
13427,2011-11-20 13:02:00,6,3019.59,19,5,4,3,543,Loyal Customers
13428,2011-11-29 14:20:00,3,1499.94,10,5,3,2,532,Loyal Customers
13429,2011-11-29 09:10:00,4,3020.4,11,5,3,3,533,Loyal Customers
13430,2011-11-21 08:19:00,2,2038.35,19,5,2,3,523,New Customers
13431,2011-10-03 13:49:00,8,9948.72,67,3,4,5,345,Loyal Customers
13432,2010-05-17 13:18:00,2,1317.3,571,1,2,2,122,Lost
13433,2010-07-26 16:55:00,4,1974.96,501,1,3,3,133,At Risk
13434,2011-09-26 14:30:00,5,5000.58,74,3,4,4,344,Loyal Customers
13435,2011-12-04 14:45:00,9,13425.69,5,5,5,5,555,Champions
13436,2011-12-08 10:33:00,1,590.67,2,5,1,1,511,New Customers
13437,2011-11-25 14:00:00,7,10224.18,14,5,4,5,545,Champions
13438,2010-06-10 18:46:00,1,139.5,547,1,1,1,111,Lost
13439,2011-03-29 14:20:00,3,2959.83,255,2,3,3,233,At Risk
13440,2010-10-12 13:11:00,7,3885.75,423,1,4,4,144,At Risk
13441,2011-09-09 09:38:00,2,2162.7,92,3,2,3,323,Others
13442,2010-02-10 14:03:00,3,1259.61,667,1,3,2,132,Others
13443,2010-09-17 12:31:00,6,3840.48,449,1,4,4,144,At Risk
13444,2010-11-30 13:02:00,2,1895.04,374,2,2,3,223,Lost
13445,2010-03-23 15:34:00,1,725.7,626,1,1,1,111,Lost
13446,2010-10-05 18:51:00,11,11645.67,430,1,5,5,155,At Risk
13447,2011-11-16 13:38:00,3,3387.42,23,4,3,3,433,Loyal Customers
13448,2011-11-23 12:33:00,13,27722.61,17,5,5,5,555,Champions
13449,2011-11-16 08:28:00,1,875.64,24,4,1,2,412,New Customers
13450,2011-11-13 11:54:00,13,12360.12,27,4,5,5,455,Champions
13451,2011-11-13 15:58:00,11,21572.76,26,4,5,5,455,Champions
13452,2011-03-25 14:19:00,3,2189.4,259,2,3,3,233,At Risk
13453,2011-06-27 09:34:00,3,2345.07,166,3,3,3,333,Loyal Customers
13454,2010-03-08 14:40:00,1,659.61,641,1,1,1,111,Lost
13455,2011-11-15 11:21:00,6,8717.79,25,4,4,4,444,Champions
13456,2011-11-22 09:18:00,6,5300.16,18,5,4,4,544,Champions
13457,2010-01-20 08:48:00,2,444.66,689,1,2,1,121,Lost
13458,2011-12-02 15:29:00,16,35877.81,7,5,5,5,555,Champions
13459,2010-03-25 10:24:00,2,3481.23,625,1,2,3,123,Lost
13460,2011-11-10 17:17:00,2,550.32,29,4,2,1,421,New Customers
13461,2011-11-01 09:01:00,6,12480.0,39,4,4,5,445,Champions
13462,2011-04-01 11:20:00,5,3461.55,253,2,4,3,243,At Risk
13464,2011-10-12 15:01:00,6,9292.92,58,4,4,5,445,Champions
13465,2010-09-19 15:13:00,2,2793.36,446,1,2,3,123,Lost
13466,2011-06-08 16:39:00,5,3040.05,184,3,4,3,343,Loyal Customers
13467,2011-11-29 10:01:00,2,3251.13,11,5,2,3,523,New Customers
13468,2011-12-08 10:39:00,72,40171.53,2,5,5,5,555,Champions
13469,2010-02-24 15:03:00,1,247.2,653,1,1,1,111,Lost
13470,2011-09-01 14:57:00,2,495.0,99,3,2,1,321,Others
13471,2011-12-08 15:44:00,4,7594.74,1,5,3,4,534,Loyal Customers
13472,2010-09-02 09:41:00,2,1776.72,464,1,2,2,122,Lost
13473,2011-10-10 11:20:00,8,7973.28,61,3,4,4,344,Loyal Customers
13474,2011-04-17 13:53:00,3,1991.37,236,2,3,3,233,At Risk
13475,2011-06-01 13:52:00,4,4295.34,191,2,3,4,234,At Risk
13476,2011-06-14 12:00:00,5,6184.41,179,3,4,4,344,Loyal Customers
13477,2011-11-02 12:04:00,11,8502.51,38,4,5,4,454,Champions
13478,2010-08-27 13:23:00,5,6647.34,469,1,4,4,144,At Risk
13479,2011-05-23 10:45:00,4,2554.11,201,2,3,3,233,At Risk
13480,2010-10-19 11:53:00,2,1883.46,417,1,2,3,123,Lost
13481,2011-10-25 09:07:00,11,11492.52,46,4,5,5,455,Champions
13482,2011-04-21 17:03:00,2,1008.27,232,2,2,2,222,Lost
13483,2011-10-05 11:53:00,1,421.02,66,3,1,1,311,Others
13484,2011-04-12 16:30:00,3,2372.16,241,2,3,3,233,At Risk
13485,2011-04-20 13:58:00,11,9057.66,233,2,5,5,255,At Risk
13486,2011-09-22 13:13:00,3,3367.23,78,3,3,3,333,Loyal Customers
13487,2011-10-13 12:07:00,5,2540.61,58,4,4,3,443,Loyal Customers
13488,2011-11-22 14:41:00,23,46763.64,17,5,5,5,555,Champions
13489,2011-08-26 13:16:00,4,1348.56,105,3,3,2,332,Loyal Customers
13490,2010-02-23 14:48:00,1,462.75,654,1,1,1,111,Lost
13491,2011-10-19 08:32:00,27,13699.68,52,4,5,5,455,Champions
13492,2011-07-26 14:25:00,3,3809.52,136,3,3,4,334,Loyal Customers
13493,2011-03-09 15:35:00,2,1855.89,275,2,2,3,223,Lost
13494,2011-02-01 11:58:00,1,948.78,312,2,1,2,212,Lost
13495,2011-12-02 11:21:00,10,16122.78,8,5,5,5,555,Champions
13496,2011-11-29 10:58:00,2,1959.99,11,5,2,3,523,New Customers
13497,2011-03-02 09:04:00,6,3960.99,283,2,4,4,244,At Risk
13498,2009-12-09 15:26:00,1,982.14,730,1,1,2,112,Lost
13499,2011-11-22 11:21:00,5,3477.33,18,5,4,3,543,Loyal Customers
13500,2011-11-16 15:35:00,4,4398.9,23,4,3,4,434,Loyal Customers
13501,2011-02-24 18:59:00,3,8655.33,288,2,3,4,234,At Risk
13502,2011-11-23 10:39:00,5,2341.5,17,5,4,3,543,Loyal Customers
13503,2011-09-29 13:23:00,6,5716.17,71,3,4,4,344,Loyal Customers
13504,2011-10-06 13:20:00,1,887.79,64,3,1,2,312,Others
13505,2011-09-28 11:56:00,4,13180.89,73,3,3,5,335,Loyal Customers
13506,2011-01-27 13:53:00,5,4917.6,316,2,4,4,244,At Risk
13507,2011-12-06 13:13:00,4,7437.48,3,5,3,4,534,Loyal Customers
13508,2011-04-10 11:58:00,2,861.15,244,2,2,1,221,Lost
13509,2011-12-01 10:10:00,8,3344.16,9,5,4,3,543,Loyal Customers
13510,2011-12-08 13:46:00,11,13674.87,1,5,5,5,555,Champions
13511,2010-02-01 12:10:00,1,848.28,677,1,1,1,111,Lost
13512,2011-03-24 10:03:00,4,2140.17,261,2,3,3,233,At Risk
13513,2011-08-05 11:50:00,3,2473.77,127,3,3,3,333,Loyal Customers
13514,2011-09-27 09:39:00,4,2447.7,74,3,3,3,333,Loyal Customers
13515,2011-09-28 11:26:00,6,3797.46,73,3,4,4,344,Loyal Customers
13516,2011-11-18 13:15:00,4,5055.78,21,4,3,4,434,Loyal Customers
13517,2011-10-11 11:43:00,3,6385.26,60,3,3,4,334,Loyal Customers
13518,2011-09-15 10:29:00,1,1978.32,86,3,1,3,313,Others
13519,2011-09-22 18:24:00,2,1029.63,78,3,2,2,322,Others
13520,2011-10-12 10:20:00,11,20728.2,59,4,5,5,455,Champions
13521,2011-12-08 13:50:00,3,3280.95,1,5,3,3,533,Loyal Customers
13522,2011-11-09 15:11:00,1,377.4,30,4,1,1,411,New Customers
13523,2011-11-06 15:11:00,6,15304.56,33,4,4,5,445,Champions
13524,2011-10-30 12:34:00,5,2040.54,41,4,4,3,443,Loyal Customers
13525,2011-11-25 12:01:00,2,1886.34,15,5,2,3,523,New Customers
13526,2009-12-01 13:13:00,2,3546.0,738,1,2,3,123,Lost
13527,2011-11-06 12:04:00,12,14051.22,34,4,5,5,455,Champions
13529,2011-09-22 09:15:00,2,923.28,79,3,2,2,322,Others
13530,2010-03-15 14:10:00,1,1208.94,634,1,1,2,112,Lost
13531,2011-05-18 16:56:00,6,5215.56,205,2,4,4,244,At Risk
13532,2011-11-06 12:25:00,1,630.93,34,4,1,1,411,New Customers
13533,2011-06-10 11:54:00,3,812.37,183,3,3,1,331,Loyal Customers
13534,2011-12-07 14:52:00,35,23162.7,2,5,5,5,555,Champions
13535,2010-11-02 11:49:00,1,268.5,403,2,1,1,211,Lost
13536,2011-12-08 16:38:00,7,10344.87,1,5,4,5,545,Champions
13537,2010-10-10 12:45:00,2,2153.55,426,1,2,3,123,Lost
13538,2011-10-27 16:34:00,12,9338.19,43,4,5,5,455,Champions
13539,2011-09-15 10:18:00,7,4708.08,86,3,4,4,344,Loyal Customers
13540,2010-08-29 14:20:00,3,1897.17,467,1,3,3,133,At Risk
13541,2010-10-08 16:37:00,2,2355.75,427,1,2,3,123,Lost
13542,2010-11-28 11:24:00,17,12018.51,377,2,5,5,255,At Risk
13543,2010-03-15 13:34:00,2,4318.83,634,1,2,4,124,Lost
13544,2011-10-31 11:57:00,6,2487.0,40,4,4,3,443,Loyal Customers
13545,2010-11-14 11:27:00,2,1123.92,391,2,2,2,222,Lost
13546,2011-11-27 14:50:00,5,3276.42,12,5,4,3,543,Loyal Customers
13547,2010-10-27 14:14:00,1,526.59,408,2,1,1,211,Lost
13548,2011-09-04 14:50:00,3,2726.97,96,3,3,3,333,Loyal Customers
13549,2011-11-14 09:20:00,8,3017.4,26,4,4,3,443,Loyal Customers
13550,2010-11-21 15:24:00,1,1048.53,383,2,1,2,212,Lost
13551,2011-01-24 14:46:00,2,732.6,319,2,2,1,221,Lost
13552,2011-10-04 15:19:00,22,20936.76,66,3,5,5,355,Loyal Customers
13553,2010-02-03 12:21:00,1,1553.4,675,1,1,2,112,Lost
13554,2010-11-24 15:05:00,7,4914.84,380,2,4,4,244,At Risk
13555,2011-09-27 12:36:00,13,26997.57,74,3,5,5,355,Loyal Customers
13556,2010-10-06 16:44:00,2,602.46,429,1,2,1,121,Lost
13557,2011-11-11 15:24:00,13,9096.78,28,4,5,5,455,Champions
13558,2011-12-04 11:24:00,4,1815.18,6,5,3,2,532,Loyal Customers
13559,2010-07-15 09:52:00,2,2970.0,513,1,2,3,123,Lost
13560,2011-12-02 13:11:00,1,523.11,7,5,1,1,511,New Customers
13561,2011-05-08 12:39:00,11,5462.16,216,2,5,4,254,At Risk
13562,2011-09-19 10:51:00,8,14514.54,82,3,4,5,345,Loyal Customers
13563,2011-09-16 14:45:00,2,2332.59,84,3,2,3,323,Others
13564,2011-07-18 14:33:00,37,51748.65,144,3,5,5,355,Loyal Customers
13565,2011-11-20 14:33:00,3,1244.4,19,5,3,2,532,Loyal Customers
13566,2011-10-30 11:59:00,5,5124.36,41,4,4,4,444,Champions
13567,2010-10-07 12:51:00,4,3251.07,428,1,3,3,133,At Risk
13568,2011-06-19 14:42:00,1,578.55,173,3,1,1,311,Others
13569,2011-11-22 13:07:00,4,2681.34,17,5,3,3,533,Loyal Customers
13570,2011-04-10 13:36:00,1,718.47,243,2,1,1,211,Lost
13571,2011-11-27 10:47:00,26,13639.62,13,5,5,5,555,Champions
13572,2011-05-18 11:59:00,1,4152.75,206,2,1,4,214,Lost
13573,2011-10-20 14:33:00,6,2749.41,50,4,4,3,443,Loyal Customers
13574,2010-10-24 13:28:00,1,1263.75,411,2,1,2,212,Lost
13575,2011-11-16 13:14:00,5,2196.21,23,4,4,3,443,Loyal Customers
13576,2011-11-29 15:34:00,28,34655.22,10,5,5,5,555,Champions
13577,2011-11-14 15:19:00,11,10467.84,25,4,5,5,455,Champions
13578,2010-10-26 13:44:00,1,442.98,409,2,1,1,211,Lost
13579,2011-11-25 08:41:00,5,4617.12,15,5,4,4,544,Champions
13580,2010-10-29 15:01:00,1,323.25,406,2,1,1,211,Lost
13581,2011-02-03 14:41:00,2,841.59,309,2,2,1,221,Lost
13582,2010-11-15 11:34:00,2,725.04,390,2,2,1,221,Lost
13583,2011-07-07 10:40:00,2,4335.09,156,3,2,4,324,Others
13584,2011-02-06 12:49:00,3,1177.35,307,2,3,2,232,Others
13585,2010-06-27 12:33:00,3,2053.62,531,1,3,3,133,At Risk
13586,2010-06-16 13:47:00,1,394.59,541,1,1,1,111,Lost
13587,2011-10-07 12:31:00,4,5020.5,64,3,3,4,334,Loyal Customers
13588,2011-11-24 10:42:00,9,7436.85,16,5,5,4,554,Champions
13589,2011-11-25 12:10:00,6,3362.22,15,5,4,3,543,Loyal Customers
13590,2011-11-28 12:54:00,18,19048.77,11,5,5,5,555,Champions
13591,2011-10-06 12:26:00,7,6281.82,65,3,4,4,344,Loyal Customers
13592,2011-11-04 09:49:00,4,743.88,36,4,3,1,431,Loyal Customers
13593,2011-08-23 13:35:00,14,16571.07,108,3,5,5,355,Loyal Customers
13594,2011-10-18 10:19:00,2,1599.96,53,4,2,2,422,New Customers
13595,2010-07-11 12:36:00,3,2454.66,517,1,3,3,133,At Risk
13596,2011-12-04 12:01:00,2,2091.12,6,5,2,3,523,New Customers
13597,2010-11-04 14:54:00,2,1190.13,400,2,2,2,222,Lost
13598,2011-10-23 14:28:00,5,2368.77,47,4,4,3,443,Loyal Customers
13599,2011-12-08 16:10:00,33,30502.89,1,5,5,5,555,Champions
13600,2011-01-31 15:27:00,2,1555.26,312,2,2,2,222,Lost
13601,2011-10-25 17:31:00,4,3555.42,45,4,3,3,433,Loyal Customers
13602,2011-10-06 11:47:00,4,3075.51,65,3,3,3,333,Loyal Customers
13603,2011-11-13 15:57:00,1,493.02,26,4,1,1,411,New Customers
13604,2010-02-19 12:02:00,1,2152.86,659,1,1,3,113,Lost
13605,2010-11-17 17:16:00,2,1568.01,387,2,2,2,222,Lost
13606,2011-11-10 17:46:00,3,841.62,29,4,3,1,431,Loyal Customers
13607,2011-10-30 16:17:00,2,3234.93,40,4,2,3,423,New Customers
13608,2010-06-17 12:28:00,1,708.6,541,1,1,1,111,Lost
13609,2010-04-25 13:26:00,1,502.05,593,1,1,1,111,Lost
13610,2011-11-27 15:38:00,14,6527.64,12,5,5,4,554,Champions
13611,2011-09-11 14:51:00,10,9958.59,89,3,5,5,355,Loyal Customers
13612,2010-03-17 12:14:00,1,2454.87,633,1,1,3,113,Lost
13613,2010-09-13 12:01:00,5,3119.55,453,1,4,3,143,At Risk
13614,2011-11-15 14:47:00,6,7077.57,24,4,4,4,444,Champions
13615,2011-01-25 08:21:00,8,18817.59,319,2,4,5,245,At Risk
13616,2010-05-20 12:59:00,2,864.3,568,1,2,1,121,Lost
13617,2011-10-30 13:50:00,8,3836.25,40,4,4,4,444,Champions
13618,2011-06-19 11:09:00,1,532.02,174,3,1,1,311,Others
13619,2010-06-13 11:39:00,2,695.07,545,1,2,1,121,Lost
13620,2010-06-29 15:02:00,1,337.02,528,1,1,1,111,Lost
13621,2011-08-15 08:26:00,1,641.55,117,3,1,1,311,Others
13622,2010-01-12 13:22:00,1,1976.85,696,1,1,3,113,Lost
13623,2011-11-09 12:00:00,10,7699.47,31,4,5,4,454,Champions
13624,2010-11-16 13:43:00,1,1386.24,388,2,1,2,212,Lost
13625,2010-04-22 10:50:00,1,903.78,597,1,1,2,112,Lost
13626,2011-04-01 10:05:00,2,2121.12,253,2,2,3,223,Lost
13627,2011-10-11 14:20:00,7,6737.7,59,4,4,4,444,Champions
13628,2010-02-01 14:44:00,1,930.42,676,1,1,2,112,Lost
13629,2011-11-16 13:21:00,19,40112.58,23,4,5,5,455,Champions
13630,2011-12-04 15:16:00,7,6095.34,5,5,4,4,544,Champions
13631,2011-09-01 09:57:00,11,9211.26,100,3,5,5,355,Loyal Customers
13632,2011-11-15 10:51:00,8,10944.45,25,4,4,5,445,Champions
13634,2011-11-06 13:40:00,16,15220.41,33,4,5,5,455,Champions
13635,2011-10-03 10:55:00,4,8997.48,68,3,3,5,335,Loyal Customers
13636,2011-11-03 10:30:00,5,2847.36,37,4,4,3,443,Loyal Customers
13637,2011-10-18 13:32:00,3,2431.5,52,4,3,3,433,Loyal Customers
13638,2011-11-24 10:38:00,1,367.92,16,5,1,1,511,New Customers
13639,2011-09-26 13:36:00,2,4038.81,74,3,2,4,324,Others
13640,2010-04-07 15:33:00,1,1215.0,611,1,1,2,112,Lost
13641,2010-03-09 07:37:00,5,3049.41,641,1,4,3,143,At Risk
13642,2011-05-08 12:34:00,4,1544.16,216,2,3,2,232,Others
13643,2011-11-08 15:37:00,10,6470.31,31,4,5,4,454,Champions
13644,2011-11-23 14:07:00,4,7872.78,16,5,3,4,534,Loyal Customers
13645,2011-08-11 16:11:00,1,756.3,120,3,1,1,311,Others
13646,2010-11-05 12:13:00,2,978.75,400,2,2,2,222,Lost
13647,2011-11-30 12:00:00,8,9215.04,10,5,4,5,545,Champions
13648,2010-11-04 14:46:00,8,5292.06,400,2,4,4,244,At Risk
13649,2011-03-28 11:51:00,6,5036.64,257,2,4,4,244,At Risk
13650,2011-11-23 12:22:00,10,9864.0,17,5,5,5,555,Champions
13651,2011-11-04 14:59:00,3,680.55,35,4,3,1,431,Loyal Customers
13652,2011-10-25 08:51:00,5,7712.55,46,4,4,4,444,Champions
13653,2010-08-09 08:19:00,1,456.6,488,1,1,1,111,Lost
13654,2011-10-27 16:24:00,11,18924.0,43,4,5,5,455,Champions
13655,2011-08-17 14:25:00,6,6841.53,114,3,4,4,344,Loyal Customers
13656,2011-06-28 10:31:00,4,3236.55,165,3,3,3,333,Loyal Customers
13657,2011-11-29 12:32:00,2,1146.42,11,5,2,2,522,New Customers
13658,2011-11-30 10:13:00,9,18076.5,10,5,5,5,555,Champions
13659,2011-05-18 12:37:00,12,14684.64,206,2,5,5,255,At Risk
13660,2010-11-04 16:10:00,1,943.77,400,2,1,2,212,Lost
13661,2010-04-15 14:58:00,1,975.72,603,1,1,2,112,Lost
13662,2011-09-15 12:04:00,11,6750.33,86,3,5,4,354,Loyal Customers
13663,2011-06-13 15:44:00,5,6142.53,179,3,4,4,344,Loyal Customers
13665,2010-11-18 13:06:00,3,5134.98,386,2,3,4,234,At Risk
13666,2011-10-10 15:39:00,5,383.7,60,3,4,1,341,Loyal Customers
13667,2011-07-13 15:42:00,1,915.06,149,3,1,2,312,Others
13668,2011-12-07 12:11:00,35,39269.82,3,5,5,5,555,Champions
13669,2011-10-20 09:32:00,3,1240.65,51,4,3,2,432,Loyal Customers
13670,2011-09-25 15:25:00,1,1049.1,75,3,1,2,312,Others
13671,2010-11-10 10:50:00,1,584.85,395,2,1,1,211,Lost
13672,2011-02-11 13:53:00,3,1259.76,301,2,3,2,232,Others
13673,2011-11-21 12:11:00,2,1190.76,19,5,2,2,522,New Customers
13674,2010-10-03 10:41:00,1,722.04,433,1,1,1,111,Lost
13675,2011-07-11 12:57:00,2,1460.46,151,3,2,2,322,Others
13676,2010-06-18 17:30:00,2,731.7,539,1,2,1,121,Lost
13677,2010-10-31 11:32:00,2,1668.57,405,2,2,2,222,Lost
13678,2011-07-11 10:14:00,1,697.8,152,3,1,1,311,Others
13679,2010-08-03 12:13:00,3,843.78,494,1,3,1,131,Others
13680,2011-12-08 13:47:00,12,34307.01,1,5,5,5,555,Champions
13681,2011-11-22 11:13:00,4,2483.49,18,5,3,3,533,Loyal Customers
13682,2011-06-05 14:06:00,1,178.5,187,3,1,1,311,Others
13683,2010-09-08 10:00:00,1,775.8,458,1,1,1,111,Lost
13684,2011-02-27 10:13:00,4,1790.94,286,2,3,2,232,Others
13685,2011-12-07 11:41:00,7,9358.32,3,5,4,5,545,Champions
13686,2011-06-10 09:10:00,3,1227.12,183,3,3,2,332,Loyal Customers
13687,2010-09-27 16:30:00,1,35642.52,438,1,1,5,115,Lost
13688,2010-03-14 14:11:00,1,1126.5,635,1,1,2,112,Lost
13689,2011-10-07 13:21:00,2,3778.5,63,3,2,4,324,Others
13690,2011-10-11 15:03:00,1,516.75,59,4,1,1,411,New Customers
13691,2010-11-08 17:34:00,1,638.34,396,2,1,1,211,Lost
13692,2011-11-15 11:17:00,5,9343.2,25,4,4,5,445,Champions
13693,2010-11-30 18:21:00,9,6035.46,374,2,5,4,254,At Risk
13694,2011-12-06 09:32:00,143,589448.43,4,5,5,5,555,Champions
13695,2011-11-08 14:26:00,16,8312.19,31,4,5,4,454,Champions
13696,2010-10-14 09:44:00,3,6061.2,422,1,3,4,134,At Risk
13697,2011-11-01 09:14:00,1,453.9,39,4,1,1,411,New Customers
13698,2010-04-22 11:52:00,2,1396.59,597,1,2,2,122,Lost
13699,2011-07-07 16:51:00,2,2292.45,155,3,2,3,323,Others
13700,2011-11-13 13:00:00,13,7840.38,26,4,5,4,454,Champions
13701,2010-09-19 12:39:00,1,483.0,447,1,1,1,111,Lost
13702,2010-09-20 11:40:00,1,405.54,446,1,1,1,111,Lost
13703,2011-01-25 13:10:00,2,1276.68,318,2,2,2,222,Lost
13704,2011-12-04 15:13:00,9,6924.18,5,5,5,4,554,Champions
13705,2011-12-02 12:32:00,7,6105.99,8,5,4,4,544,Champions
13706,2011-02-10 09:21:00,2,1893.51,303,2,2,3,223,Lost
13707,2011-03-17 18:03:00,5,10097.58,267,2,4,5,245,At Risk
13708,2011-03-13 13:46:00,1,890.64,271,2,1,2,212,Lost
13709,2011-12-06 10:28:00,18,22775.25,4,5,5,5,555,Champions
13710,2011-11-08 08:16:00,3,1528.56,32,4,3,2,432,Loyal Customers
13711,2011-05-05 10:31:00,9,5376.78,219,2,5,4,254,At Risk
13712,2011-04-07 12:33:00,2,2299.26,247,2,2,3,223,Lost
13713,2010-10-27 16:18:00,3,2229.78,408,2,3,3,233,At Risk
13714,2010-08-31 13:57:00,1,484.05,465,1,1,1,111,Lost
13715,2011-03-03 19:21:00,17,25449.87,281,2,5,5,255,At Risk
13716,2011-03-15 13:49:00,1,414.84,269,2,1,1,211,Lost
13717,2011-11-07 14:13:00,8,5289.9,32,4,4,4,444,Champions
13718,2011-04-07 13:24:00,2,919.65,246,2,2,2,222,Lost
13719,2011-11-24 15:26:00,11,8445.75,15,5,5,4,554,Champions
13720,2011-08-15 12:46:00,4,2399.7,117,3,3,3,333,Loyal Customers
13721,2011-11-03 14:05:00,2,2224.62,36,4,2,3,423,New Customers
13722,2011-07-31 12:44:00,10,16906.23,132,3,5,5,355,Loyal Customers
13723,2011-05-06 17:04:00,6,3627.6,217,2,4,3,243,At Risk
13724,2010-03-12 15:28:00,1,639.03,637,1,1,1,111,Lost
13725,2011-10-21 10:03:00,8,5941.68,50,4,4,4,444,Champions
13726,2011-11-01 10:49:00,2,3238.98,39,4,2,3,423,New Customers
13727,2011-11-11 09:46:00,8,3240.15,29,4,4,3,443,Loyal Customers
13728,2011-11-03 10:49:00,16,8565.51,37,4,5,4,454,Champions
13729,2010-09-30 10:44:00,3,2174.19,436,1,3,3,133,At Risk
13730,2011-07-27 08:35:00,2,2257.8,136,3,2,3,323,Others
13731,2011-05-04 14:33:00,2,1831.77,219,2,2,2,222,Lost
13732,2011-11-11 15:49:00,1,1475.58,28,4,1,2,412,New Customers
13733,2010-10-25 12:18:00,2,1461.09,411,2,2,2,222,Lost
13734,2010-07-19 12:04:00,4,20104.92,509,1,3,5,135,At Risk
13735,2011-11-15 11:14:00,13,29439.66,25,4,5,5,455,Champions
13736,2011-12-04 15:19:00,7,8298.63,5,5,4,4,544,Champions
13737,2011-05-23 16:32:00,1,1018.8,200,2,1,2,212,Lost
13738,2010-11-08 15:23:00,1,1322.79,396,2,1,2,212,Lost
13739,2011-11-21 13:35:00,2,876.6,18,5,2,2,522,New Customers
13740,2011-04-13 10:32:00,5,4793.31,241,2,4,4,244,At Risk
13741,2011-09-29 09:19:00,3,2005.29,72,3,3,3,333,Loyal Customers
13742,2011-11-23 11:07:00,12,9393.06,17,5,5,5,555,Champions
13743,2011-12-07 10:09:00,7,4024.8,3,5,4,4,544,Champions
13744,2011-09-05 15:19:00,2,3469.08,95,3,2,3,323,Others
13745,2011-06-30 16:43:00,2,2332.08,162,3,2,3,323,Others
13746,2010-10-22 11:55:00,1,530.07,414,1,1,1,111,Lost
13747,2010-12-01 10:37:00,2,748.2,374,2,2,1,221,Lost
13748,2011-09-05 09:45:00,9,6805.05,96,3,5,4,354,Loyal Customers
13750,2011-10-17 12:16:00,11,10806.54,54,4,5,5,455,Champions
13751,2011-02-24 15:56:00,1,888.75,288,2,1,2,212,Lost
13752,2011-08-07 14:16:00,7,4772.19,124,3,4,4,344,Loyal Customers
13753,2011-02-25 12:48:00,4,6283.71,288,2,3,4,234,At Risk
13754,2011-07-11 11:51:00,3,1341.15,152,3,3,2,332,Loyal Customers
13755,2011-12-06 12:26:00,9,6484.05,4,5,5,4,554,Champions
13756,2011-12-07 16:44:00,23,27622.5,2,5,5,5,555,Champions
13757,2010-02-03 12:37:00,1,586.65,675,1,1,1,111,Lost
13758,2011-11-28 11:11:00,15,28250.94,12,5,5,5,555,Champions
13759,2011-11-06 14:47:00,2,1978.23,33,4,2,3,423,New Customers
13760,2011-10-16 16:13:00,5,4090.92,54,4,4,4,444,Champions
13761,2011-10-20 14:01:00,6,5856.51,50,4,4,4,444,Champions
13762,2011-05-05 09:15:00,5,7417.44,219,2,4,4,244,At Risk
13763,2011-10-07 15:13:00,3,15652.32,63,3,3,5,335,Loyal Customers
13764,2011-09-30 12:03:00,6,8859.78,71,3,4,4,344,Loyal Customers
13765,2010-02-24 13:46:00,1,1058.46,653,1,1,2,112,Lost
13766,2010-08-01 14:25:00,1,571.05,495,1,1,1,111,Lost
13767,2011-12-07 15:00:00,73,106621.59,2,5,5,5,555,Champions
13768,2009-12-13 10:41:00,2,2627.91,727,1,2,3,123,Lost
13769,2011-12-07 15:08:00,20,17401.26,2,5,5,5,555,Champions
13770,2010-10-13 15:10:00,4,2356.11,422,1,3,3,133,At Risk
13771,2011-10-06 14:18:00,9,17186.46,64,3,5,5,355,Loyal Customers
13772,2011-11-06 11:43:00,8,9342.66,34,4,4,5,445,Champions
13773,2010-11-08 11:49:00,2,904.62,397,2,2,2,222,Lost
13774,2011-09-19 12:06:00,1,1035.0,82,3,1,2,312,Others
13775,2010-04-28 12:15:00,1,3148.98,591,1,1,3,113,Lost
13776,2010-10-07 16:11:00,2,1871.94,428,1,2,3,123,Lost
13777,2011-12-09 12:25:00,61,169435.26,1,5,5,5,555,Champions
13778,2011-08-28 15:25:00,4,3373.47,103,3,3,3,333,Loyal Customers
13779,2010-07-12 11:24:00,1,483.39,516,1,1,1,111,Lost
13780,2011-12-02 13:49:00,3,2207.46,7,5,3,3,533,Loyal Customers
13781,2011-04-03 12:08:00,3,2336.49,251,2,3,3,233,At Risk
13782,2011-11-27 11:54:00,13,5381.16,13,5,5,4,554,Champions
13783,2010-08-09 09:23:00,4,4626.27,488,1,3,4,134,At Risk
13784,2011-11-30 09:33:00,14,8730.69,10,5,5,4,554,Champions
13785,2010-10-07 09:25:00,4,1627.47,429,1,3,2,132,Others
13786,2010-12-07 13:53:00,6,10076.82,367,2,4,5,245,At Risk
13787,2011-09-25 12:06:00,6,3667.5,76,3,4,3,343,Loyal Customers
13788,2010-07-22 15:50:00,1,11.25,505,1,1,1,111,Lost
13789,2010-11-16 15:31:00,1,718.38,388,2,1,1,211,Lost
13790,2011-12-05 15:48:00,1,1046.4,4,5,1,2,512,New Customers
13791,2011-08-04 11:44:00,2,4548.0,128,3,2,4,324,Others
13792,2011-10-04 14:31:00,3,1151.85,66,3,3,2,332,Loyal Customers
13793,2010-03-03 08:25:00,1,288.0,647,1,1,1,111,Lost
13794,2010-06-11 12:30:00,1,378.09,547,1,1,1,111,Lost
13795,2010-11-16 17:25:00,4,2508.9,388,2,3,3,233,At Risk
13796,2010-07-28 14:45:00,1,869.1,499,1,1,1,111,Lost
13797,2010-09-29 10:34:00,3,3538.35,437,1,3,3,133,At Risk
13798,2011-12-08 15:51:00,110,227510.61,1,5,5,5,555,Champions
13799,2011-08-15 12:07:00,9,8410.71,117,3,5,4,354,Loyal Customers
13800,2011-02-03 12:27:00,3,5038.68,310,2,3,4,234,At Risk
13801,2011-10-04 10:15:00,1,974.4,67,3,1,2,312,Others
13802,2011-07-24 10:54:00,19,78777.33,139,3,5,5,355,Loyal Customers
13803,2011-03-29 12:57:00,3,4016.73,255,2,3,4,234,At Risk
13804,2011-11-09 12:32:00,9,9625.56,31,4,5,5,455,Champions
13805,2011-10-18 14:50:00,2,2773.8,52,4,2,3,423,New Customers
13806,2011-10-07 11:43:00,1,769.14,64,3,1,1,311,Others
13807,2010-12-07 15:48:00,3,1604.4,367,2,3,2,232,Others
13808,2011-12-04 12:18:00,5,5242.98,6,5,4,4,544,Champions
13809,2011-02-07 13:15:00,3,2039.1,305,2,3,3,233,At Risk
13810,2011-11-11 08:33:00,3,4497.03,29,4,3,4,434,Loyal Customers
13811,2011-06-09 09:54:00,3,2443.5,184,3,3,3,333,Loyal Customers
13812,2011-10-28 14:27:00,3,1617.0,42,4,3,2,432,Loyal Customers
13813,2011-10-31 10:38:00,8,8296.41,40,4,4,4,444,Champions
13814,2011-09-08 13:48:00,3,6771.96,92,3,3,4,334,Loyal Customers
13815,2011-11-17 14:19:00,8,22427.22,22,4,4,5,445,Champions
13816,2011-11-16 08:38:00,2,1715.01,24,4,2,2,422,New Customers
13817,2011-11-10 17:49:00,2,1148.94,29,4,2,2,422,New Customers
13818,2010-10-06 12:35:00,1,183.84,430,1,1,1,111,Lost
13819,2011-02-11 10:38:00,6,7927.05,302,2,4,4,244,At Risk
13820,2010-10-17 13:46:00,3,1981.95,418,1,3,3,133,At Risk
13821,2011-07-18 09:49:00,6,4232.19,145,3,4,4,344,Loyal Customers
13822,2011-12-04 12:13:00,2,1896.0,6,5,2,3,523,New Customers
13823,2011-11-21 10:22:00,7,10210.35,19,5,4,5,545,Champions
13824,2011-11-07 12:41:00,12,9944.28,33,4,5,5,455,Champions
13825,2010-03-28 11:02:00,2,766.77,622,1,2,1,121,Lost
13826,2011-06-16 13:48:00,1,568.5,176,3,1,1,311,Others
13827,2011-10-13 12:38:00,3,1236.15,58,4,3,2,432,Loyal Customers
13828,2011-11-17 16:02:00,1,628.47,22,4,1,1,411,New Customers
13829,2010-10-14 18:19:00,1,306.0,421,1,1,1,111,Lost
13830,2010-05-07 12:24:00,1,470.55,582,1,1,1,111,Lost
13831,2011-11-23 15:41:00,18,21070.74,16,5,5,5,555,Champions
13832,2011-11-20 15:36:00,2,1841.07,19,5,2,2,522,New Customers
13833,2011-07-03 13:27:00,2,2104.08,159,3,2,3,323,Others
13834,2010-05-12 10:27:00,2,972.57,577,1,2,2,122,Lost
13835,2011-11-14 15:37:00,7,3285.81,25,4,4,3,443,Loyal Customers
13836,2010-11-05 13:31:00,2,1861.11,399,2,2,3,223,Lost
13837,2011-05-12 12:10:00,2,813.72,212,2,2,1,221,Lost
13838,2011-12-04 11:00:00,10,5898.27,6,5,5,4,554,Champions
13839,2010-08-10 13:52:00,1,419.85,486,1,1,1,111,Lost
13840,2010-10-19 13:34:00,1,1954.2,416,1,1,3,113,Lost
13841,2011-04-01 12:10:00,1,255.0,253,2,1,1,211,Lost
13842,2011-10-12 10:51:00,18,16889.73,59,4,5,5,455,Champions
13843,2010-11-23 17:48:00,1,959.25,381,2,1,2,212,Lost
13844,2011-11-28 13:21:00,1,1084.86,11,5,1,2,512,New Customers
13845,2011-10-06 08:25:00,1,938.94,65,3,1,2,312,Others
13846,2011-11-15 12:07:00,4,3923.37,25,4,3,4,434,Loyal Customers
13847,2009-12-20 10:41:00,1,932.16,720,1,1,2,112,Lost
13848,2011-09-08 12:58:00,8,10005.0,92,3,4,5,345,Loyal Customers
13849,2011-10-19 10:59:00,5,10407.9,52,4,4,5,445,Champions
13850,2011-08-02 14:04:00,1,4786.44,129,3,1,4,314,Others
13851,2011-09-05 12:36:00,8,13819.38,96,3,4,5,345,Loyal Customers
13852,2010-04-08 09:06:00,1,562.05,611,1,1,1,111,Lost
13853,2011-10-13 14:18:00,1,3270.42,57,4,1,3,413,New Customers
13854,2011-12-01 09:06:00,39,36761.88,9,5,5,5,555,Champions
13855,2010-07-27 09:53:00,4,3931.02,501,1,3,4,134,At Risk
13856,2011-06-24 10:03:00,11,3426.09,169,3,5,3,353,Loyal Customers
13857,2010-11-11 12:54:00,6,3003.03,393,2,4,3,243,At Risk
13858,2011-10-13 16:17:00,1,648.51,57,4,1,1,411,New Customers
13859,2011-01-17 16:14:00,2,1547.58,326,2,2,2,222,Lost
13860,2011-12-08 12:57:00,5,3737.7,1,5,4,3,543,Loyal Customers
13861,2010-10-06 14:20:00,2,819.78,429,1,2,1,121,Lost
13862,2011-11-21 16:24:00,9,7668.27,18,5,5,4,554,Champions
13863,2011-04-06 10:20:00,4,3718.65,248,2,3,3,233,At Risk
13864,2010-11-18 12:50:00,1,1987.2,387,2,1,3,213,Lost
13865,2011-10-12 13:31:00,4,1504.68,58,4,3,2,432,Loyal Customers
13866,2011-09-26 14:54:00,1,437.01,74,3,1,1,311,Others
13867,2011-11-08 15:48:00,3,3045.87,31,4,3,3,433,Loyal Customers
13868,2011-12-02 16:32:00,2,9577.62,7,5,2,5,525,New Customers
13869,2011-08-08 13:53:00,10,24334.71,123,3,5,5,355,Loyal Customers
13870,2011-12-07 13:23:00,15,17136.24,2,5,5,5,555,Champions
13871,2011-11-17 10:49:00,17,23657.55,23,4,5,5,455,Champions
13872,2010-06-30 15:35:00,3,2758.71,527,1,3,3,133,At Risk
13873,2011-08-12 10:08:00,8,3116.76,120,3,4,3,343,Loyal Customers
13874,2010-12-16 18:20:00,7,6147.45,358,2,4,4,244,At Risk
13875,2011-10-17 09:36:00,14,14443.11,54,4,5,5,455,Champions
13876,2011-10-07 10:22:00,1,368.1,64,3,1,1,311,Others
13877,2011-09-14 15:49:00,3,1349.04,86,3,3,2,332,Loyal Customers
13878,2011-10-16 12:19:00,4,7419.18,55,4,3,4,434,Loyal Customers
13879,2010-03-04 10:49:00,1,1186.5,646,1,1,2,112,Lost
13880,2011-11-18 13:44:00,17,13174.98,21,4,5,5,455,Champions
13881,2011-12-06 12:50:00,43,135537.3,4,5,5,5,555,Champions
13882,2011-12-07 11:16:00,5,3573.39,3,5,4,3,543,Loyal Customers
13883,2011-11-29 10:45:00,15,19680.06,11,5,5,5,555,Champions
13884,2011-12-02 16:30:00,10,5665.44,7,5,5,4,554,Champions
13885,2011-06-03 15:07:00,2,1520.4,189,3,2,2,322,Others
13886,2011-09-29 13:17:00,1,730.68,71,3,1,1,311,Others
13887,2011-05-19 17:22:00,1,1048.65,204,2,1,2,212,Lost
13888,2011-08-12 10:13:00,7,6507.15,120,3,4,4,344,Loyal Customers
13889,2011-09-08 09:13:00,6,5973.69,93,3,4,4,344,Loyal Customers
13890,2011-12-08 15:36:00,14,8782.14,1,5,5,4,554,Champions
13891,2010-11-26 15:57:00,3,2590.68,378,2,3,3,233,At Risk
13892,2011-11-13 11:50:00,6,3802.95,27,4,4,4,444,Champions
13893,2011-02-15 11:30:00,1,2463.3,298,2,1,3,213,Lost
13894,2011-11-16 09:44:00,3,1693.86,24,4,3,2,432,Loyal Customers
13895,2011-11-11 16:57:00,6,12025.56,28,4,4,5,445,Champions
13896,2010-03-24 08:55:00,1,1165.65,626,1,1,2,112,Lost
13897,2011-10-20 14:30:00,3,3482.16,50,4,3,3,433,Loyal Customers
13898,2011-01-18 10:28:00,2,2059.2,326,2,2,3,223,Lost
13899,2011-11-23 13:40:00,2,1165.56,16,5,2,2,522,New Customers
13900,2011-06-09 19:26:00,6,4831.77,183,3,4,4,344,Loyal Customers
13901,2011-09-28 14:48:00,15,17029.02,72,3,5,5,355,Loyal Customers
13902,2010-03-17 13:09:00,5,102285.78,632,1,4,5,145,At Risk
13903,2010-11-04 17:44:00,1,496.35,400,2,1,1,211,Lost
13904,2011-11-02 13:41:00,2,997.92,37,4,2,2,422,New Customers
13905,2009-12-07 11:41:00,1,937.95,733,1,1,2,112,Lost
13906,2010-10-26 15:00:00,1,126.0,409,2,1,1,211,Lost
13907,2010-01-17 12:22:00,1,410.4,692,1,1,1,111,Lost
13908,2011-09-21 11:49:00,4,7108.65,80,3,3,4,334,Loyal Customers
13909,2010-10-12 17:22:00,2,859.8,423,1,2,1,121,Lost
13911,2011-10-13 15:43:00,20,12704.97,57,4,5,5,455,Champions
13912,2010-10-12 08:43:00,1,374.85,424,1,1,1,111,Lost
13913,2010-07-21 10:11:00,1,126.66,507,1,1,1,111,Lost
13914,2011-11-28 10:35:00,2,1879.35,12,5,2,3,523,New Customers
13915,2010-11-10 15:17:00,1,212.4,394,2,1,1,211,Lost
13916,2010-09-02 10:04:00,4,3827.43,464,1,3,4,134,At Risk
13917,2011-10-21 09:56:00,2,816.12,50,4,2,1,421,New Customers
13918,2011-10-21 12:25:00,2,3638.52,50,4,2,3,423,New Customers
13919,2011-10-11 14:24:00,4,4082.04,59,4,3,4,434,Loyal Customers
13920,2010-10-04 12:37:00,4,5324.04,432,1,3,4,134,At Risk
13921,2010-11-02 16:32:00,4,2192.1,402,2,3,3,233,At Risk
13922,2010-12-23 10:38:00,3,2595.6,352,2,3,3,233,At Risk
13923,2011-10-17 12:33:00,1,1053.39,54,4,1,2,412,New Customers
13924,2011-12-08 09:39:00,6,5516.55,2,5,4,4,544,Champions
13925,2011-09-08 12:47:00,4,2034.75,93,3,3,3,333,Loyal Customers
13926,2011-11-16 13:16:00,1,671.55,23,4,1,1,411,New Customers
13927,2011-09-26 12:00:00,2,2124.78,75,3,2,3,323,Others
13928,2011-11-29 10:33:00,4,1393.71,11,5,3,2,532,Loyal Customers
13929,2011-06-23 15:26:00,11,10482.3,169,3,5,5,355,Loyal Customers
13930,2011-10-13 09:45:00,2,1012.02,58,4,2,2,422,New Customers
13931,2011-09-05 10:12:00,11,15772.14,96,3,5,5,355,Loyal Customers
13932,2011-02-18 12:02:00,1,922.2,295,2,1,2,212,Lost
13933,2011-08-22 14:03:00,2,1826.37,109,3,2,2,322,Others
13934,2011-03-21 08:39:00,1,2766.3,264,2,1,3,213,Lost
13935,2010-04-22 11:21:00,3,18350.76,597,1,3,5,135,At Risk
13936,2011-06-13 08:47:00,3,2818.98,180,3,3,3,333,Loyal Customers
13937,2011-06-23 16:35:00,2,2640.39,169,3,2,3,323,Others
13938,2011-11-04 14:37:00,1,214.98,35,4,1,1,411,New Customers
13939,2011-11-16 13:33:00,7,4682.88,23,4,4,4,444,Champions
13940,2011-11-22 15:15:00,4,2517.42,17,5,3,3,533,Loyal Customers
13941,2011-11-18 09:43:00,15,33366.9,22,4,5,5,455,Champions
13942,2010-06-23 12:35:00,1,960.0,535,1,1,2,112,Lost
13943,2010-05-11 11:30:00,1,739.62,578,1,1,1,111,Lost
13944,2010-02-24 15:02:00,1,601.29,653,1,1,1,111,Lost
13945,2010-11-10 10:00:00,2,2562.45,395,2,2,3,223,Lost
13946,2011-09-21 13:33:00,6,5628.69,79,3,4,4,344,Loyal Customers
13947,2011-10-05 14:42:00,1,271.8,65,3,1,1,311,Others
13948,2010-12-14 10:18:00,4,1646.28,361,2,3,2,232,Others
13949,2011-12-07 09:35:00,6,7281.96,3,5,4,4,544,Champions
13950,2011-11-28 14:44:00,4,2235.18,11,5,3,3,533,Loyal Customers
13951,2011-06-16 16:43:00,3,2023.35,176,3,3,3,333,Loyal Customers
13952,2011-05-06 09:00:00,14,38470.56,218,2,5,5,255,At Risk
13953,2011-12-02 16:04:00,12,19922.04,7,5,5,5,555,Champions
13954,2011-12-08 12:50:00,2,1319.76,2,5,2,2,522,New Customers
13955,2011-07-08 17:19:00,3,1635.51,154,3,3,2,332,Loyal Customers
13956,2011-12-04 13:20:00,5,3079.26,5,5,4,3,543,Loyal Customers
13957,2010-10-18 10:02:00,3,1374.75,418,1,3,2,132,Others
13958,2010-11-25 10:11:00,8,14127.69,380,2,4,5,245,At Risk
13959,2011-09-21 15:06:00,6,3228.54,79,3,4,3,343,Loyal Customers
13960,2011-11-18 15:27:00,2,690.66,21,4,2,1,421,New Customers
13961,2010-11-12 14:40:00,1,1615.2,392,2,1,2,212,Lost
13962,2011-11-18 08:47:00,3,1088.4,22,4,3,2,432,Loyal Customers
13963,2011-02-04 14:43:00,17,9035.61,308,2,5,5,255,At Risk
13964,2010-11-17 13:53:00,2,1316.7,387,2,2,2,222,Lost
13965,2010-08-20 10:40:00,3,2989.83,477,1,3,3,133,At Risk
13966,2010-09-30 13:08:00,1,1172.58,435,1,1,2,112,Lost
13967,2011-07-17 12:02:00,2,498.9,146,3,2,1,321,Others
13968,2010-10-12 13:22:00,1,370.98,423,1,1,1,111,Lost
13969,2011-12-02 15:11:00,35,40097.61,7,5,5,5,555,Champions
13970,2010-11-18 13:21:00,2,2539.65,386,2,2,3,223,Lost
13971,2011-11-21 12:06:00,14,14002.71,19,5,5,5,555,Champions
13972,2011-09-30 11:54:00,2,570.75,71,3,2,1,321,Others
13973,2011-02-25 15:21:00,1,794.1,287,2,1,1,211,Lost
13974,2011-10-21 14:41:00,2,2033.16,49,4,2,3,423,New Customers
13975,2011-11-08 13:19:00,12,16076.52,31,4,5,5,455,Champions
13976,2011-05-17 09:13:00,4,3577.08,207,2,3,3,233,At Risk
13977,2010-10-24 14:08:00,1,1559.43,411,2,1,2,212,Lost
13978,2011-11-25 11:36:00,2,590.37,15,5,2,1,521,New Customers
13979,2011-09-27 13:32:00,7,10248.69,73,3,4,5,345,Loyal Customers
13980,2011-10-10 13:34:00,5,2399.76,60,3,4,3,343,Loyal Customers
13981,2010-10-20 10:03:00,1,993.42,416,1,1,2,112,Lost
13982,2011-10-31 16:24:00,9,13336.77,39,4,5,5,455,Champions
13983,2011-11-10 11:06:00,21,21325.35,30,4,5,5,455,Champions
13984,2011-11-13 12:38:00,12,6145.8,27,4,5,4,454,Champions
13985,2011-12-05 17:06:00,22,30062.58,4,5,5,5,555,Champions
13986,2011-11-22 15:00:00,1,961.38,17,5,1,2,512,New Customers
13987,2010-11-25 10:20:00,2,2047.62,380,2,2,3,223,Lost
13988,2011-11-20 10:15:00,8,14273.4,20,4,4,5,445,Champions
13989,2011-10-05 09:47:00,5,6078.18,66,3,4,4,344,Loyal Customers
13990,2011-05-10 15:19:00,1,933.9,213,2,1,2,212,Lost
13991,2011-11-27 16:18:00,6,2567.91,12,5,4,3,543,Loyal Customers
13992,2011-11-09 15:23:00,3,658.5,30,4,3,1,431,Loyal Customers
13993,2011-10-28 09:06:00,19,20327.13,43,4,5,5,455,Champions
13994,2011-12-06 11:05:00,6,6939.42,4,5,4,4,544,Champions
13995,2011-11-24 14:22:00,14,11706.03,15,5,5,5,555,Champions
13996,2010-11-18 16:27:00,2,2687.28,386,2,2,3,223,Lost
13997,2010-07-08 18:06:00,3,1146.93,519,1,3,2,132,Others
13998,2010-09-19 10:20:00,3,1700.1,447,1,3,2,132,Others
13999,2011-11-29 13:40:00,29,28506.78,10,5,5,5,555,Champions
14000,2011-05-12 16:50:00,5,6139.02,211,2,4,4,244,At Risk
14001,2011-10-25 10:31:00,9,13590.27,46,4,5,5,455,Champions
14002,2011-07-28 15:55:00,2,1589.19,134,3,2,2,322,Others
14003,2009-12-07 08:53:00,1,628.23,733,1,1,1,111,Lost
14004,2011-10-27 14:40:00,11,18775.35,43,4,5,5,455,Champions
14005,2011-11-30 12:41:00,5,8624.16,10,5,4,4,544,Champions
14006,2011-08-16 09:39:00,7,6590.01,116,3,4,4,344,Loyal Customers
14007,2010-07-15 09:06:00,1,238.44,513,1,1,1,111,Lost
14008,2010-10-03 13:09:00,1,1527.12,432,1,1,2,112,Lost
14009,2011-05-25 15:47:00,3,3299.73,198,2,3,3,233,At Risk
14010,2010-05-23 13:00:00,2,1335.45,565,1,2,2,122,Lost
14011,2010-08-16 15:31:00,2,1373.46,480,1,2,2,122,Lost
14012,2011-03-07 12:26:00,1,986.4,278,2,1,2,212,Lost
14013,2011-08-21 15:01:00,5,3253.71,110,3,4,3,343,Loyal Customers
14014,2011-09-23 13:18:00,3,5844.63,77,3,3,4,334,Loyal Customers
14015,2011-10-18 10:02:00,1,2752.02,53,4,1,3,413,New Customers
14016,2011-07-01 11:29:00,11,34210.23,162,3,5,5,355,Loyal Customers
14017,2010-05-17 14:52:00,1,689.25,571,1,1,1,111,Lost
14018,2010-03-04 14:23:00,1,1101.45,645,1,1,2,112,Lost
14019,2011-10-24 10:13:00,3,4264.83,47,4,3,4,434,Loyal Customers
14020,2011-11-23 09:22:00,4,3747.03,17,5,3,4,534,Loyal Customers
14021,2011-07-07 15:46:00,7,5149.74,155,3,4,4,344,Loyal Customers
14022,2011-04-28 14:39:00,2,2376.45,225,2,2,3,223,Lost
14023,2011-12-02 13:58:00,2,1752.21,7,5,2,2,522,New Customers
14024,2011-08-10 11:30:00,3,1937.22,122,3,3,3,333,Loyal Customers
14025,2010-09-01 10:11:00,8,12173.7,465,1,4,5,145,At Risk
14026,2010-08-26 10:31:00,2,2139.33,471,1,2,3,123,Lost
14027,2011-10-10 09:01:00,1,314.46,61,3,1,1,311,Others
14028,2010-06-07 13:33:00,3,31189.5,550,1,3,5,135,At Risk
14029,2011-10-07 14:46:00,2,1402.98,63,3,2,2,322,Others
14030,2011-11-21 16:48:00,20,24786.87,18,5,5,5,555,Champions
14031,2011-12-02 17:13:00,44,122997.51,7,5,5,5,555,Champions
14032,2011-12-07 15:23:00,16,14550.81,2,5,5,5,555,Champions
14033,2010-06-02 15:10:00,1,328.32,555,1,1,1,111,Lost
14034,2011-11-17 14:02:00,3,1955.46,22,4,3,3,433,Loyal Customers
14035,2011-11-11 10:03:00,9,8570.16,29,4,5,4,454,Champions
14036,2011-02-28 09:26:00,1,1879.95,285,2,1,3,213,Lost
14037,2011-06-16 13:57:00,6,2510.85,176,3,4,3,343,Loyal Customers
14038,2011-09-22 13:37:00,5,9209.64,78,3,4,5,345,Loyal Customers
14039,2011-11-06 13:48:00,2,801.84,33,4,2,1,421,New Customers
14040,2011-10-30 12:42:00,35,37936.71,41,4,5,5,455,Champions
14041,2011-03-18 13:25:00,1,424.23,266,2,1,1,211,Lost
14042,2009-12-14 15:07:00,1,1295.94,725,1,1,2,112,Lost
14043,2010-08-05 18:18:00,2,912.75,491,1,2,2,122,Lost
14044,2011-11-13 12:05:00,10,9369.3,27,4,5,5,455,Champions
14045,2011-08-22 15:27:00,16,33939.09,109,3,5,5,355,Loyal Customers
14046,2011-02-28 14:48:00,1,464.97,284,2,1,1,211,Lost
14047,2011-12-01 11:43:00,14,12765.09,9,5,5,5,555,Champions
14048,2011-02-07 14:53:00,3,2246.07,305,2,3,3,233,At Risk
14049,2011-11-23 12:20:00,13,39717.09,17,5,5,5,555,Champions
14050,2011-11-08 10:00:00,2,2239.08,32,4,2,3,423,New Customers
14051,2011-12-09 10:20:00,37,67302.0,1,5,5,5,555,Champions
14052,2011-11-20 12:30:00,2,1442.43,20,4,2,2,422,New Customers
14053,2011-08-07 14:27:00,4,1716.9,124,3,3,2,332,Loyal Customers
14054,2011-10-05 15:49:00,1,277.38,65,3,1,1,311,Others
14055,2011-08-25 15:04:00,3,4562.88,106,3,3,4,334,Loyal Customers
14056,2011-12-08 13:36:00,23,24643.95,1,5,5,5,555,Champions
14057,2011-11-16 10:32:00,22,25226.52,24,4,5,5,455,Champions
14058,2010-09-03 09:31:00,2,1407.57,463,1,2,2,122,Lost
14059,2011-03-18 10:06:00,1,550.8,267,2,1,1,211,Lost
14060,2011-12-05 12:29:00,30,28557.24,5,5,5,5,555,Champions
14061,2010-07-20 17:22:00,3,2752.29,507,1,3,3,133,At Risk
14062,2011-11-30 10:04:00,24,76812.6,10,5,5,5,555,Champions
14063,2010-09-27 16:18:00,9,68130.6,438,1,5,5,155,At Risk
14064,2011-11-10 13:14:00,15,9997.26,29,4,5,5,455,Champions
14065,2010-11-15 16:13:00,3,2673.06,389,2,3,3,233,At Risk
14066,2011-03-18 12:21:00,1,457.65,267,2,1,1,211,Lost
14067,2011-10-07 10:21:00,2,1124.1,64,3,2,2,322,Others
14068,2011-01-23 16:02:00,4,4585.11,320,2,3,4,234,At Risk
14069,2010-07-13 12:12:00,2,690.18,515,1,2,1,121,Lost
14070,2010-01-24 12:27:00,1,979.65,685,1,1,2,112,Lost
14071,2011-12-06 12:27:00,8,4316.46,4,5,4,4,544,Champions
14072,2010-02-11 12:31:00,1,1172.55,667,1,1,2,112,Lost
14073,2011-11-07 15:49:00,1,453.12,32,4,1,1,411,New Customers
14074,2010-03-26 13:55:00,1,658.2,623,1,1,1,111,Lost
14075,2011-12-05 08:38:00,6,5204.61,5,5,4,4,544,Champions
14076,2011-08-02 15:19:00,1,367.41,129,3,1,1,311,Others
14077,2011-10-30 12:35:00,6,1845.24,41,4,4,2,442,Loyal Customers
14078,2011-08-30 12:16:00,9,5077.89,102,3,5,4,354,Loyal Customers
14079,2011-08-07 12:10:00,2,1856.19,125,3,2,3,323,Others
14080,2011-11-07 11:09:00,5,3347.04,33,4,4,3,443,Loyal Customers
14081,2011-02-10 16:17:00,10,16110.3,302,2,5,5,255,At Risk
14082,2010-12-10 11:02:00,2,1240.08,365,2,2,2,222,Lost
14083,2011-12-05 13:14:00,11,4221.78,4,5,5,4,554,Champions
14084,2010-07-15 14:36:00,1,451.5,512,1,1,1,111,Lost
14085,2011-12-07 13:46:00,33,30314.91,2,5,5,5,555,Champions
14086,2010-09-03 10:52:00,1,119.85,463,1,1,1,111,Lost
14087,2011-12-07 12:41:00,3,2538.66,3,5,3,3,533,Loyal Customers
14088,2011-11-29 16:16:00,16,192110.4,10,5,5,5,555,Champions
14089,2011-10-14 10:38:00,1,483.0,57,4,1,1,411,New Customers
14090,2011-01-19 10:51:00,1,228.96,325,2,1,1,211,Lost
14091,2010-02-23 15:17:00,2,28590.24,654,1,2,5,125,Lost
14092,2011-12-02 12:13:00,24,21688.35,8,5,5,5,555,Champions
14093,2011-11-27 16:27:00,1,1328.55,12,5,1,2,512,New Customers
14094,2010-09-26 11:58:00,1,1005.66,440,1,1,2,112,Lost
14095,2009-12-17 12:49:00,1,8.85,723,1,1,1,111,Lost
14096,2011-12-05 17:17:00,17,195494.37,4,5,5,5,555,Champions
14097,2010-08-15 14:20:00,2,1268.58,481,1,2,2,122,Lost
14098,2011-11-03 10:13:00,1,442.05,37,4,1,1,411,New Customers
14099,2011-11-23 13:53:00,20,17297.13,16,5,5,5,555,Champions
14100,2011-07-25 11:01:00,1,584.7,138,3,1,1,311,Others
14101,2011-09-27 12:28:00,13,29885.79,74,3,5,5,355,Loyal Customers
14102,2011-12-04 15:38:00,5,4080.84,5,5,4,4,544,Champions
14103,2010-02-12 14:58:00,1,0.0,665,1,1,1,111,Lost
14104,2011-07-08 12:50:00,5,2314.74,155,3,4,3,343,Loyal Customers
14105,2011-04-14 17:58:00,5,17966.49,239,2,4,5,245,At Risk
14106,2009-12-02 14:09:00,1,644.4,737,1,1,1,111,Lost
14107,2011-10-19 12:12:00,11,14631.9,52,4,5,5,455,Champions
14108,2011-11-09 10:41:00,4,3134.88,31,4,3,3,433,Loyal Customers
14109,2011-09-28 10:18:00,1,432.6,73,3,1,1,311,Others
14110,2011-12-06 12:26:00,33,38963.85,4,5,5,5,555,Champions
14111,2011-11-25 13:44:00,4,2078.55,14,5,3,3,533,Loyal Customers
14112,2011-11-17 12:30:00,13,17503.77,23,4,5,5,455,Champions
14113,2011-12-06 12:18:00,16,21277.83,4,5,5,5,555,Champions
14114,2011-03-11 09:42:00,7,4092.27,274,2,4,4,244,At Risk
14115,2010-07-26 12:36:00,2,1868.01,502,1,2,3,123,Lost
14116,2011-11-20 10:29:00,5,4148.22,20,4,4,4,444,Champions
14117,2011-07-19 09:49:00,1,270.0,144,3,1,1,311,Others
14118,2010-10-07 11:59:00,1,1375.35,429,1,1,2,112,Lost
14119,2010-11-29 10:33:00,2,550.11,376,2,2,1,221,Lost
14121,2011-12-06 12:19:00,4,8340.45,4,5,3,4,534,Loyal Customers
14122,2010-10-29 15:11:00,3,1087.26,406,2,3,2,232,Others
14123,2009-12-06 15:35:00,1,1308.54,733,1,1,2,112,Lost
14124,2011-09-16 13:32:00,1,1258.74,84,3,1,2,312,Others
14125,2011-11-29 12:47:00,3,8221.29,11,5,3,4,534,Loyal Customers
14126,2011-12-02 11:45:00,4,3517.38,8,5,3,3,533,Loyal Customers
14127,2011-08-09 10:49:00,6,5700.24,123,3,4,4,344,Loyal Customers
14128,2011-10-10 12:00:00,3,2772.63,61,3,3,3,333,Loyal Customers
14129,2011-12-08 11:02:00,9,7774.02,2,5,5,4,554,Champions
14130,2011-01-24 16:05:00,4,5648.01,319,2,3,4,234,At Risk
14131,2010-03-01 11:59:00,1,563.61,649,1,1,1,111,Lost
14132,2011-12-07 13:35:00,11,10758.09,2,5,5,5,555,Champions
14133,2011-08-02 11:34:00,4,2733.42,130,3,3,3,333,Loyal Customers
14134,2010-11-22 12:26:00,15,33370.05,383,2,5,5,255,At Risk
14135,2011-12-08 11:38:00,24,28931.76,2,5,5,5,555,Champions
14136,2010-11-04 11:53:00,5,4712.43,401,2,4,4,244,At Risk
14137,2010-01-13 12:30:00,1,998.1,696,1,1,2,112,Lost
14138,2011-12-08 12:44:00,2,2947.14,2,5,2,3,523,New Customers
14139,2011-10-24 13:34:00,4,3260.4,46,4,3,3,433,Loyal Customers
14140,2011-12-06 09:05:00,2,2805.15,4,5,2,3,523,New Customers
14141,2011-12-07 09:53:00,4,2745.39,3,5,3,3,533,Loyal Customers
14142,2010-12-01 16:33:00,2,2949.45,373,2,2,3,223,Lost
14143,2011-07-29 09:48:00,1,347.4,134,3,1,1,311,Others
14144,2010-08-10 15:17:00,1,91.8,486,1,1,1,111,Lost
14145,2011-10-24 12:10:00,7,22800.15,47,4,4,5,445,Champions
14146,2011-12-01 10:18:00,12,28350.9,9,5,5,5,555,Champions
14147,2011-09-22 18:10:00,9,7770.6,78,3,5,4,354,Loyal Customers
14148,2011-04-20 12:02:00,2,1398.87,234,2,2,2,222,Lost
14149,2011-05-03 09:44:00,1,1339.86,221,2,1,2,212,Lost
14150,2011-11-04 10:05:00,2,1975.92,36,4,2,3,423,New Customers
14151,2010-02-04 15:35:00,2,2038.35,673,1,2,3,123,Lost
14152,2011-09-25 12:54:00,7,5992.02,75,3,4,4,344,Loyal Customers
14153,2010-08-13 14:35:00,1,700.2,483,1,1,1,111,Lost
14154,2011-04-14 16:26:00,8,19382.1,239,2,4,5,245,At Risk
14155,2011-03-18 14:13:00,1,356.25,266,2,1,1,211,Lost
14156,2011-11-30 10:54:00,156,941839.11,10,5,5,5,555,Champions
14157,2011-11-20 11:32:00,5,3008.34,20,4,4,3,443,Loyal Customers
14158,2011-10-30 15:08:00,1,1522.98,40,4,1,2,412,New Customers
14159,2011-11-20 12:36:00,20,23814.03,20,4,5,5,455,Champions
14160,2010-04-08 14:30:00,7,25264.41,610,1,4,5,145,At Risk
14161,2011-05-08 11:41:00,7,9956.64,216,2,4,5,245,At Risk
14162,2011-06-19 11:36:00,2,868.08,174,3,2,1,321,Others
14163,2011-09-13 15:18:00,5,7783.86,87,3,4,4,344,Loyal Customers
14164,2011-09-30 12:24:00,2,4895.31,71,3,2,4,324,Others
14165,2011-03-09 12:39:00,1,367.62,276,2,1,1,211,Lost
14166,2010-07-22 19:42:00,2,770.55,505,1,2,1,121,Lost
14167,2011-10-31 14:29:00,8,3889.47,39,4,4,4,444,Champions
14168,2010-10-15 10:49:00,2,1111.35,421,1,2,2,122,Lost
14169,2010-10-05 08:45:00,2,1873.29,431,1,2,3,123,Lost
14170,2010-11-29 13:10:00,3,1791.99,375,2,3,2,232,Others
14171,2011-09-02 16:43:00,2,1496.37,98,3,2,2,322,Others
14172,2010-04-13 13:26:00,3,1208.16,605,1,3,2,132,Others
14173,2011-11-29 11:54:00,6,1758.0,11,5,4,2,542,Loyal Customers
14174,2011-11-06 13:17:00,1,403.38,33,4,1,1,411,New Customers
14175,2011-10-11 11:55:00,8,23036.64,60,3,4,5,345,Loyal Customers
14176,2011-02-15 13:12:00,5,2748.03,297,2,4,3,243,At Risk
14177,2011-09-14 15:11:00,13,6688.02,86,3,5,4,354,Loyal Customers
14178,2011-12-01 12:01:00,7,4862.79,9,5,4,4,544,Champions
14179,2011-10-30 12:07:00,2,2159.34,41,4,2,3,423,New Customers
14180,2011-11-29 10:56:00,33,18957.75,11,5,5,5,555,Champions
14181,2010-10-25 08:27:00,2,931.65,411,2,2,2,222,Lost
14182,2010-09-22 11:45:00,4,2036.31,444,1,3,3,133,At Risk
14183,2010-10-24 14:45:00,2,858.87,411,2,2,1,221,Lost
14184,2011-10-04 12:43:00,1,1358.67,67,3,1,2,312,Others
14185,2011-01-12 13:52:00,1,592.95,331,2,1,1,211,Lost
14186,2010-10-08 13:30:00,5,4651.89,427,1,4,4,144,At Risk
14187,2010-08-23 12:06:00,1,370.5,474,1,1,1,111,Lost
14188,2011-11-09 12:45:00,6,6163.08,31,4,4,4,444,Champions
14189,2011-12-07 15:55:00,16,17443.17,2,5,5,5,555,Champions
14190,2010-02-11 14:27:00,1,239.7,666,1,1,1,111,Lost
14191,2011-12-08 09:23:00,15,14452.98,2,5,5,5,555,Champions
14192,2010-11-16 17:44:00,1,881.22,388,2,1,2,212,Lost
14193,2011-10-03 09:34:00,3,3630.57,68,3,3,3,333,Loyal Customers
14194,2011-12-05 10:38:00,36,56011.77,5,5,5,5,555,Champions
14195,2011-05-22 10:29:00,6,7846.8,202,2,4,4,244,At Risk
14196,2011-08-25 10:25:00,1,1006.56,107,3,1,2,312,Others
14197,2010-10-25 10:01:00,1,1170.15,411,2,1,2,212,Lost
14198,2011-11-21 16:35:00,9,4709.19,18,5,5,4,554,Champions
14199,2011-05-05 13:44:00,4,3275.1,218,2,3,3,233,At Risk
14200,2010-04-01 13:01:00,1,1137.6,617,1,1,2,112,Lost
14201,2011-10-10 13:27:00,10,3580.62,60,3,5,3,353,Loyal Customers
14202,2010-11-23 17:13:00,3,2543.28,381,2,3,3,233,At Risk
14203,2010-11-07 13:35:00,1,1018.02,397,2,1,2,212,Lost
14204,2011-12-07 13:38:00,4,3188.88,2,5,3,3,533,Loyal Customers
14205,2011-11-23 10:55:00,9,7242.6,17,5,5,4,554,Champions
14206,2011-04-14 16:38:00,3,3555.03,239,2,3,3,233,At Risk
14207,2010-01-21 09:33:00,1,473.4,688,1,1,1,111,Lost
14208,2011-09-06 12:48:00,2,1701.15,95,3,2,2,322,Others
14209,2011-11-29 10:18:00,15,14979.81,11,5,5,5,555,Champions
14210,2011-08-26 12:36:00,16,17584.56,106,3,5,5,355,Loyal Customers
14211,2011-10-17 13:23:00,18,13206.87,53,4,5,5,455,Champions
14212,2011-09-11 12:45:00,2,6570.42,90,3,2,4,324,Others
14213,2010-10-31 10:37:00,1,3576.6,405,2,1,3,213,Lost
14214,2011-11-09 10:31:00,5,3013.14,31,4,4,3,443,Loyal Customers
14215,2011-11-28 12:19:00,9,10248.99,12,5,5,5,555,Champions
14216,2011-12-06 14:56:00,5,6450.12,3,5,4,4,544,Champions
14217,2011-12-08 11:53:00,23,10250.67,2,5,5,5,555,Champions
14218,2011-10-28 10:00:00,1,508.44,43,4,1,1,411,New Customers
14219,2011-12-05 16:23:00,3,1901.49,4,5,3,3,533,Loyal Customers
14220,2011-04-06 13:23:00,4,4545.0,247,2,3,4,234,At Risk
14221,2011-10-28 13:42:00,17,19552.47,42,4,5,5,455,Champions
14222,2011-06-15 16:42:00,1,2049.51,177,3,1,3,313,Others
14223,2011-09-08 13:38:00,3,2973.39,92,3,3,3,333,Loyal Customers
14224,2011-08-21 13:24:00,9,5693.7,110,3,5,4,354,Loyal Customers
14225,2010-10-01 10:32:00,4,6111.06,435,1,3,4,134,At Risk
14226,2011-11-11 11:34:00,6,9007.59,29,4,4,5,445,Champions
14227,2011-11-13 15:48:00,15,19106.13,26,4,5,5,455,Champions
14228,2010-09-28 09:45:00,3,2236.5,438,1,3,3,133,At Risk
14229,2011-10-19 10:04:00,7,7782.12,52,4,4,4,444,Champions
14230,2010-09-30 09:07:00,3,2939.4,436,1,3,3,133,At Risk
14231,2011-06-09 11:05:00,4,3706.86,184,3,3,3,333,Loyal Customers
14232,2011-10-28 11:09:00,5,6144.21,43,4,4,4,444,Champions
14233,2011-10-21 15:54:00,7,8712.81,49,4,4,4,444,Champions
14234,2011-11-17 17:53:00,4,2326.38,22,4,3,3,433,Loyal Customers
14235,2011-09-25 14:37:00,9,14153.97,75,3,5,5,355,Loyal Customers
14236,2011-09-20 09:13:00,5,5233.92,81,3,4,4,344,Loyal Customers
14237,2010-12-01 13:20:00,2,1896.42,373,2,2,3,223,Lost
14238,2011-01-17 14:40:00,3,1302.69,326,2,3,2,232,Others
14239,2011-10-27 14:40:00,21,12789.51,43,4,5,5,455,Champions
14240,2011-11-09 13:45:00,3,3742.47,30,4,3,3,433,Loyal Customers
14241,2011-06-09 11:46:00,2,1001.1,184,3,2,2,322,Others
14242,2011-04-19 11:46:00,2,841.65,235,2,2,1,221,Lost
14243,2011-12-01 11:12:00,17,22293.15,9,5,5,5,555,Champions
14244,2010-02-17 11:40:00,1,1099.26,661,1,1,2,112,Lost
14245,2011-05-04 08:40:00,2,5080.35,220,2,2,4,224,Lost
14246,2011-08-21 11:50:00,3,4422.18,111,3,3,4,334,Loyal Customers
14247,2011-03-06 15:21:00,5,2317.98,278,2,4,3,243,At Risk
14248,2011-01-25 14:45:00,3,3098.85,318,2,3,3,233,At Risk
14249,2010-10-25 12:34:00,12,16876.38,411,2,5,5,255,At Risk
14250,2011-12-02 14:30:00,3,5712.15,7,5,3,4,534,Loyal Customers
14251,2011-12-08 08:32:00,5,8639.1,2,5,4,4,544,Champions
14252,2010-11-23 13:36:00,1,1052.97,381,2,1,2,212,Lost
14253,2010-08-03 14:55:00,2,1090.2,493,1,2,2,122,Lost
14254,2010-10-03 11:52:00,1,1803.09,433,1,1,2,112,Lost
14255,2010-06-11 15:54:00,1,3001.89,546,1,1,3,113,Lost
14256,2011-03-24 13:17:00,5,7421.97,260,2,4,4,244,At Risk
14257,2011-10-06 16:54:00,9,17863.35,64,3,5,5,355,Loyal Customers
14258,2011-11-30 15:27:00,25,96154.02,9,5,5,5,555,Champions
14259,2011-07-21 10:44:00,1,360.0,142,3,1,1,311,Others
14260,2010-08-25 14:55:00,3,2472.84,471,1,3,3,133,At Risk
14261,2011-10-20 10:04:00,2,3490.35,51,4,2,3,423,New Customers
14262,2011-12-01 14:17:00,8,7854.69,8,5,4,4,544,Champions
14263,2010-10-12 14:09:00,1,968.79,423,1,1,2,112,Lost
14264,2011-07-08 10:20:00,6,4552.08,155,3,4,4,344,Loyal Customers
14265,2011-08-22 13:32:00,4,4120.05,109,3,3,4,334,Loyal Customers
14266,2010-10-07 13:32:00,1,121.68,428,1,1,1,111,Lost
14267,2011-06-30 10:09:00,3,4548.72,163,3,3,4,334,Loyal Customers
14268,2010-08-26 10:45:00,1,1064.55,471,1,1,2,112,Lost
14269,2010-09-26 12:53:00,1,887.19,439,1,1,2,112,Lost
14270,2011-01-12 09:33:00,1,1477.95,332,2,1,2,212,Lost
14271,2011-04-28 12:47:00,2,657.39,226,2,2,1,221,Lost
14272,2011-09-27 10:08:00,4,2762.43,74,3,3,3,333,Loyal Customers
14273,2011-10-19 13:20:00,4,1679.91,51,4,3,2,432,Loyal Customers
14274,2010-01-22 12:51:00,1,769.8,686,1,1,1,111,Lost
14275,2010-11-09 09:06:00,6,3568.14,396,2,4,3,243,At Risk
14276,2011-09-02 09:45:00,7,6308.04,99,3,4,4,344,Loyal Customers
14277,2011-11-24 15:01:00,9,51677.43,15,5,5,5,555,Champions
14278,2010-10-26 12:07:00,1,617.49,410,2,1,1,211,Lost
14279,2010-07-07 08:42:00,2,575.58,521,1,2,1,121,Lost
14280,2011-05-27 10:37:00,1,402.12,197,2,1,1,211,Lost
14281,2010-10-27 14:45:00,1,735.45,408,2,1,1,211,Lost
14282,2011-12-06 17:04:00,25,23548.98,3,5,5,5,555,Champions
14283,2010-09-02 14:46:00,4,1885.32,463,1,3,3,133,At Risk
14284,2011-11-09 08:11:00,3,3898.95,31,4,3,4,434,Loyal Customers
14285,2011-11-18 14:50:00,8,9853.26,21,4,4,5,445,Champions
14286,2011-11-16 10:34:00,7,25439.28,24,4,4,5,445,Champions
14287,2011-12-01 13:25:00,3,529.89,8,5,3,1,531,Loyal Customers
14288,2011-05-10 13:22:00,1,1279.8,213,2,1,2,212,Lost
14289,2011-12-01 11:44:00,6,2733.78,9,5,4,3,543,Loyal Customers
14290,2011-11-28 14:02:00,8,13549.68,11,5,4,5,545,Champions
14291,2011-12-08 10:26:00,23,23712.3,2,5,5,5,555,Champions
14292,2011-12-02 11:50:00,16,27678.75,8,5,5,5,555,Champions
14293,2011-12-06 15:17:00,9,9803.79,3,5,5,5,555,Champions
14294,2010-10-28 16:25:00,1,1126.02,407,2,1,2,212,Lost
14295,2011-10-30 15:50:00,5,7088.73,40,4,4,4,444,Champions
14296,2010-10-14 14:14:00,2,1369.2,421,1,2,2,122,Lost
14297,2011-11-22 09:06:00,4,3915.99,18,5,3,4,534,Loyal Customers
14298,2011-12-01 13:12:00,82,273583.47,8,5,5,5,555,Champions
14299,2011-12-01 16:05:00,27,43498.47,8,5,5,5,555,Champions
14300,2011-11-21 08:57:00,1,129.6,19,5,1,1,511,New Customers
14301,2011-08-14 15:33:00,4,5976.54,117,3,3,4,334,Loyal Customers
14302,2010-10-05 08:10:00,3,2228.7,431,1,3,3,133,At Risk
14303,2010-10-28 15:37:00,2,833.82,407,2,2,1,221,Lost
14304,2011-05-01 11:50:00,3,5175.03,223,2,3,4,234,At Risk
14305,2011-09-29 15:29:00,3,5576.88,71,3,3,4,334,Loyal Customers
14306,2011-10-19 13:23:00,6,9454.2,51,4,4,5,445,Champions
14307,2011-09-12 09:38:00,10,15213.09,89,3,5,5,355,Loyal Customers
14308,2010-06-08 16:48:00,2,3441.06,549,1,2,3,123,Lost
14309,2011-12-01 13:33:00,11,11342.43,8,5,5,5,555,Champions
14310,2010-10-03 12:34:00,1,1476.3,433,1,1,2,112,Lost
14311,2011-04-11 10:14:00,2,1549.35,243,2,2,2,222,Lost
14312,2011-10-24 09:46:00,11,9270.87,47,4,5,5,455,Champions
14314,2011-08-25 10:39:00,2,689.4,107,3,2,1,321,Others
14315,2011-10-26 12:06:00,8,9593.46,45,4,4,5,445,Champions
14316,2010-10-13 16:31:00,5,4111.02,422,1,4,4,144,At Risk
14317,2011-10-06 10:44:00,1,1525.74,65,3,1,2,312,Others
14318,2010-09-05 15:32:00,1,474.06,460,1,1,1,111,Lost
14319,2010-10-11 13:38:00,1,1484.55,424,1,1,2,112,Lost
14320,2011-05-17 09:24:00,5,4040.25,207,2,4,4,244,At Risk
14321,2011-11-29 09:47:00,7,6654.18,11,5,4,4,544,Champions
14322,2010-10-06 15:17:00,4,1422.3,429,1,3,2,132,Others
14323,2011-08-17 11:37:00,2,1815.18,115,3,2,2,322,Others
14324,2010-10-26 11:44:00,2,2104.83,410,2,2,3,223,Lost
14325,2010-05-19 09:20:00,1,736.44,570,1,1,1,111,Lost
14326,2011-04-11 15:04:00,3,2822.94,242,2,3,3,233,At Risk
14327,2011-06-29 13:58:00,6,5684.79,163,3,4,4,344,Loyal Customers
14328,2010-09-27 16:01:00,1,1335.15,438,1,1,2,112,Lost
14329,2011-11-22 15:50:00,15,29781.66,17,5,5,5,555,Champions
14330,2010-03-26 09:10:00,1,601.89,624,1,1,1,111,Lost
14331,2011-08-07 13:17:00,2,1387.98,124,3,2,2,322,Others
14332,2011-11-17 11:54:00,5,5830.53,23,4,4,4,444,Champions
14333,2011-10-03 10:38:00,1,1245.6,68,3,1,2,312,Others
14334,2011-11-23 10:01:00,12,12955.44,17,5,5,5,555,Champions
14335,2011-11-23 13:41:00,2,1404.78,16,5,2,2,522,New Customers
14336,2011-11-23 11:40:00,4,4844.73,17,5,3,4,534,Loyal Customers
14338,2011-07-01 14:08:00,3,2784.3,161,3,3,3,333,Loyal Customers
14339,2011-04-11 11:06:00,2,1860.81,243,2,2,3,223,Lost
14340,2011-05-05 09:44:00,1,404.1,219,2,1,1,211,Lost
14341,2011-10-25 15:48:00,18,13401.96,45,4,5,5,455,Champions
14342,2011-11-18 13:21:00,6,2755.32,21,4,4,3,443,Loyal Customers
14343,2010-10-14 13:05:00,4,3266.73,421,1,3,3,133,At Risk
14344,2011-08-04 13:51:00,20,10001.1,127,3,5,5,355,Loyal Customers
14345,2011-11-01 09:51:00,1,326.94,39,4,1,1,411,New Customers
14346,2011-08-11 09:47:00,5,6947.25,121,3,4,4,344,Loyal Customers
14347,2009-12-03 10:49:00,1,247.8,737,1,1,1,111,Lost
14348,2011-03-24 16:23:00,1,1228.71,260,2,1,2,212,Lost
14349,2011-11-29 15:39:00,1,400.5,10,5,1,1,511,New Customers
14350,2011-03-10 14:14:00,3,2916.09,274,2,3,3,233,At Risk
14351,2011-06-28 11:56:00,1,153.0,165,3,1,1,311,Others
14352,2011-07-05 15:41:00,4,3236.88,157,3,3,3,333,Loyal Customers
14353,2011-05-08 16:06:00,3,1129.5,215,2,3,2,232,Others
14354,2011-12-04 11:32:00,2,490.86,6,5,2,1,521,New Customers
14355,2010-12-09 12:16:00,3,3043.35,366,2,3,3,233,At Risk
14356,2011-09-21 09:18:00,2,2103.69,80,3,2,3,323,Others
14357,2011-10-27 16:23:00,1,677.31,43,4,1,1,411,New Customers
14358,2010-11-15 15:51:00,2,1200.18,389,2,2,2,222,Lost
14359,2011-11-20 13:17:00,3,2736.54,19,5,3,3,533,Loyal Customers
14360,2011-11-08 09:12:00,4,6384.69,32,4,3,4,434,Loyal Customers
14361,2010-05-10 12:29:00,1,644.13,579,1,1,1,111,Lost
14362,2011-11-17 15:08:00,1,483.6,22,4,1,1,411,New Customers
14363,2010-11-02 17:01:00,2,682.41,402,2,2,1,221,Lost
14364,2011-08-23 11:01:00,8,11152.05,109,3,4,5,345,Loyal Customers
14365,2010-11-10 09:52:00,2,1904.04,395,2,2,3,223,Lost
14366,2010-07-02 17:23:00,1,408.0,525,1,1,1,111,Lost
14367,2011-12-01 13:19:00,16,27784.56,8,5,5,5,555,Champions
14368,2011-01-24 09:52:00,1,465.0,320,2,1,1,211,Lost
14369,2010-03-07 15:47:00,2,1407.39,642,1,2,2,122,Lost
14370,2010-09-15 10:53:00,6,3527.34,451,1,4,3,143,At Risk
14371,2011-02-17 16:35:00,1,301.5,295,2,1,1,211,Lost
14372,2010-09-22 16:17:00,2,2580.24,443,1,2,3,123,Lost
14373,2010-12-16 15:40:00,1,229.65,358,2,1,1,211,Lost
14374,2010-06-16 14:25:00,1,324.0,541,1,1,1,111,Lost
14375,2011-06-07 13:44:00,3,3398.97,185,3,3,3,333,Loyal Customers
14376,2010-01-25 15:36:00,1,646.38,683,1,1,1,111,Lost
14377,2011-06-01 13:32:00,2,1851.15,191,2,2,2,222,Lost
14378,2010-03-28 12:22:00,1,393.75,622,1,1,1,111,Lost
14379,2011-10-26 16:43:00,4,3806.73,44,4,3,4,434,Loyal Customers
14380,2010-01-26 17:11:00,1,146.88,682,1,1,1,111,Lost
14381,2011-10-18 17:10:00,2,1894.02,52,4,2,3,423,New Customers
14382,2011-11-13 16:18:00,2,3740.4,26,4,2,3,423,New Customers
14383,2011-11-01 15:53:00,3,3743.07,38,4,3,3,433,Loyal Customers
14384,2010-07-27 09:53:00,1,175.5,501,1,1,1,111,Lost
14385,2011-11-30 15:36:00,3,606.33,9,5,3,1,531,Loyal Customers
14386,2011-02-16 09:45:00,1,427.2,297,2,1,1,211,Lost
14387,2011-11-07 12:29:00,3,5311.68,33,4,3,4,434,Loyal Customers
14388,2011-11-29 13:32:00,16,20103.0,10,5,5,5,555,Champions
14389,2011-10-05 15:17:00,5,5694.03,65,3,4,4,344,Loyal Customers
14390,2011-11-29 13:49:00,13,19199.49,10,5,5,5,555,Champions
14391,2010-05-12 09:42:00,1,406.8,577,1,1,1,111,Lost
14392,2010-10-03 12:56:00,1,799.2,432,1,1,1,111,Lost
14393,2011-05-05 18:16:00,1,203.85,218,2,1,1,211,Lost
14394,2010-05-24 10:43:00,1,281.4,565,1,1,1,111,Lost
14395,2011-12-07 14:34:00,20,24624.03,2,5,5,5,555,Champions
14396,2011-10-05 16:09:00,7,6365.79,65,3,4,4,344,Loyal Customers
14397,2011-12-07 09:22:00,19,7838.88,3,5,5,4,554,Champions
14398,2010-11-03 13:46:00,2,2123.37,401,2,2,3,223,Lost
14399,2010-11-10 13:23:00,8,6339.48,394,2,4,4,244,At Risk
14400,2011-07-13 15:50:00,3,5197.41,149,3,3,4,334,Loyal Customers
14401,2011-12-05 13:30:00,22,20387.7,4,5,5,5,555,Champions
14402,2010-02-25 13:20:00,1,856.8,652,1,1,1,111,Lost
14403,2011-08-01 12:57:00,6,5641.53,130,3,4,4,344,Loyal Customers
14404,2011-11-06 12:30:00,13,8697.33,34,4,5,4,454,Champions
14405,2010-11-18 11:40:00,1,585.0,387,2,1,1,211,Lost
14406,2011-08-12 16:54:00,1,470.25,119,3,1,1,311,Others
14407,2011-08-24 14:02:00,6,6473.19,107,3,4,4,344,Loyal Customers
14408,2011-11-29 11:41:00,11,12329.31,11,5,5,5,555,Champions
14409,2011-09-29 18:18:00,9,11268.27,71,3,5,5,355,Loyal Customers
14410,2011-09-08 15:08:00,11,7953.42,92,3,5,4,354,Loyal Customers
14411,2011-02-02 10:56:00,1,3189.0,311,2,1,3,213,Lost
14412,2011-10-28 10:45:00,3,4278.57,43,4,3,4,434,Loyal Customers
14413,2010-12-12 13:37:00,4,2311.11,362,2,3,3,233,At Risk
14414,2011-09-09 12:09:00,8,7197.99,92,3,4,4,344,Loyal Customers
14415,2011-12-08 14:38:00,23,36274.8,1,5,5,5,555,Champions
14416,2011-11-17 15:22:00,2,1470.66,22,4,2,2,422,New Customers
14417,2010-11-17 10:55:00,1,1812.6,388,2,1,2,212,Lost
14418,2011-12-06 11:39:00,3,5811.75,4,5,3,4,534,Loyal Customers
14419,2011-11-29 11:22:00,7,3782.73,11,5,4,4,544,Champions
14420,2011-09-01 18:07:00,4,4917.51,99,3,3,4,334,Loyal Customers
14421,2011-10-13 13:24:00,6,7408.11,57,4,4,4,444,Champions
14422,2011-12-09 11:26:00,19,30814.56,1,5,5,5,555,Champions
14423,2011-05-05 15:12:00,3,2749.83,218,2,3,3,233,At Risk
14424,2011-11-22 11:48:00,1,966.24,18,5,1,2,512,New Customers
14425,2010-10-01 10:24:00,3,1984.17,435,1,3,3,133,At Risk
14426,2011-11-16 12:25:00,17,35183.82,24,4,5,5,455,Champions
14427,2011-10-20 14:23:00,4,3790.56,50,4,3,4,434,Loyal Customers
14428,2011-12-02 13:17:00,5,3734.49,7,5,4,3,543,Loyal Customers
14429,2010-11-01 10:08:00,1,1548.84,404,2,1,2,212,Lost
14430,2010-07-16 11:35:00,3,3662.7,512,1,3,3,133,At Risk
14431,2011-02-10 10:40:00,4,7842.6,303,2,3,4,234,At Risk
14432,2011-11-30 08:04:00,6,6766.53,10,5,4,4,544,Champions
14433,2010-08-31 12:35:00,1,868.8,466,1,1,1,111,Lost
14434,2011-11-18 08:56:00,6,4118.4,22,4,4,4,444,Champions
14435,2010-07-26 12:33:00,1,271.26,502,1,1,1,111,Lost
14436,2011-09-02 10:13:00,2,815.1,99,3,2,1,321,Others
14437,2010-12-09 09:27:00,5,2876.52,366,2,4,3,243,At Risk
14438,2011-02-06 14:56:00,1,395.7,306,2,1,1,211,Lost
14439,2011-01-24 11:39:00,5,28329.12,320,2,4,5,245,At Risk
14440,2011-12-01 15:42:00,13,19916.19,8,5,5,5,555,Champions
14441,2011-12-09 09:07:00,11,13835.07,1,5,5,5,555,Champions
14442,2011-05-19 11:36:00,7,16101.06,205,2,4,5,245,At Risk
14443,2011-10-17 10:10:00,5,7159.41,54,4,4,4,444,Champions
14444,2010-09-09 18:56:00,1,396.12,456,1,1,1,111,Lost
14445,2010-09-10 11:09:00,1,664.95,456,1,1,1,111,Lost
14446,2011-12-09 11:34:00,5,3723.93,1,5,4,3,543,Loyal Customers
14447,2011-11-21 08:28:00,6,5135.19,19,5,4,4,544,Champions
14448,2011-11-30 13:50:00,2,1126.05,9,5,2,2,522,New Customers
14449,2011-11-21 12:06:00,8,7448.4,19,5,4,4,544,Champions
14450,2011-06-12 10:46:00,7,3385.32,181,3,4,3,343,Loyal Customers
14451,2011-10-10 13:38:00,12,9926.31,60,3,5,5,355,Loyal Customers
14452,2011-11-29 12:06:00,4,1996.77,11,5,3,3,533,Loyal Customers
14453,2011-06-02 14:15:00,1,359.79,190,2,1,1,211,Lost
14454,2010-11-28 13:26:00,5,2931.9,376,2,4,3,243,At Risk
14455,2010-10-03 15:48:00,4,1884.63,432,1,3,3,133,At Risk
14456,2011-12-04 13:59:00,9,9187.2,5,5,5,5,555,Champions
14457,2011-02-02 09:39:00,1,340.92,311,2,1,1,211,Lost
14458,2010-11-24 12:43:00,1,712.26,381,2,1,1,211,Lost
14459,2011-07-07 13:35:00,2,16127.22,155,3,2,5,325,Others
14460,2011-08-21 14:19:00,9,3280.5,110,3,5,3,353,Loyal Customers
14461,2011-07-14 17:11:00,13,20140.5,148,3,5,5,355,Loyal Customers
14462,2011-10-04 15:55:00,12,6810.03,66,3,5,4,354,Loyal Customers
14463,2011-09-02 15:20:00,4,2359.71,98,3,3,3,333,Loyal Customers
14464,2010-05-20 18:00:00,2,333.0,568,1,2,1,121,Lost
14465,2011-04-07 12:38:00,11,11838.09,247,2,5,5,255,At Risk
14466,2011-11-10 14:07:00,13,13940.7,29,4,5,5,455,Champions
14467,2011-11-22 12:48:00,12,6662.97,18,5,5,4,554,Champions
14468,2009-12-06 12:21:00,1,612.72,734,1,1,1,111,Lost
14469,2010-10-19 14:30:00,4,6336.63,416,1,3,4,134,At Risk
14470,2011-11-28 10:31:00,3,2136.12,12,5,3,3,533,Loyal Customers
14471,2010-04-27 17:12:00,2,1202.85,591,1,2,2,122,Lost
14472,2011-08-28 11:01:00,9,6684.66,104,3,5,4,354,Loyal Customers
14473,2011-09-26 15:10:00,2,703.02,74,3,2,1,321,Others
14474,2011-10-24 13:26:00,2,3834.24,46,4,2,4,424,New Customers
14475,2011-09-29 10:46:00,4,3453.45,72,3,3,3,333,Loyal Customers
14476,2011-03-27 15:39:00,1,647.1,257,2,1,1,211,Lost
14477,2011-11-20 11:11:00,7,5908.8,20,4,4,4,444,Champions
14478,2010-11-22 15:29:00,4,3829.98,382,2,3,4,234,At Risk
14479,2011-03-31 09:07:00,4,3897.33,254,2,3,4,234,At Risk
14480,2011-11-28 16:35:00,4,3898.56,11,5,3,4,534,Loyal Customers
14481,2011-06-28 10:38:00,5,6934.47,165,3,4,4,344,Loyal Customers
14482,2011-11-21 13:14:00,12,13073.73,18,5,5,5,555,Champions
14483,2011-03-03 10:26:00,2,771.3,282,2,2,1,221,Lost
14484,2011-10-20 14:11:00,4,3212.94,50,4,3,3,433,Loyal Customers
14485,2011-11-01 12:25:00,1,497.25,39,4,1,1,411,New Customers
14486,2010-07-16 09:42:00,2,526.5,512,1,2,1,121,Lost
14487,2011-11-13 12:17:00,7,4360.83,27,4,4,4,444,Champions
14488,2011-10-03 09:30:00,1,3192.84,68,3,1,3,313,Others
14489,2011-05-16 14:51:00,4,4724.79,207,2,3,4,234,At Risk
14490,2010-10-29 15:04:00,2,3820.41,406,2,2,4,224,Lost
14491,2011-06-17 15:22:00,2,1404.39,175,3,2,2,322,Others
14492,2010-10-05 13:21:00,7,5765.73,430,1,4,4,144,At Risk
14493,2011-12-02 16:14:00,10,15390.45,7,5,5,5,555,Champions
14494,2011-11-14 09:21:00,3,1204.38,26,4,3,2,432,Loyal Customers
14495,2011-10-20 12:28:00,3,524.4,51,4,3,1,431,Loyal Customers
14496,2011-02-01 09:01:00,7,8004.69,312,2,4,4,244,At Risk
14497,2011-02-03 17:01:00,2,2091.18,309,2,2,3,223,Lost
14498,2011-10-28 12:09:00,10,11733.81,43,4,5,5,455,Champions
14499,2011-11-13 13:01:00,7,6416.91,26,4,4,4,444,Champions
14500,2011-09-12 16:45:00,3,1070.55,88,3,3,2,332,Loyal Customers
14501,2011-06-09 12:02:00,2,753.63,184,3,2,1,321,Others
14502,2011-11-20 11:50:00,11,7412.01,20,4,5,4,454,Champions
14503,2011-12-06 13:30:00,6,10629.78,3,5,4,5,545,Champions
14504,2011-10-23 16:00:00,4,2019.78,47,4,3,3,433,Loyal Customers
14505,2011-11-22 15:45:00,19,36005.52,17,5,5,5,555,Champions
14506,2011-11-22 13:02:00,7,9872.01,17,5,4,5,545,Champions
14507,2011-11-16 12:21:00,11,9853.29,24,4,5,5,455,Champions
14508,2011-11-17 19:48:00,5,2624.82,22,4,4,3,443,Loyal Customers
14509,2010-06-23 13:21:00,1,332.85,534,1,1,1,111,Lost
14510,2010-11-29 12:46:00,3,3021.84,376,2,3,3,233,At Risk
14511,2011-11-28 17:05:00,5,3944.43,11,5,4,4,544,Champions
14512,2011-06-05 12:39:00,7,3670.41,188,3,4,3,343,Loyal Customers
14513,2011-08-31 11:25:00,6,2364.03,101,3,4,3,343,Loyal Customers
14514,2011-10-09 16:05:00,9,13796.94,61,3,5,5,355,Loyal Customers
14515,2011-11-22 11:37:00,12,11247.78,18,5,5,5,555,Champions
14516,2010-07-11 14:07:00,1,491.76,516,1,1,1,111,Lost
14517,2011-11-06 14:20:00,2,991.35,33,4,2,2,422,New Customers
14518,2011-10-06 14:43:00,1,523.11,64,3,1,1,311,Others
14519,2010-01-25 11:18:00,2,618.27,684,1,2,1,121,Lost
14520,2011-12-08 09:46:00,2,811.8,2,5,2,1,521,New Customers
14521,2010-08-05 16:35:00,1,598.35,491,1,1,1,111,Lost
14522,2011-11-15 13:24:00,8,5275.86,24,4,4,4,444,Champions
14523,2011-08-23 13:13:00,1,723.27,108,3,1,1,311,Others
14524,2011-11-08 12:29:00,13,8801.13,32,4,5,4,454,Champions
14525,2011-11-20 11:37:00,17,24721.92,20,4,5,5,455,Champions
14526,2010-11-15 13:32:00,1,787.2,389,2,1,1,211,Lost
14527,2011-12-07 12:19:00,122,83376.9,3,5,5,5,555,Champions
14528,2011-11-02 17:09:00,1,1092.66,37,4,1,2,412,New Customers
14529,2011-10-10 15:27:00,3,1860.12,60,3,3,3,333,Loyal Customers
14530,2011-11-14 10:38:00,16,18592.2,26,4,5,5,455,Champions
14531,2010-08-17 10:16:00,1,1129.02,480,1,1,2,112,Lost
14532,2011-04-17 13:05:00,11,11577.54,236,2,5,5,255,At Risk
14533,2011-11-15 12:05:00,11,10399.11,25,4,5,5,455,Champions
14534,2011-12-07 12:19:00,26,18813.33,3,5,5,5,555,Champions
14535,2011-10-10 15:39:00,9,18092.19,60,3,5,5,355,Loyal Customers
14536,2011-03-25 12:21:00,1,515.4,260,2,1,1,211,Lost
14537,2011-10-13 10:54:00,2,1924.2,58,4,2,3,423,New Customers
14538,2011-10-06 10:31:00,5,4112.52,65,3,4,4,344,Loyal Customers
14539,2011-11-24 09:50:00,2,1612.44,16,5,2,2,522,New Customers
14540,2011-11-30 10:15:00,11,11386.02,10,5,5,5,555,Champions
14541,2011-10-12 10:08:00,14,7499.04,59,4,5,4,454,Champions
14542,2011-06-07 08:19:00,1,309.75,186,3,1,1,311,Others
14543,2011-11-11 12:45:00,39,44720.31,29,4,5,5,455,Champions
14544,2011-11-15 15:06:00,3,8947.29,24,4,3,5,435,Loyal Customers
14545,2010-02-03 15:23:00,1,1047.75,674,1,1,2,112,Lost
14546,2011-12-04 13:00:00,11,15593.7,5,5,5,5,555,Champions
14547,2011-12-06 11:06:00,8,12022.62,4,5,4,5,545,Champions
14548,2011-07-12 12:19:00,9,7882.47,151,3,5,4,354,Loyal Customers
14549,2011-02-01 13:47:00,4,2749.65,311,2,3,3,233,At Risk
14550,2011-11-29 12:12:00,4,4059.93,11,5,3,4,534,Loyal Customers
14551,2011-11-21 13:36:00,7,2640.12,18,5,4,3,543,Loyal Customers
14552,2011-07-11 12:49:00,3,1533.84,152,3,3,2,332,Loyal Customers
14553,2011-11-20 13:20:00,9,5524.62,19,5,5,4,554,Champions
14554,2011-11-29 16:44:00,4,7143.12,10,5,3,4,534,Loyal Customers
14555,2011-10-13 16:24:00,6,6946.89,57,4,4,4,444,Champions
14556,2010-04-22 14:57:00,3,2506.02,596,1,3,3,133,At Risk
14557,2011-09-15 15:48:00,1,2365.14,85,3,1,3,313,Others
14558,2010-02-23 12:51:00,3,1966.5,654,1,3,3,133,At Risk
14559,2010-11-14 16:05:00,1,226.8,390,2,1,1,211,Lost
14560,2011-12-02 15:22:00,44,18342.09,7,5,5,5,555,Champions
14561,2011-09-25 12:39:00,3,3242.28,76,3,3,3,333,Loyal Customers
14562,2011-12-06 11:05:00,26,20188.2,4,5,5,5,555,Champions
14563,2010-07-18 12:01:00,2,2038.32,510,1,2,3,123,Lost
14564,2010-10-01 09:02:00,2,7816.86,435,1,2,4,124,Lost
14565,2011-09-05 09:07:00,5,11577.66,96,3,4,5,345,Loyal Customers
14566,2011-08-21 11:05:00,4,12276.0,111,3,3,5,335,Loyal Customers
14567,2011-10-14 10:21:00,2,4591.08,57,4,2,4,424,New Customers
14568,2010-09-30 17:15:00,1,2759.1,435,1,1,3,113,Lost
14569,2011-12-08 14:58:00,4,1796.94,1,5,3,2,532,Loyal Customers
14570,2011-03-04 10:58:00,3,1841.25,281,2,3,2,232,Others
14571,2010-10-10 15:06:00,1,484.95,425,1,1,1,111,Lost
14572,2011-12-06 14:40:00,11,16845.54,3,5,5,5,555,Champions
14573,2011-06-13 11:15:00,13,7864.26,180,3,5,4,354,Loyal Customers
14574,2009-12-07 12:42:00,1,431.1,733,1,1,1,111,Lost
14575,2010-08-08 14:51:00,1,1382.13,488,1,1,2,112,Lost
14576,2010-12-02 17:51:00,1,212.4,372,2,1,1,211,Lost
14577,2011-11-27 12:47:00,7,4122.75,13,5,4,4,544,Champions
14578,2011-12-06 17:18:00,1,505.89,3,5,1,1,511,New Customers
14579,2010-10-03 14:36:00,1,316.68,432,1,1,1,111,Lost
14580,2010-07-09 15:20:00,1,44.55,518,1,1,1,111,Lost
14581,2011-11-23 12:39:00,2,1301.4,17,5,2,2,522,New Customers
14582,2011-10-30 11:56:00,1,342.33,41,4,1,1,411,New Customers
14583,2011-12-04 12:32:00,8,5343.09,6,5,4,4,544,Champions
14584,2011-06-23 18:33:00,8,5243.73,169,3,4,4,344,Loyal Customers
14585,2011-10-20 14:33:00,5,3429.81,50,4,4,3,443,Loyal Customers
14586,2011-03-08 10:04:00,1,712.08,277,2,1,1,211,Lost
14587,2011-11-21 11:34:00,9,4803.42,19,5,5,4,554,Champions
14588,2010-05-10 15:08:00,1,406.17,578,1,1,1,111,Lost
14589,2010-12-03 11:42:00,1,238.5,372,2,1,1,211,Lost
14590,2010-10-11 12:06:00,20,9019.86,425,1,5,5,155,At Risk
14591,2011-11-24 13:57:00,4,4341.42,15,5,3,4,534,Loyal Customers
14592,2011-11-04 16:35:00,3,1711.38,35,4,3,2,432,Loyal Customers
14593,2011-11-18 12:48:00,12,11136.03,22,4,5,5,455,Champions
14594,2011-12-02 13:28:00,2,1904.49,7,5,2,3,523,New Customers
14595,2011-11-20 12:12:00,8,6493.35,20,4,4,4,444,Champions
14596,2010-03-23 12:13:00,1,688.41,627,1,1,1,111,Lost
14597,2011-11-28 13:13:00,6,6604.62,11,5,4,4,544,Champions
14598,2011-10-26 13:19:00,2,1152.12,44,4,2,2,422,New Customers
14599,2010-11-14 14:49:00,2,1423.62,390,2,2,2,222,Lost
14600,2011-02-07 09:48:00,2,2595.51,306,2,2,3,223,Lost
14601,2011-11-29 09:48:00,1,641.88,11,5,1,1,511,New Customers
14602,2010-02-21 15:47:00,1,616.08,656,1,1,1,111,Lost
14603,2011-03-10 10:27:00,1,1980.0,275,2,1,3,213,Lost
14604,2010-03-16 13:00:00,1,431.58,633,1,1,1,111,Lost
14605,2010-11-30 14:07:00,4,2811.48,374,2,3,3,233,At Risk
14606,2011-12-08 19:28:00,192,92583.18,1,5,5,5,555,Champions
14607,2011-11-24 10:35:00,22,72412.89,16,5,5,5,555,Champions
14608,2011-12-05 16:52:00,11,10058.82,4,5,5,5,555,Champions
14609,2011-09-28 12:54:00,10,4458.6,72,3,5,4,354,Loyal Customers
14610,2010-11-09 10:58:00,2,73.05,396,2,2,1,221,Lost
14611,2010-09-22 09:19:00,2,1812.99,444,1,2,2,122,Lost
14612,2010-10-20 16:01:00,1,2633.1,415,1,1,3,113,Lost
14613,2010-01-28 13:02:00,1,228.96,680,1,1,1,111,Lost
14614,2010-11-18 13:04:00,1,885.39,386,2,1,2,212,Lost
14615,2010-11-10 13:36:00,5,2855.28,394,2,4,3,243,At Risk
14616,2011-04-11 09:54:00,5,1583.34,243,2,4,2,242,Others
14617,2010-11-02 11:41:00,2,571.41,403,2,2,1,221,Lost
14618,2011-11-30 13:45:00,7,4026.96,9,5,4,4,544,Champions
14619,2011-04-08 07:37:00,2,3873.72,246,2,2,4,224,Lost
14620,2011-05-18 11:58:00,2,1238.34,206,2,2,2,222,Lost
14621,2011-12-08 16:22:00,9,9001.71,1,5,5,5,555,Champions
14622,2011-06-08 12:42:00,1,961.74,185,3,1,2,312,Others
14623,2011-11-07 13:56:00,10,6178.74,32,4,5,4,454,Champions
14624,2011-10-13 13:44:00,6,2442.21,57,4,4,3,443,Loyal Customers
14625,2011-05-27 15:32:00,11,13493.64,196,2,5,5,255,At Risk
14626,2011-11-16 10:37:00,11,16232.76,24,4,5,5,455,Champions
14627,2010-11-25 16:32:00,1,1388.25,379,2,1,2,212,Lost
14628,2011-09-09 14:58:00,5,5994.0,91,3,4,4,344,Loyal Customers
14629,2011-12-05 16:55:00,2,2877.03,4,5,2,3,523,New Customers
14630,2010-08-12 16:38:00,1,1015.95,484,1,1,2,112,Lost
14631,2011-10-20 11:17:00,6,6077.07,51,4,4,4,444,Champions
14632,2011-03-22 08:49:00,1,343.68,263,2,1,1,211,Lost
14633,2011-03-18 17:07:00,1,1034.7,266,2,1,2,212,Lost
14634,2010-09-28 10:40:00,4,6373.38,438,1,3,4,134,At Risk
14635,2010-09-12 10:47:00,1,645.66,454,1,1,1,111,Lost
14636,2011-11-03 16:12:00,2,1829.55,36,4,2,2,422,New Customers
14637,2010-01-31 15:52:00,1,320.04,677,1,1,1,111,Lost
14638,2011-10-20 10:10:00,1,1330.8,51,4,1,2,412,New Customers
14639,2011-10-18 15:06:00,9,14936.88,52,4,5,5,455,Champions
14640,2011-11-15 13:07:00,10,11001.18,24,4,5,5,455,Champions
14641,2011-11-18 10:42:00,1,331.38,22,4,1,1,411,New Customers
14642,2011-10-12 11:08:00,1,288.36,59,4,1,1,411,New Customers
14643,2011-06-22 14:41:00,5,5039.67,170,3,4,4,344,Loyal Customers
14644,2011-10-03 08:30:00,7,6743.16,68,3,4,4,344,Loyal Customers
14645,2011-07-06 09:15:00,3,2630.67,157,3,3,3,333,Loyal Customers
14646,2011-12-08 12:12:00,152,1585807.56,2,5,5,5,555,Champions
14647,2011-05-22 13:40:00,2,1559.91,201,2,2,2,222,Lost
14648,2010-10-19 13:12:00,15,13640.58,416,1,5,5,155,At Risk
14649,2011-12-05 12:30:00,9,11325.93,5,5,5,5,555,Champions
14650,2010-04-29 20:27:00,1,187.5,589,1,1,1,111,Lost
14651,2011-10-03 15:52:00,9,6102.36,67,3,5,4,354,Loyal Customers
14652,2011-09-23 14:21:00,1,342.54,77,3,1,1,311,Others
14653,2011-12-08 13:45:00,12,10843.62,1,5,5,5,555,Champions
14654,2009-12-01 12:57:00,1,740.58,738,1,1,1,111,Lost
14655,2011-12-01 16:28:00,7,11635.53,8,5,4,5,545,Champions
14656,2011-06-23 13:51:00,5,2443.95,169,3,4,3,343,Loyal Customers
14657,2011-11-22 12:47:00,6,4382.61,18,5,4,4,544,Champions
14658,2011-12-04 15:35:00,2,741.45,5,5,2,1,521,New Customers
14659,2011-12-01 12:17:00,9,7589.79,9,5,5,4,554,Champions
14660,2011-09-14 11:34:00,2,857.22,87,3,2,1,321,Others
14661,2011-11-13 11:51:00,1,323.85,27,4,1,1,411,New Customers
14662,2011-11-11 12:13:00,7,4248.99,29,4,4,4,444,Champions
14663,2010-10-05 13:21:00,2,1471.8,430,1,2,2,122,Lost
14664,2011-11-20 10:59:00,2,1913.67,20,4,2,3,423,New Customers
14665,2011-10-10 09:14:00,7,8248.95,61,3,4,4,344,Loyal Customers
14666,2011-11-15 12:57:00,1,585.75,24,4,1,1,411,New Customers
14667,2011-11-29 11:30:00,54,65781.42,11,5,5,5,555,Champions
14668,2010-09-20 15:03:00,1,334.89,445,1,1,1,111,Lost
14669,2011-04-12 11:43:00,7,9731.79,242,2,4,5,245,At Risk
14670,2011-03-04 14:13:00,3,1806.0,280,2,3,2,232,Others
14671,2010-06-08 13:39:00,2,3382.35,549,1,2,3,123,Lost
14672,2011-04-19 10:19:00,4,3339.42,235,2,3,3,233,At Risk
14673,2011-12-06 14:31:00,7,10232.43,3,5,4,5,545,Champions
14674,2010-07-18 14:25:00,1,520.98,509,1,1,1,111,Lost
14675,2011-11-23 12:58:00,2,3200.7,16,5,2,3,523,New Customers
14676,2011-11-08 13:29:00,12,25070.37,31,4,5,5,455,Champions
14677,2010-04-26 09:48:00,1,554.73,593,1,1,1,111,Lost
14678,2010-05-09 14:32:00,1,1210.17,579,1,1,2,112,Lost
14679,2010-11-23 11:51:00,3,3868.32,382,2,3,4,234,At Risk
14680,2011-11-14 16:59:00,58,172238.31,25,4,5,5,455,Champions
14681,2011-09-29 15:52:00,6,2625.45,71,3,4,3,343,Loyal Customers
14682,2011-06-05 12:12:00,6,4544.43,188,3,4,4,344,Loyal Customers
14683,2010-04-30 17:18:00,1,439.68,588,1,1,1,111,Lost
14684,2011-11-14 11:33:00,6,4405.65,26,4,4,4,444,Champions
14685,2010-05-12 13:08:00,8,13859.37,576,1,4,5,145,At Risk
14686,2010-10-21 18:31:00,5,2657.49,414,1,4,3,143,At Risk
14687,2011-08-25 11:59:00,3,4206.18,107,3,3,4,334,Loyal Customers
14688,2011-12-02 12:26:00,28,23140.71,8,5,5,5,555,Champions
14689,2011-05-15 11:22:00,1,338.4,209,2,1,1,211,Lost
14690,2011-10-26 15:39:00,4,2382.99,44,4,3,3,433,Loyal Customers
14691,2011-11-09 12:30:00,5,6342.99,31,4,4,4,444,Champions
14692,2011-07-25 15:08:00,12,5235.27,137,3,5,4,354,Loyal Customers
14693,2011-03-20 12:50:00,7,3496.08,265,2,4,3,243,At Risk
14694,2010-04-01 19:46:00,1,732.93,617,1,1,1,111,Lost
14695,2010-07-08 14:18:00,3,4860.21,519,1,3,4,134,At Risk
14696,2011-12-05 13:43:00,8,8303.7,4,5,4,4,544,Champions
14697,2011-05-05 15:39:00,2,565.83,218,2,2,1,221,Lost
14698,2011-12-08 12:26:00,5,3752.28,2,5,4,4,544,Champions
14699,2011-05-09 14:54:00,4,2107.8,214,2,3,3,233,At Risk
14700,2011-11-07 14:40:00,5,9348.78,32,4,4,5,445,Champions
14701,2011-11-29 12:38:00,15,13686.27,11,5,5,5,555,Champions
14702,2011-12-08 19:29:00,29,20262.66,1,5,5,5,555,Champions
14703,2011-11-25 09:23:00,1,954.51,15,5,1,2,512,New Customers
14704,2011-11-28 12:51:00,11,5440.71,11,5,5,4,554,Champions
14705,2011-05-25 12:39:00,1,537.0,199,2,1,1,211,Lost
14706,2010-03-31 11:09:00,1,1172.07,619,1,1,2,112,Lost
14707,2010-09-30 11:37:00,2,417.6,436,1,2,1,121,Lost
14708,2011-12-07 08:21:00,5,6636.84,3,5,4,4,544,Champions
14709,2011-11-24 15:41:00,25,26658.99,15,5,5,5,555,Champions
14710,2011-11-25 14:53:00,13,5767.77,14,5,5,4,554,Champions
14711,2011-11-29 14:58:00,11,8606.4,10,5,5,4,554,Champions
14712,2011-11-10 12:59:00,4,3984.21,29,4,3,4,434,Loyal Customers
14713,2011-11-30 16:26:00,21,16256.61,9,5,5,5,555,Champions
14714,2011-11-15 13:07:00,4,2718.72,24,4,3,3,433,Loyal Customers
14715,2011-11-15 12:10:00,8,5521.35,25,4,4,4,444,Champions
14716,2011-10-27 17:29:00,3,1696.35,43,4,3,2,432,Loyal Customers
14717,2009-12-06 13:05:00,1,243.9,733,1,1,1,111,Lost
14718,2010-10-25 13:07:00,1,679.26,410,2,1,1,211,Lost
14719,2011-12-08 12:43:00,5,4806.39,2,5,4,4,544,Champions
14720,2011-12-04 12:02:00,3,1991.43,6,5,3,3,533,Loyal Customers
14721,2010-11-25 13:08:00,1,347.31,379,2,1,1,211,Lost
14722,2011-07-15 14:58:00,3,1540.11,147,3,3,2,332,Loyal Customers
14723,2011-11-29 15:23:00,11,6279.18,10,5,5,4,554,Champions
14724,2010-04-28 13:26:00,1,1035.75,590,1,1,2,112,Lost
14725,2011-11-15 12:42:00,4,3945.72,25,4,3,4,434,Loyal Customers
14726,2010-02-23 12:35:00,1,374.25,655,1,1,1,111,Lost
14727,2011-03-10 14:45:00,3,1403.79,274,2,3,2,232,Others
14728,2010-10-22 15:57:00,1,571.74,413,1,1,1,111,Lost
14729,2010-12-01 12:43:00,3,2722.14,374,2,3,3,233,At Risk
14730,2011-12-08 14:39:00,8,6015.18,1,5,4,4,544,Champions
14731,2011-10-23 15:54:00,3,1140.06,47,4,3,2,432,Loyal Customers
14732,2011-12-01 14:34:00,19,16551.21,8,5,5,5,555,Champions
14733,2011-11-23 15:39:00,15,48554.91,16,5,5,5,555,Champions
14734,2010-10-10 12:04:00,4,3169.26,426,1,3,3,133,At Risk
14735,2011-12-06 12:09:00,56,36720.48,4,5,5,5,555,Champions
14736,2010-08-11 15:21:00,2,1203.24,485,1,2,2,122,Lost
14737,2011-12-06 10:16:00,4,10662.51,4,5,3,5,535,Loyal Customers
14738,2011-10-28 08:56:00,9,5465.7,43,4,5,4,454,Champions
14739,2011-12-05 16:54:00,25,36862.5,4,5,5,5,555,Champions
14740,2011-05-26 18:17:00,11,12483.18,197,2,5,5,255,At Risk
14741,2011-11-28 08:48:00,7,5692.77,12,5,4,4,544,Champions
14742,2010-09-30 14:07:00,1,1739.55,435,1,1,2,112,Lost
14743,2010-04-26 10:26:00,1,151.44,593,1,1,1,111,Lost
14744,2011-11-23 12:51:00,14,11655.24,16,5,5,5,555,Champions
14745,2011-08-19 10:05:00,12,7715.43,113,3,5,4,354,Loyal Customers
14746,2010-10-29 14:44:00,4,1780.5,406,2,3,2,232,Others
14747,2011-04-04 14:09:00,1,984.6,249,2,1,2,212,Lost
14748,2011-11-10 18:33:00,10,9456.96,29,4,5,5,455,Champions
14749,2010-08-17 12:36:00,1,930.45,480,1,1,2,112,Lost
14750,2009-12-03 17:57:00,1,336.09,736,1,1,1,111,Lost
14751,2010-01-24 13:37:00,2,379.35,684,1,2,1,121,Lost
14752,2011-10-27 11:55:00,1,1168.92,44,4,1,2,412,New Customers
14753,2011-09-13 14:50:00,2,2608.53,87,3,2,3,323,Others
14754,2011-10-26 12:01:00,6,4651.44,45,4,4,4,444,Champions
14755,2011-11-30 11:24:00,25,29917.65,10,5,5,5,555,Champions
14756,2011-11-24 18:13:00,3,7961.28,15,5,3,4,534,Loyal Customers
14757,2011-09-25 14:36:00,1,1261.5,75,3,1,2,312,Others
14758,2011-07-18 08:21:00,7,8594.91,145,3,4,4,344,Loyal Customers
14759,2011-12-05 12:03:00,3,4877.91,5,5,3,4,534,Loyal Customers
14760,2011-02-15 16:27:00,1,267.6,297,2,1,1,211,Lost
14761,2011-10-12 12:10:00,3,1343.76,59,4,3,2,432,Loyal Customers
14762,2011-03-21 08:20:00,2,1252.71,264,2,2,2,222,Lost
14764,2011-10-24 11:54:00,1,834.9,47,4,1,1,411,New Customers
14765,2011-11-10 19:53:00,3,762.33,29,4,3,1,431,Loyal Customers
14766,2011-12-01 16:05:00,11,19668.39,8,5,5,5,555,Champions
14767,2010-08-22 14:54:00,1,1148.43,474,1,1,2,112,Lost
14768,2011-11-22 12:54:00,2,577.8,17,5,2,1,521,New Customers
14769,2011-12-07 10:24:00,17,47315.64,3,5,5,5,555,Champions
14770,2011-04-21 14:21:00,8,10912.92,232,2,4,5,245,At Risk
14771,2010-03-28 12:52:00,2,1783.86,621,1,2,2,122,Lost
14772,2011-08-19 15:04:00,1,417.78,112,3,1,1,311,Others
14773,2010-04-26 10:29:00,1,421.65,593,1,1,1,111,Lost
14774,2010-06-29 12:26:00,1,724.35,529,1,1,1,111,Lost
14775,2011-10-12 15:27:00,3,4255.38,58,4,3,4,434,Loyal Customers
14776,2011-10-19 15:34:00,15,11124.9,51,4,5,5,455,Champions
14777,2010-11-01 12:50:00,1,922.68,404,2,1,2,212,Lost
14778,2011-08-04 15:23:00,2,2192.58,127,3,2,3,323,Others
14779,2011-03-04 12:42:00,3,1158.45,281,2,3,2,232,Others
14780,2011-10-16 12:46:00,2,1343.04,55,4,2,2,422,New Customers
14782,2011-01-24 11:12:00,1,600.3,320,2,1,1,211,Lost
14783,2010-02-18 16:16:00,1,921.9,659,1,1,2,112,Lost
14784,2011-11-13 13:30:00,3,1349.79,26,4,3,2,432,Loyal Customers
14785,2011-11-29 13:21:00,2,232.2,10,5,2,1,521,New Customers
14786,2010-06-07 13:42:00,1,272.88,550,1,1,1,111,Lost
14787,2010-08-25 14:38:00,1,331.95,471,1,1,1,111,Lost
14788,2011-12-02 17:06:00,3,3468.96,7,5,3,3,533,Loyal Customers
14789,2011-11-11 08:59:00,1,592.92,29,4,1,1,411,New Customers
14790,2011-11-23 09:28:00,10,7579.86,17,5,5,4,554,Champions
14791,2010-04-12 10:24:00,1,910.89,607,1,1,2,112,Lost
14792,2011-10-07 09:19:00,1,18.6,64,3,1,1,311,Others
14793,2011-11-18 14:50:00,2,1877.7,21,4,2,3,423,New Customers
14794,2011-12-07 10:11:00,10,5861.7,3,5,5,4,554,Champions
14795,2011-06-26 13:04:00,1,394.35,166,3,1,1,311,Others
14796,2011-12-08 15:31:00,27,32668.92,1,5,5,5,555,Champions
14797,2010-07-20 14:07:00,1,900.93,507,1,1,2,112,Lost
14798,2011-10-18 10:58:00,8,2172.93,53,4,4,3,443,Loyal Customers
14799,2011-10-19 16:16:00,2,1014.45,51,4,2,2,422,New Customers
14800,2011-10-23 12:46:00,17,23322.96,48,4,5,5,455,Champions
14801,2011-10-09 15:24:00,1,579.42,61,3,1,1,311,Others
14802,2010-09-27 16:34:00,2,4508.94,438,1,2,4,124,Lost
14803,2011-06-30 13:58:00,3,2536.65,162,3,3,3,333,Loyal Customers
14804,2011-12-01 11:20:00,1,1059.81,9,5,1,2,512,New Customers
14805,2011-11-24 16:20:00,7,3313.92,15,5,4,3,543,Loyal Customers
14806,2011-09-25 15:32:00,2,910.29,75,3,2,2,322,Others
14807,2010-11-14 12:47:00,2,1557.87,391,2,2,2,222,Lost
14808,2011-10-31 12:21:00,8,8223.51,40,4,4,4,444,Champions
14809,2010-03-28 15:44:00,2,2060.28,621,1,2,3,123,Lost
14810,2011-10-30 11:19:00,13,7611.06,41,4,5,4,454,Champions
14811,2010-11-17 13:09:00,1,511.5,387,2,1,1,211,Lost
14812,2010-04-20 12:13:00,1,557.4,599,1,1,1,111,Lost
14813,2010-12-05 11:57:00,4,3272.61,370,2,3,3,233,At Risk
14814,2010-05-07 14:10:00,1,481.38,581,1,1,1,111,Lost
14815,2011-11-03 11:36:00,2,2335.5,37,4,2,3,423,New Customers
14816,2011-05-26 13:16:00,1,815.55,197,2,1,1,211,Lost
14817,2011-05-23 13:35:00,7,11879.58,200,2,4,5,245,At Risk
14818,2011-09-27 11:01:00,6,3511.23,74,3,4,3,343,Loyal Customers
14819,2011-10-06 13:41:00,4,1410.48,64,3,3,2,332,Loyal Customers
14820,2011-11-18 15:41:00,9,3824.28,21,4,5,4,454,Champions
14821,2010-12-08 08:43:00,7,3859.35,367,2,4,4,244,At Risk
14822,2010-08-11 12:52:00,1,473.1,485,1,1,1,111,Lost
14823,2011-06-12 13:12:00,3,964.29,180,3,3,2,332,Loyal Customers
14824,2011-11-29 14:20:00,10,12068.73,10,5,5,5,555,Champions
14825,2011-12-06 11:38:00,24,14775.24,4,5,5,5,555,Champions
14826,2010-05-07 09:00:00,2,1155.6,582,1,2,2,122,Lost
14827,2010-02-12 15:47:00,1,0.0,665,1,1,1,111,Lost
14828,2011-05-27 10:16:00,13,29518.38,197,2,5,5,255,At Risk
14829,2011-11-10 16:16:00,7,5078.52,29,4,4,4,444,Champions
14830,2011-10-17 14:29:00,1,591.39,53,4,1,1,411,New Customers
14831,2010-01-28 14:31:00,3,5029.71,680,1,3,4,134,At Risk
14832,2010-03-19 15:14:00,1,968.07,630,1,1,2,112,Lost
14833,2010-07-29 10:06:00,1,284.4,499,1,1,1,111,Lost
14834,2011-11-22 10:30:00,7,6618.48,18,5,4,4,544,Champions
14835,2010-06-29 10:08:00,2,891.0,529,1,2,2,122,Lost
14836,2011-11-29 16:45:00,3,307.35,10,5,3,1,531,Loyal Customers
14837,2011-09-11 10:58:00,9,10380.96,90,3,5,5,355,Loyal Customers
14838,2010-10-12 15:46:00,2,2321.01,423,1,2,3,123,Lost
14839,2010-10-17 13:01:00,3,2745.84,418,1,3,3,133,At Risk
14840,2011-03-17 12:00:00,2,1088.13,268,2,2,2,222,Lost
14841,2011-10-17 15:03:00,14,21489.0,53,4,5,5,455,Champions
14842,2011-10-27 12:37:00,4,8474.07,44,4,3,4,434,Loyal Customers
14843,2010-09-29 12:39:00,1,635.4,437,1,1,1,111,Lost
14844,2011-10-07 10:41:00,10,20107.29,64,3,5,5,355,Loyal Customers
14845,2010-04-19 10:19:00,1,450.0,600,1,1,1,111,Lost
14846,2010-10-08 17:07:00,1,1312.2,427,1,1,2,112,Lost
14847,2011-07-14 10:52:00,3,4046.85,149,3,3,4,334,Loyal Customers
14848,2010-10-31 12:22:00,1,931.68,405,2,1,2,212,Lost
14849,2011-11-18 10:58:00,43,47290.35,22,4,5,5,455,Champions
14850,2011-02-01 11:21:00,7,5382.03,312,2,4,4,244,At Risk
14851,2011-11-16 14:20:00,3,2488.23,23,4,3,3,433,Loyal Customers
14852,2011-10-12 13:20:00,18,18441.54,58,4,5,5,455,Champions
14853,2011-11-15 16:56:00,5,4130.61,24,4,4,4,444,Champions
14854,2011-09-22 17:00:00,11,12968.58,78,3,5,5,355,Loyal Customers
14855,2011-08-12 14:02:00,7,19560.9,119,3,4,5,345,Loyal Customers
14856,2011-11-03 14:53:00,3,3934.14,36,4,3,4,434,Loyal Customers
14857,2011-10-11 09:23:00,7,10955.55,60,3,4,5,345,Loyal Customers
14858,2010-07-22 10:51:00,1,542.25,506,1,1,1,111,Lost
14859,2011-11-27 11:18:00,5,5116.92,13,5,4,4,544,Champions
14860,2011-11-20 14:17:00,1,510.96,19,5,1,1,511,New Customers
14861,2011-10-18 12:54:00,10,4142.19,52,4,5,4,454,Champions
14862,2011-11-14 10:01:00,2,2523.6,26,4,2,3,423,New Customers
14863,2011-11-10 15:04:00,1,800.28,29,4,1,1,411,New Customers
14865,2011-12-02 16:25:00,4,389.16,7,5,3,1,531,Loyal Customers
14866,2011-11-29 11:45:00,19,62550.66,11,5,5,5,555,Champions
14867,2011-06-07 11:39:00,16,8856.18,186,3,5,4,354,Loyal Customers
14868,2011-12-06 14:49:00,12,12552.03,3,5,5,5,555,Champions
14869,2011-12-01 12:36:00,6,8412.72,9,5,4,4,544,Champions
14870,2011-03-23 10:51:00,6,5516.85,262,2,4,4,244,At Risk
14871,2011-12-06 13:42:00,9,3776.91,3,5,5,4,554,Champions
14872,2010-08-13 12:34:00,3,2449.8,484,1,3,3,133,At Risk
14873,2011-05-13 13:52:00,2,2562.39,210,2,2,3,223,Lost
14874,2010-06-22 14:58:00,1,348.54,535,1,1,1,111,Lost
14875,2011-08-24 12:20:00,3,8587.2,108,3,3,4,334,Loyal Customers
14876,2010-07-06 14:57:00,2,770.1,521,1,2,1,121,Lost
14877,2010-10-17 13:09:00,2,1311.0,418,1,2,2,122,Lost
14878,2011-11-27 11:15:00,25,12315.72,13,5,5,5,555,Champions
14879,2010-01-24 11:35:00,1,555.18,685,1,1,1,111,Lost
14880,2011-09-23 13:42:00,3,2118.57,77,3,3,3,333,Loyal Customers
14881,2011-11-20 11:06:00,1,766.2,20,4,1,1,411,New Customers
14882,2011-11-13 12:47:00,14,10884.45,27,4,5,5,455,Champions
14883,2011-11-21 10:23:00,6,2284.77,19,5,4,3,543,Loyal Customers
14884,2010-02-08 12:56:00,1,361.8,669,1,1,1,111,Lost
14885,2011-07-31 12:05:00,3,4794.36,132,3,3,4,334,Loyal Customers
14886,2011-04-01 08:56:00,1,1094.4,253,2,1,2,212,Lost
14887,2011-09-21 15:32:00,1,5586.0,79,3,1,4,314,Others
14888,2011-05-16 14:58:00,1,1107.6,207,2,1,2,212,Lost
14889,2011-01-07 15:19:00,1,407.7,336,2,1,1,211,Lost
14890,2011-03-31 11:57:00,3,2451.75,254,2,3,3,233,At Risk
14891,2011-07-14 18:08:00,4,3320.19,148,3,3,3,333,Loyal Customers
14892,2010-01-18 08:58:00,1,607.05,691,1,1,1,111,Lost
14893,2011-11-30 12:31:00,3,5428.83,10,5,3,4,534,Loyal Customers
14894,2011-09-15 13:51:00,3,4478.43,85,3,3,4,334,Loyal Customers
14895,2011-12-02 09:23:00,38,75358.62,8,5,5,5,555,Champions
14896,2011-05-19 10:20:00,8,6277.26,205,2,4,4,244,At Risk
14897,2011-12-02 10:32:00,8,9421.62,8,5,4,5,545,Champions
14898,2011-11-16 14:54:00,14,10523.43,23,4,5,5,455,Champions
14899,2010-11-09 15:20:00,1,4154.64,395,2,1,4,214,Lost
14900,2010-07-05 15:09:00,1,41.76,522,1,1,1,111,Lost
14901,2011-11-28 17:09:00,12,6868.95,11,5,5,4,554,Champions
14902,2011-11-14 10:34:00,3,3106.86,26,4,3,3,433,Loyal Customers
14903,2011-11-18 16:07:00,5,8431.89,21,4,4,4,444,Champions
14904,2011-12-07 12:55:00,4,4921.92,2,5,3,4,534,Loyal Customers
14905,2011-07-05 12:41:00,8,5914.17,158,3,4,4,344,Loyal Customers
14906,2010-09-20 16:30:00,1,205.32,445,1,1,1,111,Lost
14907,2011-12-06 14:14:00,16,18497.37,3,5,5,5,555,Champions
14908,2011-09-26 12:56:00,2,1145.7,74,3,2,2,322,Others
14909,2010-09-28 16:56:00,3,4214.04,437,1,3,4,134,At Risk
14910,2011-12-07 10:06:00,4,1303.05,3,5,3,2,532,Loyal Customers
14911,2011-12-08 15:54:00,398,887917.89,1,5,5,5,555,Champions
14912,2011-11-23 09:20:00,6,5667.75,17,5,4,4,544,Champions
14913,2011-11-04 08:29:00,8,12219.39,36,4,4,5,445,Champions
14915,2011-09-09 13:34:00,11,5433.75,91,3,5,4,354,Loyal Customers
14916,2011-09-30 09:20:00,8,9128.85,71,3,4,5,345,Loyal Customers
14917,2010-04-22 11:28:00,2,3371.25,597,1,2,3,123,Lost
14918,2011-08-16 11:50:00,9,17867.43,116,3,5,5,355,Loyal Customers
14919,2010-06-18 13:06:00,1,1078.05,539,1,1,2,112,Lost
14920,2011-05-11 10:32:00,3,4821.51,213,2,3,4,234,At Risk
14921,2011-11-09 13:17:00,2,3948.21,30,4,2,4,424,New Customers
14922,2010-11-11 11:14:00,2,2531.22,394,2,2,3,223,Lost
14923,2011-10-20 11:51:00,1,2247.3,51,4,1,3,413,New Customers
14924,2011-04-08 09:25:00,3,2793.03,246,2,3,3,233,At Risk
14926,2010-11-23 07:13:00,2,1078.2,382,2,2,2,222,Lost
14927,2010-11-08 12:30:00,1,924.6,397,2,1,2,212,Lost
14928,2010-03-22 09:14:00,1,671.73,628,1,1,1,111,Lost
14929,2011-11-07 17:21:00,2,2510.07,32,4,2,3,423,New Customers
14930,2011-08-23 10:31:00,6,15739.89,109,3,4,5,345,Loyal Customers
14931,2011-12-05 10:19:00,5,3773.04,5,5,4,4,544,Champions
14932,2010-12-09 11:48:00,2,3088.98,366,2,2,3,223,Lost
14933,2010-09-22 10:47:00,4,5310.0,444,1,3,4,134,At Risk
14934,2011-09-19 10:10:00,5,10510.5,82,3,4,5,345,Loyal Customers
14935,2011-02-15 14:44:00,2,8549.49,297,2,2,4,224,Lost
14936,2011-11-06 10:30:00,12,37232.43,34,4,5,5,455,Champions
14937,2011-10-14 12:29:00,3,4865.64,57,4,3,4,434,Loyal Customers
14938,2010-05-26 13:38:00,2,6967.29,562,1,2,4,124,Lost
14940,2010-10-18 10:47:00,2,1594.47,418,1,2,2,122,Lost
14941,2010-05-10 11:30:00,1,546.3,579,1,1,1,111,Lost
14942,2010-11-03 10:51:00,4,2239.68,402,2,3,3,233,At Risk
14943,2010-02-14 16:04:00,1,322.86,663,1,1,1,111,Lost
14944,2011-11-10 09:10:00,19,29354.01,30,4,5,5,455,Champions
14945,2010-10-22 11:26:00,1,538.2,414,1,1,1,111,Lost
14946,2011-11-25 13:33:00,1,302.7,14,5,1,1,511,New Customers
14947,2011-09-28 15:48:00,6,3149.37,72,3,4,3,343,Loyal Customers
14948,2011-11-16 17:16:00,6,3305.91,23,4,4,3,443,Loyal Customers
14949,2010-08-27 15:38:00,4,1545.0,469,1,3,2,132,Others
14950,2011-11-20 13:48:00,1,1113.6,19,5,1,2,512,New Customers
14951,2011-09-21 15:15:00,1,935.07,79,3,1,2,312,Others
14952,2011-10-11 10:33:00,32,52888.05,60,3,5,5,355,Loyal Customers
14953,2011-11-14 14:59:00,4,3041.31,25,4,3,3,433,Loyal Customers
14954,2011-11-27 14:30:00,2,1510.32,12,5,2,2,522,New Customers
14955,2009-12-07 11:35:00,1,491.31,733,1,1,1,111,Lost
14956,2010-10-14 16:40:00,1,3975.0,421,1,1,4,114,Lost
14957,2011-03-31 17:59:00,2,999.87,253,2,2,2,222,Lost
14958,2011-07-15 14:20:00,6,2873.82,147,3,4,3,343,Loyal Customers
14959,2011-10-06 18:23:00,4,2086.26,64,3,3,3,333,Loyal Customers
14960,2011-12-01 12:54:00,2,663.81,8,5,2,1,521,New Customers
14961,2011-11-29 09:42:00,22,49230.45,11,5,5,5,555,Champions
14962,2011-03-14 09:42:00,4,1100.73,271,2,3,2,232,Others
14963,2011-11-30 12:16:00,12,9493.44,10,5,5,5,555,Champions
14964,2011-04-06 14:13:00,1,618.63,247,2,1,1,211,Lost
14965,2011-09-04 13:20:00,2,1797.0,96,3,2,2,322,Others
14966,2011-11-25 12:20:00,6,3347.52,15,5,4,3,543,Loyal Customers
14967,2011-10-21 11:06:00,6,5947.83,50,4,4,4,444,Champions
14968,2011-11-09 13:58:00,2,1514.97,30,4,2,2,422,New Customers
14969,2010-01-05 12:43:00,1,2718.69,704,1,1,3,113,Lost
14970,2011-10-02 13:44:00,12,14758.05,68,3,5,5,355,Loyal Customers
14971,2011-11-04 17:07:00,3,3349.71,35,4,3,3,433,Loyal Customers
14972,2011-08-03 14:54:00,2,435.21,128,3,2,1,321,Others
14973,2011-08-24 15:51:00,3,3943.35,107,3,3,4,334,Loyal Customers
14974,2011-11-02 13:01:00,1,343.17,37,4,1,1,411,New Customers
14975,2011-10-13 14:08:00,2,1417.17,57,4,2,2,422,New Customers
14976,2011-10-13 16:37:00,7,2372.58,57,4,4,3,443,Loyal Customers
14977,2009-12-14 10:37:00,1,95.79,726,1,1,1,111,Lost
14978,2011-09-28 13:07:00,10,9426.42,72,3,5,5,355,Loyal Customers
14979,2009-12-04 12:54:00,1,1318.38,735,1,1,2,112,Lost
14980,2009-12-02 14:09:00,1,452.04,737,1,1,1,111,Lost
14981,2011-04-07 13:45:00,2,1118.76,246,2,2,2,222,Lost
14982,2010-05-16 15:52:00,1,713.34,572,1,1,1,111,Lost
14983,2010-01-19 17:32:00,1,549.6,689,1,1,1,111,Lost
14984,2011-11-20 14:28:00,6,3814.23,19,5,4,4,544,Champions
14985,2011-05-25 14:29:00,2,890.25,198,2,2,2,222,Lost
14986,2010-11-28 15:25:00,2,1700.7,376,2,2,2,222,Lost
14987,2011-11-24 09:59:00,8,5141.55,16,5,4,4,544,Champions
14988,2011-05-12 12:05:00,7,6199.8,212,2,4,4,244,At Risk
14989,2010-02-16 10:40:00,1,1027.2,662,1,1,2,112,Lost
14990,2010-04-06 13:54:00,2,916.26,612,1,2,2,122,Lost
14991,2010-10-05 13:01:00,1,944.01,430,1,1,2,112,Lost
14992,2010-09-23 17:48:00,1,631.5,442,1,1,1,111,Lost
14993,2010-05-25 12:47:00,1,108.39,564,1,1,1,111,Lost
14994,2010-11-22 12:59:00,5,2881.89,382,2,4,3,243,At Risk
14995,2011-11-01 11:39:00,2,699.69,39,4,2,1,421,New Customers
14996,2010-08-15 13:44:00,2,1326.87,481,1,2,2,122,Lost
14997,2011-10-24 13:28:00,4,2329.8,46,4,3,3,433,Loyal Customers
14998,2011-06-22 17:30:00,4,2312.19,170,3,3,3,333,Loyal Customers
14999,2010-04-26 10:47:00,1,388.44,593,1,1,1,111,Lost
15000,2011-10-23 11:42:00,1,1471.56,48,4,1,2,412,New Customers
15001,2010-11-10 13:51:00,2,692.58,394,2,2,1,221,Lost
15002,2011-08-16 10:44:00,9,14451.84,116,3,5,5,355,Loyal Customers
15003,2010-08-23 15:44:00,6,3182.1,473,1,4,3,143,At Risk
15004,2011-07-15 14:05:00,1,3738.96,147,3,1,3,313,Others
15005,2011-11-24 12:25:00,56,42318.6,16,5,5,5,555,Champions
15006,2011-10-19 15:08:00,2,2475.42,51,4,2,3,423,New Customers
15007,2011-07-03 16:00:00,1,470.73,159,3,1,1,311,Others
15008,2010-08-16 13:09:00,2,1080.0,480,1,2,2,122,Lost
15009,2011-11-27 13:35:00,3,3785.34,12,5,3,4,534,Loyal Customers
15010,2011-11-04 12:42:00,1,926.82,36,4,1,2,412,New Customers
15011,2010-11-09 11:10:00,2,1249.8,396,2,2,2,222,Lost
15012,2011-10-17 12:22:00,3,2581.86,54,4,3,3,433,Loyal Customers
15013,2010-08-09 12:05:00,10,4923.9,488,1,5,4,154,At Risk
15014,2011-10-27 20:07:00,2,780.51,43,4,2,1,421,New Customers
15015,2010-07-26 13:50:00,13,7095.06,501,1,5,4,154,At Risk
15016,2011-06-20 12:06:00,5,1890.9,173,3,4,3,343,Loyal Customers
15017,2011-11-06 10:33:00,1,376.74,34,4,1,1,411,New Customers
15018,2011-11-01 12:47:00,3,1822.38,39,4,3,2,432,Loyal Customers
15019,2011-03-18 12:35:00,1,798.0,267,2,1,1,211,Lost
15020,2010-11-25 13:29:00,1,610.26,379,2,1,1,211,Lost
15021,2011-12-01 11:53:00,12,8351.49,9,5,5,4,554,Champions
15022,2011-11-28 12:35:00,5,3558.27,12,5,4,3,543,Loyal Customers
15023,2011-12-06 17:23:00,20,36512.04,3,5,5,5,555,Champions
15024,2011-11-30 12:06:00,16,12226.53,10,5,5,5,555,Champions
15025,2011-11-06 15:20:00,2,3039.27,33,4,2,3,423,New Customers
15026,2011-09-20 13:52:00,5,3184.83,80,3,4,3,343,Loyal Customers
15027,2011-11-09 10:16:00,10,9586.8,31,4,5,5,455,Champions
15028,2011-12-01 14:06:00,6,3473.13,8,5,4,3,543,Loyal Customers
15029,2010-03-30 12:16:00,1,1095.3,620,1,1,2,112,Lost
15030,2011-09-29 10:50:00,8,5939.73,72,3,4,4,344,Loyal Customers
15031,2011-12-05 14:19:00,14,9469.74,4,5,5,5,555,Champions
15032,2011-03-28 15:03:00,8,41341.95,256,2,4,5,245,At Risk
15033,2011-12-05 12:40:00,10,7760.01,5,5,5,4,554,Champions
15034,2011-11-24 12:11:00,14,24940.2,16,5,5,5,555,Champions
15035,2011-09-11 11:08:00,1,758.19,90,3,1,1,311,Others
15036,2011-09-28 15:42:00,3,1396.65,72,3,3,2,332,Loyal Customers
15037,2010-11-28 13:05:00,2,1207.53,376,2,2,2,222,Lost
15038,2011-10-12 11:33:00,9,3929.58,59,4,5,4,454,Champions
15039,2011-11-30 11:31:00,93,120094.29,10,5,5,5,555,Champions
15040,2010-06-16 11:40:00,1,22.47,542,1,1,1,111,Lost
15041,2011-06-22 16:16:00,2,882.06,170,3,2,2,322,Others
15042,2011-05-24 16:25:00,2,946.35,199,2,2,2,222,Lost
15043,2011-11-08 14:26:00,6,8621.4,31,4,4,4,444,Champions
15044,2011-11-20 13:20:00,35,48612.99,19,5,5,5,555,Champions
15045,2011-07-11 11:33:00,2,2206.98,152,3,2,3,323,Others
15046,2011-11-30 15:50:00,25,23437.17,9,5,5,5,555,Champions
15047,2011-03-15 10:49:00,1,1030.86,270,2,1,2,212,Lost
15048,2011-10-05 14:55:00,4,1448.25,65,3,3,2,332,Loyal Customers
15049,2011-03-11 12:13:00,1,363.51,274,2,1,1,211,Lost
15050,2011-11-14 16:17:00,5,12581.37,25,4,4,5,445,Champions
15051,2011-11-16 15:38:00,9,11805.48,23,4,5,5,455,Champions
15052,2011-01-24 15:52:00,1,647.34,319,2,1,1,211,Lost
15053,2011-12-05 12:08:00,3,2093.37,5,5,3,3,533,Loyal Customers
15054,2011-11-27 15:02:00,2,906.3,12,5,2,2,522,New Customers
15055,2010-08-22 11:06:00,3,1680.21,475,1,3,2,132,Others
15056,2010-07-07 15:58:00,1,400.35,520,1,1,1,111,Lost
15057,2011-03-09 15:17:00,5,9767.88,275,2,4,5,245,At Risk
15058,2011-11-14 14:57:00,16,10230.09,25,4,5,5,455,Champions
15059,2011-10-30 11:35:00,19,10570.71,41,4,5,5,455,Champions
15060,2011-12-01 13:47:00,4,909.27,8,5,3,2,532,Loyal Customers
15061,2011-12-06 12:06:00,127,413455.56,4,5,5,5,555,Champions
15062,2011-09-29 16:51:00,8,7756.86,71,3,4,4,344,Loyal Customers
15063,2011-05-10 13:25:00,1,1112.4,213,2,1,2,212,Lost
15064,2010-10-25 14:32:00,4,3763.23,410,2,3,4,234,At Risk
15065,2011-11-02 09:45:00,5,9980.58,38,4,4,5,445,Champions
15066,2011-10-17 13:25:00,1,2680.77,53,4,1,3,413,New Customers
15067,2011-09-22 13:20:00,5,11633.64,78,3,4,5,345,Loyal Customers
15068,2011-10-24 14:47:00,4,3530.55,46,4,3,3,433,Loyal Customers
15069,2011-06-13 14:16:00,1,3328.59,179,3,1,3,313,Others
15070,2010-12-02 11:23:00,3,2529.75,373,2,3,3,233,At Risk
15071,2011-09-07 11:43:00,4,4366.68,94,3,3,4,334,Loyal Customers
15072,2010-08-17 15:46:00,1,562.56,479,1,1,1,111,Lost
15073,2011-11-30 10:44:00,8,8364.06,10,5,4,4,544,Champions
15074,2011-08-26 14:45:00,3,4698.99,105,3,3,4,334,Loyal Customers
15075,2011-09-23 12:27:00,1,2319.09,78,3,1,3,313,Others
15076,2011-06-20 08:23:00,3,4343.22,173,3,3,4,334,Loyal Customers
15077,2010-08-02 11:13:00,2,7284.24,495,1,2,4,124,Lost
15078,2011-12-02 15:41:00,53,53285.64,7,5,5,5,555,Champions
15079,2011-05-11 12:45:00,11,11302.05,213,2,5,5,255,At Risk
15080,2010-10-08 11:52:00,2,1638.75,428,1,2,2,122,Lost
15081,2011-11-17 17:08:00,12,5897.16,22,4,5,4,454,Champions
15082,2010-02-09 10:23:00,1,280.05,669,1,1,1,111,Lost
15083,2011-03-28 12:18:00,1,264.6,257,2,1,1,211,Lost
15084,2010-11-25 11:58:00,2,2895.6,380,2,2,3,223,Lost
15085,2009-12-10 11:47:00,1,1042.62,730,1,1,2,112,Lost
15086,2010-05-24 12:27:00,2,655.59,565,1,2,1,121,Lost
15087,2011-03-03 10:34:00,1,920.82,282,2,1,2,212,Lost
15088,2011-11-18 13:14:00,2,3480.21,21,4,2,3,423,New Customers
15089,2011-11-29 16:31:00,6,7262.52,10,5,4,4,544,Champions
15090,2011-02-04 14:03:00,1,1143.96,308,2,1,2,212,Lost
15091,2011-10-03 12:47:00,3,3139.83,68,3,3,3,333,Loyal Customers
15092,2011-05-08 14:10:00,3,2329.38,215,2,3,3,233,At Risk
15093,2011-11-21 13:09:00,23,42978.33,18,5,5,5,555,Champions
15094,2010-09-02 16:55:00,2,249.0,463,1,2,1,121,Lost
15095,2011-08-28 12:01:00,10,9424.92,104,3,5,5,355,Loyal Customers
15096,2011-10-28 10:27:00,1,658.17,43,4,1,1,411,New Customers
15097,2011-12-05 14:03:00,3,2725.05,4,5,3,3,533,Loyal Customers
15098,2011-06-10 15:33:00,3,119749.5,182,3,3,5,335,Loyal Customers
15099,2011-09-16 13:13:00,1,1231.44,84,3,1,2,312,Others
15100,2011-01-10 10:35:00,7,8684.1,334,2,4,4,244,At Risk
15101,2011-12-01 10:18:00,6,4433.82,9,5,4,4,544,Champions
15102,2010-06-27 12:16:00,2,1664.01,531,1,2,2,122,Lost
15103,2011-11-08 14:53:00,2,2110.08,31,4,2,3,423,New Customers
15104,2011-05-27 12:29:00,2,3082.32,197,2,2,3,223,Lost
15105,2011-11-21 16:54:00,9,9284.73,18,5,5,5,555,Champions
15106,2011-11-22 09:16:00,5,4267.56,18,5,4,4,544,Champions
15107,2011-02-01 14:46:00,9,2821.05,311,2,5,3,253,At Risk
15108,2011-07-21 10:24:00,4,3900.75,142,3,3,4,334,Loyal Customers
15109,2011-04-08 09:58:00,3,2949.3,246,2,3,3,233,At Risk
15110,2011-11-16 11:16:00,6,4517.55,24,4,4,4,444,Champions
15111,2011-11-10 16:58:00,5,8192.61,29,4,4,4,444,Champions
15112,2010-04-07 14:17:00,1,628.2,611,1,1,1,111,Lost
15113,2011-11-30 08:23:00,3,10827.99,10,5,3,5,535,Loyal Customers
15114,2011-11-09 15:05:00,12,10200.36,30,4,5,5,455,Champions
15115,2011-11-21 14:59:00,2,1595.55,18,5,2,2,522,New Customers
15116,2011-11-22 12:25:00,4,4058.25,18,5,3,4,534,Loyal Customers
15117,2011-11-25 08:12:00,8,7457.91,15,5,4,4,544,Champions
15118,2011-07-28 14:54:00,1,734.4,134,3,1,1,311,Others
15119,2011-04-08 09:08:00,1,799.2,246,2,1,1,211,Lost
15120,2011-07-29 09:48:00,1,1076.46,134,3,1,2,312,Others
15121,2011-10-20 14:51:00,2,1373.16,50,4,2,2,422,New Customers
15122,2011-08-17 16:48:00,11,13492.41,114,3,5,5,355,Loyal Customers
15123,2011-12-02 13:12:00,5,13968.51,7,5,4,5,545,Champions
15124,2011-11-17 10:09:00,4,1352.46,23,4,3,2,432,Loyal Customers
15125,2011-11-14 13:57:00,24,51074.61,25,4,5,5,455,Champions
15126,2010-06-21 12:31:00,2,1348.47,537,1,2,2,122,Lost
15127,2011-10-05 10:30:00,2,2134.5,66,3,2,3,323,Others
15128,2011-10-10 13:54:00,5,5351.04,60,3,4,4,344,Loyal Customers
15129,2011-10-20 14:40:00,23,20580.54,50,4,5,5,455,Champions
15130,2011-06-23 10:15:00,1,990.33,170,3,1,2,312,Others
15131,2010-11-10 12:07:00,1,240.84,395,2,1,1,211,Lost
15132,2011-11-21 17:10:00,5,2933.79,18,5,4,3,543,Loyal Customers
15133,2011-08-04 10:44:00,5,5420.7,128,3,4,4,344,Loyal Customers
15134,2011-11-25 08:55:00,10,4788.87,15,5,5,4,554,Champions
15135,2011-04-14 19:16:00,2,917.04,239,2,2,2,222,Lost
15136,2011-12-07 12:26:00,4,3860.1,3,5,3,4,534,Loyal Customers
15137,2010-07-07 09:41:00,2,2470.2,521,1,2,3,123,Lost
15138,2010-11-11 09:16:00,1,1507.56,394,2,1,2,212,Lost
15139,2011-04-14 11:39:00,2,536.88,240,2,2,1,221,Lost
15140,2011-10-18 14:07:00,8,9731.07,52,4,4,5,445,Champions
15141,2010-09-08 11:33:00,7,4165.41,458,1,4,4,144,At Risk
15142,2011-10-24 12:51:00,6,7859.76,46,4,4,4,444,Champions
15143,2011-04-28 12:03:00,2,1690.89,226,2,2,2,222,Lost
15144,2011-12-01 15:12:00,29,36480.93,8,5,5,5,555,Champions
15145,2011-12-05 17:21:00,4,3584.19,4,5,3,3,533,Loyal Customers
15146,2011-06-28 12:09:00,2,3981.48,165,3,2,4,324,Others
15147,2011-04-13 15:57:00,1,1870.5,240,2,1,3,213,Lost
15148,2011-11-29 08:21:00,1,903.87,11,5,1,2,512,New Customers
15149,2011-07-29 10:58:00,5,4663.83,134,3,4,4,344,Loyal Customers
15150,2011-11-22 12:52:00,13,27003.24,17,5,5,5,555,Champions
15151,2010-10-12 16:37:00,2,6256.83,423,1,2,4,124,Lost
15152,2011-11-30 12:32:00,14,15791.49,10,5,5,5,555,Champions
15153,2011-11-08 17:09:00,1,987.75,31,4,1,2,412,New Customers
15154,2011-09-25 16:05:00,3,4165.23,75,3,3,4,334,Loyal Customers
15155,2010-11-21 12:59:00,1,1151.91,383,2,1,2,212,Lost
15156,2011-12-08 18:22:00,3,2884.47,1,5,3,3,533,Loyal Customers
15157,2011-12-06 11:28:00,5,7962.33,4,5,4,4,544,Champions
15158,2011-10-25 13:53:00,2,1818.06,45,4,2,2,422,New Customers
15159,2011-12-08 12:05:00,34,66350.19,2,5,5,5,555,Champions
15160,2010-12-17 14:15:00,4,1767.81,357,2,3,2,232,Others
15161,2010-11-16 16:08:00,1,359.76,388,2,1,1,211,Lost
15162,2009-12-08 13:14:00,1,938.7,731,1,1,2,112,Lost
15163,2011-11-21 13:10:00,2,913.41,18,5,2,2,522,New Customers
15164,2011-10-02 12:05:00,9,6206.76,69,3,5,4,354,Loyal Customers
15165,2010-12-01 14:03:00,1,2926.5,373,2,1,3,213,Lost
15166,2010-08-29 12:31:00,1,501.48,468,1,1,1,111,Lost
15167,2011-01-23 12:41:00,5,4979.01,321,2,4,4,244,At Risk
15168,2011-11-14 11:26:00,1,319.68,26,4,1,1,411,New Customers
15169,2010-11-22 13:04:00,2,1707.66,382,2,2,2,222,Lost
15170,2010-10-29 10:34:00,1,243.45,407,2,1,1,211,Lost
15171,2011-01-12 15:36:00,1,3868.5,331,2,1,4,214,Lost
15172,2011-12-01 11:51:00,5,4872.15,9,5,4,4,544,Champions
15173,2010-11-24 10:21:00,7,4483.8,381,2,4,4,244,At Risk
15174,2011-01-21 09:06:00,2,1444.38,323,2,2,2,222,Lost
15175,2011-09-29 11:31:00,1,672.42,72,3,1,1,311,Others
15176,2010-02-10 10:36:00,1,2964.12,668,1,1,3,113,Lost
15177,2010-10-10 12:48:00,1,2846.79,426,1,1,3,113,Lost
15178,2011-03-24 15:12:00,1,121.5,260,2,1,1,211,Lost
15179,2011-11-21 12:53:00,13,22475.76,18,5,5,5,555,Champions
15180,2010-12-07 14:57:00,3,2713.29,367,2,3,3,233,At Risk
15181,2011-10-04 13:58:00,5,3600.6,66,3,4,3,343,Loyal Customers
15182,2011-07-08 13:37:00,11,8996.85,154,3,5,5,355,Loyal Customers
15183,2010-06-10 10:43:00,3,1919.79,548,1,3,3,133,At Risk
15184,2011-11-10 13:41:00,4,2069.85,29,4,3,3,433,Loyal Customers
15185,2011-09-30 14:06:00,1,931.86,70,3,1,2,312,Others
15186,2011-11-25 14:58:00,5,4209.6,14,5,4,4,544,Champions
15187,2011-12-08 11:56:00,16,14331.54,2,5,5,5,555,Champions
15188,2009-12-14 13:30:00,1,931.29,725,1,1,2,112,Lost
15189,2011-12-08 13:22:00,46,52573.14,1,5,5,5,555,Champions
15190,2010-10-01 13:09:00,1,2503.32,434,1,1,3,113,Lost
15191,2010-09-02 15:37:00,3,1764.15,463,1,3,2,132,Others
15192,2011-08-12 11:41:00,5,5944.17,120,3,4,4,344,Loyal Customers
15193,2011-10-10 08:23:00,1,1497.96,61,3,1,2,312,Others
15194,2011-12-06 15:10:00,28,37283.07,3,5,5,5,555,Champions
15195,2011-12-07 12:20:00,1,11583.0,3,5,1,5,515,New Customers
15196,2010-10-03 10:50:00,2,948.75,433,1,2,2,122,Lost
15197,2011-11-29 10:00:00,6,5632.53,11,5,4,4,544,Champions
15198,2011-09-08 14:42:00,5,1714.05,92,3,4,2,342,Loyal Customers
15199,2011-10-11 15:12:00,10,9367.2,59,4,5,5,455,Champions
15200,2010-08-02 09:38:00,1,1647.15,495,1,1,2,112,Lost
15201,2011-09-13 14:53:00,7,5528.85,87,3,4,4,344,Loyal Customers
15202,2010-10-15 13:05:00,3,18004.47,420,1,3,5,135,At Risk
15203,2011-11-14 08:16:00,15,13200.54,26,4,5,5,455,Champions
15204,2010-12-17 13:49:00,1,949.74,357,2,1,2,212,Lost
15205,2011-09-15 19:36:00,2,1959.72,85,3,2,3,323,Others
15206,2011-11-29 13:41:00,4,1260.9,10,5,3,2,532,Loyal Customers
15207,2010-10-19 13:29:00,3,2051.76,416,1,3,3,133,At Risk
15208,2011-12-08 17:24:00,6,2911.56,1,5,4,3,543,Loyal Customers
15209,2009-12-09 17:26:00,1,536.94,730,1,1,1,111,Lost
15210,2011-04-28 16:11:00,3,3528.57,225,2,3,3,233,At Risk
15211,2011-10-10 13:31:00,2,3832.44,60,3,2,4,324,Others
15212,2011-04-12 13:45:00,2,624.84,241,2,2,1,221,Lost
15213,2011-01-25 12:21:00,2,985.05,319,2,2,2,222,Lost
15214,2011-12-08 12:07:00,8,4984.32,2,5,4,4,544,Champions
15215,2011-10-24 11:41:00,7,7267.29,47,4,4,4,444,Champions
15216,2011-09-13 11:41:00,2,1458.27,88,3,2,2,322,Others
15217,2010-05-25 13:51:00,1,1278.72,563,1,1,2,112,Lost
15218,2011-11-29 11:48:00,22,34549.71,11,5,5,5,555,Champions
15219,2011-06-16 16:57:00,2,2056.35,176,3,2,3,323,Others
15220,2011-10-19 12:39:00,6,5336.88,52,4,4,4,444,Champions
15221,2010-12-08 13:08:00,4,7396.35,366,2,3,4,234,At Risk
15222,2011-01-25 08:03:00,11,10652.73,319,2,5,5,255,At Risk
15223,2011-04-28 11:31:00,5,4253.85,226,2,4,4,244,At Risk
15224,2010-12-16 15:02:00,5,2614.08,358,2,4,3,243,At Risk
15225,2011-04-19 14:51:00,1,1228.2,234,2,1,2,212,Lost
15226,2011-02-02 11:41:00,1,463.23,311,2,1,1,211,Lost
15227,2011-11-03 11:59:00,9,7465.47,37,4,5,4,454,Champions
15228,2011-10-04 13:56:00,6,16740.81,66,3,4,5,345,Loyal Customers
15229,2010-05-02 13:50:00,1,481.5,586,1,1,1,111,Lost
15230,2011-04-14 14:39:00,2,1288.8,239,2,2,2,222,Lost
15231,2010-03-28 15:12:00,1,750.78,621,1,1,1,111,Lost
15232,2011-08-18 16:27:00,2,1836.18,113,3,2,2,322,Others
15233,2010-11-03 13:36:00,1,178.2,401,2,1,1,211,Lost
15234,2011-03-08 08:53:00,1,591.0,277,2,1,1,211,Lost
15235,2011-05-06 09:44:00,16,8813.43,218,2,5,4,254,At Risk
15236,2011-02-14 10:52:00,1,963.15,299,2,1,2,212,Lost
15237,2011-12-08 09:46:00,4,4236.96,2,5,3,4,534,Loyal Customers
15238,2011-11-10 14:28:00,3,3215.97,29,4,3,3,433,Loyal Customers
15239,2011-11-29 14:14:00,2,2341.77,10,5,2,3,523,New Customers
15240,2011-10-26 09:50:00,12,13379.94,45,4,5,5,455,Champions
15241,2011-10-04 09:05:00,11,9150.48,67,3,5,5,355,Loyal Customers
15242,2010-10-13 15:33:00,1,906.12,422,1,1,2,112,Lost
15243,2011-09-26 14:12:00,2,2781.84,74,3,2,3,323,Others
15244,2011-10-05 13:19:00,3,2736.24,65,3,3,3,333,Loyal Customers
15245,2011-07-28 18:56:00,8,13832.52,134,3,4,5,345,Loyal Customers
15246,2011-04-15 14:45:00,3,2341.2,238,2,3,3,233,At Risk
15247,2011-08-09 12:52:00,3,2928.18,122,3,3,3,333,Loyal Customers
15248,2010-10-24 13:09:00,3,5681.79,411,2,3,4,234,At Risk
15249,2011-11-08 11:45:00,18,27798.0,32,4,5,5,455,Champions
15250,2010-03-09 07:35:00,1,180.0,641,1,1,1,111,Lost
15251,2011-11-30 15:02:00,21,60973.62,9,5,5,5,555,Champions
15252,2011-11-03 13:30:00,5,6310.23,36,4,4,4,444,Champions
15253,2011-11-23 16:22:00,8,6165.27,16,5,4,4,544,Champions
15254,2011-08-04 15:04:00,3,3265.05,127,3,3,3,333,Loyal Customers
15255,2011-10-04 12:43:00,9,11188.26,67,3,5,5,355,Loyal Customers
15256,2011-07-14 11:47:00,2,511.2,149,3,2,1,321,Others
15257,2011-03-01 12:58:00,2,2057.7,283,2,2,3,223,Lost
15258,2011-06-24 12:30:00,2,1869.48,169,3,2,3,323,Others
15259,2010-07-15 08:47:00,4,3547.14,513,1,3,3,133,At Risk
15260,2011-08-31 13:55:00,25,27564.69,100,3,5,5,355,Loyal Customers
15261,2011-07-27 15:20:00,4,4524.0,135,3,3,4,334,Loyal Customers
15262,2011-01-20 12:16:00,3,1256.46,324,2,3,2,232,Others
15263,2011-08-25 10:26:00,1,469.53,107,3,1,1,311,Others
15264,2011-10-06 13:49:00,2,2545.2,64,3,2,3,323,Others
15265,2011-07-11 14:46:00,4,10036.92,151,3,3,5,335,Loyal Customers
15266,2011-01-05 13:40:00,5,2556.63,338,2,4,3,243,At Risk
15267,2011-11-17 15:59:00,5,5152.08,22,4,4,4,444,Champions
15268,2010-08-18 10:33:00,3,2885.7,479,1,3,3,133,At Risk
15269,2011-11-16 09:32:00,3,3676.08,24,4,3,3,433,Loyal Customers
15270,2011-11-24 09:24:00,21,25574.58,16,5,5,5,555,Champions
15271,2011-12-02 14:11:00,24,14128.62,7,5,5,5,555,Champions
15272,2011-10-13 12:59:00,6,6256.44,57,4,4,4,444,Champions
15273,2010-04-19 11:31:00,1,686.88,600,1,1,1,111,Lost
15274,2011-12-05 16:57:00,2,2149.71,4,5,2,3,523,New Customers
15275,2011-11-02 11:20:00,1,1845.42,38,4,1,2,412,New Customers
15276,2011-10-04 16:39:00,4,1948.59,66,3,3,3,333,Loyal Customers
15277,2011-10-24 10:08:00,2,1429.02,47,4,2,2,422,New Customers
15278,2010-05-27 10:03:00,4,1488.48,562,1,3,2,132,Others
15279,2010-12-20 10:48:00,5,4741.62,355,2,4,4,244,At Risk
15280,2011-06-20 17:14:00,3,1218.66,172,3,3,2,332,Loyal Customers
15281,2011-10-12 09:10:00,16,25630.71,59,4,5,5,455,Champions
15282,2010-05-18 16:27:00,1,1045.77,570,1,1,2,112,Lost
15283,2010-11-14 14:54:00,3,444.99,390,2,3,1,231,Others
15284,2010-07-27 13:25:00,1,74.25,500,1,1,1,111,Lost
15285,2010-10-28 09:46:00,1,284.76,408,2,1,1,211,Lost
15286,2011-10-21 11:08:00,1,721.65,50,4,1,1,411,New Customers
15287,2011-11-17 15:34:00,5,2568.09,22,4,4,3,443,Loyal Customers
15288,2011-10-27 16:58:00,10,11649.39,43,4,5,5,455,Champions
15289,2011-11-10 13:49:00,5,4779.27,29,4,4,4,444,Champions
15290,2011-12-05 11:39:00,26,31488.84,5,5,5,5,555,Champions
15291,2011-11-14 11:02:00,40,41539.68,26,4,5,5,455,Champions
15292,2011-05-22 15:00:00,1,542.82,201,2,1,1,211,Lost
15293,2010-02-12 11:54:00,1,742.5,666,1,1,1,111,Lost
15294,2010-10-25 11:45:00,1,700.05,411,2,1,1,211,Lost
15295,2010-02-23 13:03:00,1,651.72,654,1,1,1,111,Lost
15296,2011-10-20 11:47:00,12,31028.49,51,4,5,5,455,Champions
15297,2011-11-29 16:32:00,3,1925.82,10,5,3,3,533,Loyal Customers
15298,2011-12-07 17:17:00,23,28378.11,2,5,5,5,555,Champions
15299,2011-10-03 14:19:00,10,23974.62,67,3,5,5,355,Loyal Customers
15300,2011-10-06 17:08:00,1,1489.32,64,3,1,2,312,Others
15301,2011-10-20 09:57:00,17,22810.32,51,4,5,5,455,Champions
15302,2009-12-09 13:11:00,1,924.0,730,1,1,2,112,Lost
15303,2011-02-22 13:59:00,3,3672.54,290,2,3,3,233,At Risk
15304,2011-10-10 10:23:00,9,2758.65,61,3,5,3,353,Loyal Customers
15305,2010-06-02 13:50:00,1,280.8,555,1,1,1,111,Lost
15306,2011-10-06 12:56:00,9,10454.19,64,3,5,5,355,Loyal Customers
15307,2011-09-05 11:38:00,1,615.9,96,3,1,1,311,Others
15308,2011-03-10 13:08:00,1,931.41,274,2,1,2,212,Lost
15309,2010-04-08 11:11:00,4,2393.88,611,1,3,3,133,At Risk
15310,2010-08-18 11:38:00,1,4903.92,479,1,1,4,114,Lost
15311,2011-12-09 12:00:00,208,350313.48,1,5,5,5,555,Champions
15312,2011-09-25 13:10:00,12,8790.57,75,3,5,4,354,Loyal Customers
15313,2011-08-21 16:02:00,1,156.0,110,3,1,1,311,Others
15314,2011-05-24 14:39:00,3,2461.35,199,2,3,3,233,At Risk
15315,2011-10-06 12:51:00,2,1711.5,64,3,2,2,322,Others
15316,2011-01-17 11:34:00,1,495.0,327,2,1,1,211,Lost
15317,2010-01-31 15:55:00,1,389.25,677,1,1,1,111,Lost
15318,2011-12-06 11:30:00,1,937.86,4,5,1,2,512,New Customers
15319,2011-03-01 12:48:00,1,613.5,284,2,1,1,211,Lost
15320,2011-10-26 13:27:00,1,801.39,44,4,1,1,411,New Customers
15321,2011-09-30 09:40:00,12,20129.19,71,3,5,5,355,Loyal Customers
15322,2011-09-15 09:34:00,2,4172.58,86,3,2,4,324,Others
15323,2010-05-26 10:01:00,3,1303.8,563,1,3,2,132,Others
15324,2010-01-07 14:37:00,1,420.66,701,1,1,1,111,Lost
15325,2011-08-28 11:55:00,8,4806.03,104,3,4,4,344,Loyal Customers
15326,2011-01-10 11:38:00,5,5101.56,334,2,4,4,244,At Risk
15327,2011-10-18 11:55:00,1,626.25,53,4,1,1,411,New Customers
15328,2010-10-28 09:05:00,1,321.72,408,2,1,1,211,Lost
15329,2011-10-31 15:36:00,11,8952.99,39,4,5,5,455,Champions
15330,2011-11-07 17:50:00,2,2144.88,32,4,2,3,423,New Customers
15331,2010-07-28 09:42:00,3,2303.73,500,1,3,3,133,At Risk
15332,2010-12-08 14:43:00,6,19661.22,366,2,4,5,245,At Risk
15333,2011-05-15 13:27:00,1,3085.68,208,2,1,3,213,Lost
15334,2011-07-06 11:22:00,3,1055.01,157,3,3,2,332,Loyal Customers
15335,2011-10-17 12:50:00,1,521.91,54,4,1,1,411,New Customers
15336,2010-11-03 12:39:00,1,721.5,402,2,1,1,211,Lost
15337,2010-10-24 15:29:00,1,1119.06,411,2,1,2,212,Lost
15338,2010-01-31 14:25:00,1,850.29,677,1,1,1,111,Lost
15339,2011-10-04 12:51:00,7,5483.52,66,3,4,4,344,Loyal Customers
15340,2010-05-27 10:27:00,1,316.5,562,1,1,1,111,Lost
15341,2011-09-20 09:40:00,2,7208.16,81,3,2,4,324,Others
15342,2011-08-02 10:19:00,1,1218.27,130,3,1,2,312,Others
15343,2011-09-13 13:55:00,1,1093.5,87,3,1,2,312,Others
15344,2011-12-09 10:45:00,3,1691.82,1,5,3,2,532,Loyal Customers
15345,2011-10-25 11:28:00,1,1180.62,46,4,1,2,412,New Customers
15346,2011-01-11 11:18:00,3,1788.36,333,2,3,2,232,Others
15347,2010-12-08 15:25:00,4,4090.8,366,2,3,4,234,At Risk
15348,2011-09-28 13:17:00,1,474.12,72,3,1,1,311,Others
15349,2011-07-04 16:06:00,2,1421.43,158,3,2,2,322,Others
15350,2010-12-01 13:33:00,2,1989.75,373,2,2,3,223,Lost
15351,2011-11-27 12:52:00,10,11214.87,12,5,5,5,555,Champions
15352,2010-06-09 11:28:00,1,344.85,549,1,1,1,111,Lost
15353,2011-03-30 12:15:00,7,9527.85,255,2,4,5,245,At Risk
15354,2010-04-15 16:24:00,3,853.2,603,1,3,1,131,Others
15355,2011-11-10 13:44:00,2,831.15,29,4,2,1,421,New Customers
15356,2011-11-08 13:11:00,13,10394.85,31,4,5,5,455,Champions
15358,2011-12-05 09:04:00,42,51151.23,5,5,5,5,555,Champions
15359,2010-02-15 10:47:00,8,544.05,663,1,4,1,141,Others
15360,2011-10-31 09:35:00,1,1283.79,40,4,1,2,412,New Customers
15361,2010-12-13 09:52:00,4,2067.21,362,2,3,3,233,At Risk
15362,2010-09-17 10:37:00,2,1839.24,449,1,2,2,122,Lost
15363,2010-12-02 12:28:00,2,3012.33,373,2,2,3,223,Lost
15364,2011-09-05 09:46:00,2,2739.57,96,3,2,3,323,Others
15365,2011-11-14 08:29:00,13,13671.39,26,4,5,5,455,Champions
15366,2011-09-25 15:01:00,7,7167.24,75,3,4,4,344,Loyal Customers
15367,2011-10-13 14:13:00,11,15243.99,57,4,5,5,455,Champions
15368,2011-11-18 14:42:00,2,2168.22,21,4,2,3,423,New Customers
15369,2010-08-04 13:54:00,11,18753.78,492,1,5,5,155,At Risk
15370,2011-10-30 10:58:00,8,11217.03,41,4,4,5,445,Champions
15371,2010-02-15 13:14:00,1,178.2,662,1,1,1,111,Lost
15372,2011-07-25 16:39:00,8,18051.18,137,3,4,5,345,Loyal Customers
15373,2011-12-01 15:05:00,17,10264.17,8,5,5,5,555,Champions
15374,2011-08-03 09:59:00,2,921.96,129,3,2,2,322,Others
15375,2010-01-18 15:38:00,1,182.88,690,1,1,1,111,Lost
15376,2011-10-30 15:04:00,3,3700.08,40,4,3,3,433,Loyal Customers
15377,2010-11-22 08:55:00,4,3635.25,383,2,3,3,233,At Risk
15378,2010-09-03 11:30:00,2,739.5,463,1,2,1,121,Lost
15379,2011-06-23 13:13:00,8,14633.52,169,3,4,5,345,Loyal Customers
15380,2011-12-01 12:13:00,11,10437.18,9,5,5,5,555,Champions
15381,2011-05-10 11:55:00,5,5671.71,214,2,4,4,244,At Risk
15382,2011-11-25 10:58:00,12,41200.65,15,5,5,5,555,Champions
15384,2011-06-23 10:57:00,4,6083.37,170,3,3,4,334,Loyal Customers
15385,2011-10-30 15:11:00,3,2826.24,40,4,3,3,433,Loyal Customers
15386,2011-06-06 13:47:00,1,1182.42,186,3,1,2,312,Others
15387,2010-08-04 16:05:00,1,1405.95,492,1,1,2,112,Lost
15388,2011-03-14 13:53:00,1,421.62,270,2,1,1,211,Lost
15389,2011-06-20 16:18:00,5,8201.4,172,3,4,4,344,Loyal Customers
15390,2010-11-08 15:19:00,2,3649.98,396,2,2,3,223,Lost
15391,2010-05-04 15:04:00,1,869.61,584,1,1,2,112,Lost
15392,2011-12-05 11:01:00,7,8734.86,5,5,4,4,544,Champions
15393,2011-11-23 16:48:00,5,2674.02,16,5,4,3,543,Loyal Customers
15394,2011-11-30 11:49:00,11,15860.4,10,5,5,5,555,Champions
15395,2011-01-18 12:40:00,1,322.35,326,2,1,1,211,Lost
15396,2011-08-19 10:56:00,2,2389.14,113,3,2,3,323,Others
15397,2011-02-23 09:25:00,1,282.0,290,2,1,1,211,Lost
15398,2011-11-23 16:47:00,2,4036.59,16,5,2,4,524,New Customers
15399,2011-12-08 13:04:00,3,2447.31,1,5,3,3,533,Loyal Customers
15400,2011-09-08 13:57:00,8,3906.9,92,3,4,4,344,Loyal Customers
15401,2010-09-13 13:42:00,2,650.85,452,1,2,1,121,Lost
15402,2011-07-14 12:17:00,6,5491.62,149,3,4,4,344,Loyal Customers
15403,2010-08-05 12:21:00,2,512.64,492,1,2,1,121,Lost
15404,2010-11-29 11:03:00,1,771.18,376,2,1,1,211,Lost
15405,2011-06-03 14:44:00,2,1979.52,189,3,2,3,323,Others
15406,2011-11-08 13:22:00,4,2927.61,31,4,3,3,433,Loyal Customers
15407,2011-11-06 11:55:00,4,3169.32,34,4,3,3,433,Loyal Customers
15408,2011-03-20 15:02:00,1,801.54,264,2,1,1,211,Lost
15409,2009-12-18 15:35:00,1,393.75,721,1,1,1,111,Lost
15410,2011-09-16 14:47:00,10,14057.16,84,3,5,5,355,Loyal Customers
15411,2011-11-13 15:19:00,4,4076.64,26,4,3,4,434,Loyal Customers
15412,2011-06-21 15:24:00,1,571.59,171,3,1,1,311,Others
15413,2010-01-17 11:33:00,5,20396.16,692,1,4,5,145,At Risk
15414,2011-11-30 09:50:00,3,2324.7,10,5,3,3,533,Loyal Customers
15415,2011-01-30 14:13:00,1,1718.43,313,2,1,2,212,Lost
15416,2011-10-06 09:38:00,7,13718.46,65,3,4,5,345,Loyal Customers
15417,2011-09-15 15:26:00,1,1526.4,85,3,1,2,312,Others
15418,2010-10-10 13:38:00,2,1356.96,425,1,2,2,122,Lost
15419,2011-11-15 09:23:00,1,407.58,25,4,1,1,411,New Customers
15420,2010-10-01 15:46:00,6,2229.0,434,1,4,3,143,At Risk
15421,2011-10-12 09:20:00,10,11416.02,59,4,5,5,455,Champions
15422,2011-01-20 16:17:00,7,4859.91,323,2,4,4,244,At Risk
15423,2011-11-01 14:01:00,3,800.67,38,4,3,1,431,Loyal Customers
15424,2011-03-30 13:02:00,3,1793.34,254,2,3,2,232,Others
15425,2010-11-04 18:13:00,4,5833.71,400,2,3,4,234,At Risk
15426,2011-11-20 15:36:00,9,7846.17,19,5,5,4,554,Champions
15427,2011-11-06 14:29:00,3,4449.42,33,4,3,4,434,Loyal Customers
15428,2011-11-24 16:54:00,4,2288.25,15,5,3,3,533,Loyal Customers
15429,2011-11-13 12:28:00,2,1192.05,27,4,2,2,422,New Customers
15430,2010-08-29 10:42:00,2,2864.25,468,1,2,3,123,Lost
15431,2010-07-25 12:44:00,1,459.72,503,1,1,1,111,Lost
15432,2011-11-16 16:30:00,2,962.28,23,4,2,2,422,New Customers
15433,2011-05-10 10:45:00,2,1599.9,214,2,2,2,222,Lost
15434,2011-12-01 13:33:00,11,7701.18,8,5,5,4,554,Champions
15435,2011-11-17 16:39:00,1,447.87,22,4,1,1,411,New Customers
15436,2011-11-27 16:05:00,3,3367.59,12,5,3,3,533,Loyal Customers
15437,2011-03-22 13:11:00,2,1180.35,262,2,2,2,222,Lost
15438,2011-07-31 14:19:00,1,469.74,131,3,1,1,311,Others
15439,2010-10-31 10:38:00,4,3807.15,405,2,3,4,234,At Risk
15440,2011-10-16 12:16:00,3,1151.04,55,4,3,2,432,Loyal Customers
15441,2010-11-08 15:50:00,3,3762.63,396,2,3,4,234,At Risk
15442,2011-04-05 12:24:00,1,1782.0,249,2,1,2,212,Lost
15443,2011-12-08 10:40:00,14,15527.79,2,5,5,5,555,Champions
15444,2011-11-30 17:37:00,2,4254.78,9,5,2,4,524,New Customers
15445,2011-03-20 15:06:00,2,853.5,264,2,2,1,221,Lost
15446,2010-11-28 11:59:00,3,1220.85,377,2,3,2,232,Others
15447,2011-01-13 11:26:00,5,1478.64,331,2,4,2,242,Others
15448,2011-01-31 10:42:00,2,2366.43,313,2,2,3,223,Lost
15449,2011-11-13 15:02:00,3,2923.56,26,4,3,3,433,Loyal Customers
15450,2011-11-09 17:11:00,1,1289.52,30,4,1,2,412,New Customers
15451,2010-10-01 13:40:00,2,699.63,434,1,2,1,121,Lost
15452,2011-11-10 12:13:00,6,5397.33,30,4,4,4,444,Champions
15453,2011-12-08 10:59:00,7,4165.11,2,5,4,4,544,Champions
15454,2010-12-12 14:21:00,2,923.07,362,2,2,2,222,Lost
15455,2010-04-21 12:43:00,1,114.75,598,1,1,1,111,Lost
15456,2011-03-01 13:51:00,10,6357.81,283,2,5,4,254,At Risk
15457,2011-03-22 15:31:00,1,711.21,262,2,1,1,211,Lost
15458,2011-11-14 13:08:00,2,1111.32,25,4,2,2,422,New Customers
15459,2010-10-18 15:25:00,2,608.49,417,1,2,1,121,Lost
15460,2010-12-20 16:08:00,1,650.28,354,2,1,1,211,Lost
15461,2010-09-05 12:31:00,2,1289.1,461,1,2,2,122,Lost
15462,2011-09-06 13:11:00,4,2211.15,94,3,3,3,333,Loyal Customers
15463,2011-11-10 12:57:00,1,378.42,29,4,1,1,411,New Customers
15464,2011-01-05 15:56:00,1,3146.55,338,2,1,3,213,Lost
15465,2011-11-20 10:11:00,32,37966.95,20,4,5,5,455,Champions
15466,2011-09-15 14:08:00,4,4713.03,85,3,3,4,334,Loyal Customers
15467,2011-11-30 14:17:00,3,1574.64,9,5,3,2,532,Loyal Customers
15468,2011-10-19 13:49:00,3,4291.44,51,4,3,4,434,Loyal Customers
15469,2011-10-20 16:21:00,3,2622.75,50,4,3,3,433,Loyal Customers
15470,2010-05-13 09:35:00,1,190.26,576,1,1,1,111,Lost
15471,2011-12-07 14:12:00,3,3949.68,2,5,3,4,534,Loyal Customers
15472,2011-08-18 15:17:00,1,1114.68,113,3,1,2,312,Others
15473,2011-11-25 15:15:00,8,6138.0,14,5,4,4,544,Champions
15474,2010-04-23 11:14:00,1,489.3,596,1,1,1,111,Lost
15475,2011-09-23 15:20:00,1,1362.33,77,3,1,2,312,Others
15476,2010-11-24 15:17:00,4,6629.94,380,2,3,4,234,At Risk
15477,2010-02-28 10:37:00,1,1105.2,650,1,1,2,112,Lost
15478,2011-10-30 14:19:00,3,6074.94,40,4,3,4,434,Loyal Customers
15479,2009-12-06 15:08:00,1,442.2,733,1,1,1,111,Lost
15480,2011-08-15 14:32:00,5,18837.0,116,3,4,5,345,Loyal Customers
15481,2010-11-03 14:52:00,1,5980.02,401,2,1,4,214,Lost
15482,2011-11-24 10:46:00,19,43777.68,16,5,5,5,555,Champions
15483,2011-07-01 13:07:00,10,2586.6,161,3,5,3,353,Loyal Customers
15484,2011-12-08 15:03:00,6,13968.0,1,5,4,5,545,Champions
15485,2011-11-09 14:31:00,7,17314.53,30,4,4,5,445,Champions
15486,2010-06-30 13:15:00,1,306.0,527,1,1,1,111,Lost
15487,2010-01-29 12:07:00,1,693.96,680,1,1,1,111,Lost
15488,2011-09-08 10:11:00,5,1295.76,93,3,4,2,342,Loyal Customers
15489,2011-11-17 08:53:00,8,7258.83,23,4,4,4,444,Champions
15490,2010-10-05 13:11:00,1,652.8,430,1,1,1,111,Lost
15491,2011-09-05 15:56:00,6,9300.27,95,3,4,5,345,Loyal Customers
15492,2011-11-11 14:53:00,2,1978.38,28,4,2,3,423,New Customers
15493,2011-11-07 12:04:00,9,12944.94,33,4,5,5,455,Champions
15494,2011-11-18 14:51:00,5,11340.15,21,4,4,5,445,Champions
15495,2010-11-25 13:46:00,1,739.5,379,2,1,1,211,Lost
15496,2010-03-18 13:16:00,1,438.42,631,1,1,1,111,Lost
15497,2011-11-22 11:51:00,9,25972.17,18,5,5,5,555,Champions
15498,2011-12-07 12:48:00,44,78118.74,3,5,5,5,555,Champions
15499,2009-12-16 12:17:00,1,484.8,724,1,1,1,111,Lost
15500,2011-12-01 13:47:00,4,3394.68,8,5,3,3,533,Loyal Customers
15501,2010-10-31 11:15:00,2,1207.5,405,2,2,2,222,Lost
15502,2011-11-24 12:48:00,14,41980.41,16,5,5,5,555,Champions
15503,2010-12-12 10:57:00,2,801.45,363,2,2,1,221,Lost
15504,2011-09-19 13:45:00,4,1271.55,81,3,3,2,332,Loyal Customers
15505,2011-10-18 07:56:00,5,10832.88,53,4,4,5,445,Champions
15506,2011-11-17 12:11:00,6,6120.09,23,4,4,4,444,Champions
15507,2011-06-21 11:19:00,1,1477.08,172,3,1,2,312,Others
15508,2011-06-03 15:43:00,6,3000.81,189,3,4,3,343,Loyal Customers
15509,2010-11-24 14:48:00,1,499.53,380,2,1,1,211,Lost
15510,2011-01-13 12:10:00,1,750.0,331,2,1,1,211,Lost
15511,2011-11-28 09:43:00,5,2727.69,12,5,4,3,543,Loyal Customers
15512,2011-07-07 10:20:00,4,994.74,156,3,3,2,332,Loyal Customers
15513,2011-11-06 14:36:00,35,83251.65,33,4,5,5,455,Champions
15514,2011-11-27 14:40:00,18,19795.65,12,5,5,5,555,Champions
15515,2010-11-17 13:39:00,1,515.43,387,2,1,1,211,Lost
15516,2011-10-26 10:51:00,3,187.29,45,4,3,1,431,Loyal Customers
15517,2011-04-20 14:02:00,1,801.09,233,2,1,1,211,Lost
15518,2011-10-06 13:05:00,15,12656.82,64,3,5,5,355,Loyal Customers
15519,2010-11-21 14:35:00,2,1033.83,383,2,2,2,222,Lost
15520,2011-12-08 10:58:00,1,1030.5,2,5,1,2,512,New Customers
15521,2011-10-30 13:42:00,16,21320.07,40,4,5,5,455,Champions
15522,2011-11-07 11:26:00,2,1196.52,33,4,2,2,422,New Customers
15523,2011-09-16 16:29:00,16,52079.97,84,3,5,5,355,Loyal Customers
15524,2011-11-15 12:09:00,2,1774.2,25,4,2,2,422,New Customers
15525,2011-12-07 14:43:00,4,3887.1,2,5,3,4,534,Loyal Customers
15526,2011-11-06 15:04:00,2,445.32,33,4,2,1,421,New Customers
15527,2011-11-21 12:17:00,23,16726.92,19,5,5,5,555,Champions
15528,2011-03-30 16:14:00,1,687.99,254,2,1,1,211,Lost
15529,2011-11-17 11:29:00,12,15335.85,23,4,5,5,455,Champions
15530,2011-11-18 12:25:00,5,5441.16,22,4,4,4,444,Champions
15531,2011-12-01 18:43:00,2,6022.32,8,5,2,4,524,New Customers
15532,2011-11-14 14:51:00,10,11315.7,25,4,5,5,455,Champions
15533,2011-11-20 15:35:00,3,2422.71,19,5,3,3,533,Loyal Customers
15534,2009-12-14 12:48:00,1,486.75,726,1,1,1,111,Lost
15535,2011-06-19 16:02:00,6,3263.46,173,3,4,3,343,Loyal Customers
15536,2010-10-26 16:31:00,1,777.27,409,2,1,1,211,Lost
15537,2011-06-29 13:10:00,1,332.76,163,3,1,1,311,Others
15538,2010-06-20 10:49:00,6,10075.2,538,1,4,5,145,At Risk
15539,2011-12-02 13:36:00,1,1615.38,7,5,1,2,512,New Customers
15540,2011-11-28 13:51:00,2,1382.04,11,5,2,2,522,New Customers
15541,2011-08-17 14:58:00,1,255.39,114,3,1,1,311,Others
15542,2010-07-15 13:32:00,3,2755.35,512,1,3,3,133,At Risk
15543,2011-02-24 15:26:00,2,728.52,288,2,2,1,221,Lost
15544,2011-11-30 16:43:00,20,24487.29,9,5,5,5,555,Champions
15545,2011-10-16 13:24:00,2,1284.15,54,4,2,2,422,New Customers
15546,2010-04-12 11:51:00,2,3237.3,607,1,2,3,123,Lost
15547,2011-12-02 12:52:00,26,30463.17,7,5,5,5,555,Champions
15548,2010-04-23 12:20:00,1,474.27,596,1,1,1,111,Lost
15549,2011-09-23 16:22:00,8,7037.88,77,3,4,4,344,Loyal Customers
15550,2011-12-05 15:38:00,12,6656.4,4,5,5,4,554,Champions
15551,2011-11-03 12:37:00,7,5130.24,37,4,4,4,444,Champions
15552,2011-05-06 14:47:00,2,757.56,217,2,2,1,221,Lost
15553,2011-10-10 14:02:00,1,1311.69,60,3,1,2,312,Others
15554,2011-03-07 09:00:00,1,651.6,278,2,1,1,211,Lost
15555,2011-11-27 16:19:00,36,36337.05,12,5,5,5,555,Champions
15556,2011-11-15 16:08:00,1,839.31,24,4,1,1,411,New Customers
15557,2011-11-11 12:46:00,1,1420.95,29,4,1,2,412,New Customers
15558,2010-03-10 15:25:00,1,642.39,639,1,1,1,111,Lost
15559,2010-05-20 14:06:00,1,3328.2,568,1,1,3,113,Lost
15560,2010-11-07 10:15:00,2,460.56,398,2,2,1,221,Lost
15561,2011-11-28 11:07:00,8,5803.17,12,5,4,4,544,Champions
15562,2010-12-23 09:55:00,3,2020.14,352,2,3,3,233,At Risk
15563,2011-11-17 14:50:00,7,8601.0,22,4,4,4,444,Champions
15564,2010-09-02 15:52:00,2,212.22,463,1,2,1,121,Lost
15565,2011-10-20 14:33:00,2,519.48,50,4,2,1,421,New Customers
15566,2010-11-12 12:11:00,2,683.61,393,2,2,1,221,Lost
15567,2011-11-21 10:48:00,1,558.03,19,5,1,1,511,New Customers
15568,2011-12-07 11:27:00,3,2274.87,3,5,3,3,533,Loyal Customers
15569,2011-08-28 10:15:00,10,10759.05,104,3,5,5,355,Loyal Customers
15570,2011-12-02 14:47:00,25,27933.12,7,5,5,5,555,Champions
15571,2011-11-28 10:02:00,14,12154.89,12,5,5,5,555,Champions
15572,2011-12-05 10:09:00,10,12206.01,5,5,5,5,555,Champions
15573,2011-11-08 11:38:00,5,3621.54,32,4,4,3,443,Loyal Customers
15574,2011-06-15 12:01:00,6,4556.1,178,3,4,4,344,Loyal Customers
15575,2010-03-30 12:50:00,1,90.3,620,1,1,1,111,Lost
15576,2011-11-02 12:03:00,1,2822.01,38,4,1,3,413,New Customers
15577,2011-07-11 17:03:00,5,1193.94,151,3,4,2,342,Loyal Customers
15578,2011-06-30 13:03:00,1,381.3,162,3,1,1,311,Others
15579,2011-10-02 12:45:00,5,3907.5,69,3,4,4,344,Loyal Customers
15580,2010-11-28 11:00:00,8,4143.57,377,2,4,4,244,At Risk
15581,2011-08-11 09:38:00,38,23383.77,121,3,5,5,355,Loyal Customers
15582,2011-11-15 09:55:00,3,2048.73,25,4,3,3,433,Loyal Customers
15583,2010-11-28 15:04:00,1,323.58,376,2,1,1,211,Lost
15584,2011-11-16 10:55:00,6,3832.5,24,4,4,4,444,Champions
15585,2011-06-16 08:38:00,1,1365.9,177,3,1,2,312,Others
15586,2010-04-26 11:00:00,3,3417.3,593,1,3,3,133,At Risk
15587,2011-10-20 13:37:00,7,4566.24,50,4,4,4,444,Champions
15588,2010-01-31 12:19:00,1,1738.8,678,1,1,2,112,Lost
15589,2011-03-29 09:54:00,3,1435.59,256,2,3,2,232,Others
15590,2010-11-22 14:49:00,5,4489.8,382,2,4,4,244,At Risk
15591,2010-05-06 09:23:00,3,653.7,583,1,3,1,131,Others
15592,2011-10-24 08:59:00,1,1165.74,47,4,1,2,412,New Customers
15593,2011-09-30 11:46:00,1,599.4,71,3,1,1,311,Others
15594,2011-11-24 08:53:00,5,5315.34,16,5,4,4,544,Champions
15595,2010-08-09 12:27:00,1,1072.8,488,1,1,2,112,Lost
15596,2011-08-31 10:55:00,9,9390.12,101,3,5,5,355,Loyal Customers
15597,2011-11-04 13:26:00,2,1690.11,35,4,2,2,422,New Customers
15598,2011-10-17 16:04:00,2,1644.06,53,4,2,2,422,New Customers
15599,2011-11-13 11:44:00,3,3750.18,27,4,3,4,434,Loyal Customers
15600,2010-10-07 14:30:00,4,3597.93,428,1,3,3,133,At Risk
15601,2011-11-28 15:15:00,30,44880.36,11,5,5,5,555,Champions
15602,2011-12-01 14:14:00,16,9691.53,8,5,5,5,555,Champions
15603,2011-09-22 10:04:00,2,265.44,79,3,2,1,321,Others
15604,2011-10-18 14:47:00,1,649.17,52,4,1,1,411,New Customers
15605,2011-11-03 14:17:00,9,5810.4,36,4,5,4,454,Champions
15606,2011-10-09 15:47:00,17,15692.97,61,3,5,5,355,Loyal Customers
15607,2011-01-07 12:44:00,9,5126.91,337,2,5,4,254,At Risk
15608,2011-11-11 13:20:00,5,5357.94,28,4,4,4,444,Champions
15609,2011-06-08 13:00:00,1,895.44,184,3,1,2,312,Others
15610,2011-10-19 10:36:00,1,337.38,52,4,1,1,411,New Customers
15611,2011-11-30 12:36:00,26,8991.84,10,5,5,5,555,Champions
15612,2011-11-03 14:52:00,2,585.45,36,4,2,1,421,New Customers
15613,2010-04-08 12:51:00,1,1301.16,610,1,1,2,112,Lost
15614,2010-09-28 10:46:00,4,9442.08,438,1,3,5,135,At Risk
15615,2011-11-29 14:42:00,47,64121.91,10,5,5,5,555,Champions
15616,2010-09-27 13:10:00,1,951.33,438,1,1,2,112,Lost
15617,2010-11-08 16:07:00,3,2485.65,396,2,3,3,233,At Risk
15618,2011-11-07 08:34:00,4,2330.55,33,4,3,3,433,Loyal Customers
15619,2011-11-29 08:14:00,1,1009.2,11,5,1,2,512,New Customers
15620,2011-10-14 12:41:00,4,5827.08,57,4,3,4,434,Loyal Customers
15621,2011-12-05 14:01:00,4,3879.09,4,5,3,4,534,Loyal Customers
15622,2011-10-27 16:44:00,17,23557.83,43,4,5,5,455,Champions
15623,2011-07-21 17:26:00,8,7311.15,141,3,4,4,344,Loyal Customers
15624,2011-08-15 11:38:00,4,1764.39,117,3,3,2,332,Loyal Customers
15625,2011-08-28 10:21:00,9,9709.2,104,3,5,5,355,Loyal Customers
15626,2011-09-26 10:03:00,3,3202.56,75,3,3,3,333,Loyal Customers
15627,2010-09-08 14:14:00,2,1700.7,457,1,2,2,122,Lost
15628,2011-12-05 10:24:00,17,16956.78,5,5,5,5,555,Champions
15629,2010-09-15 13:46:00,4,6722.7,450,1,3,4,134,At Risk
15630,2011-10-25 15:36:00,3,4444.2,45,4,3,4,434,Loyal Customers
15631,2010-03-07 14:52:00,1,1790.01,642,1,1,2,112,Lost
15632,2011-11-24 09:51:00,8,9855.93,16,5,4,5,545,Champions
15633,2010-07-18 13:54:00,13,13057.38,509,1,5,5,155,At Risk
15634,2011-11-22 16:28:00,2,1663.95,17,5,2,2,522,New Customers
15635,2010-11-09 08:58:00,1,301.05,396,2,1,1,211,Lost
15636,2011-09-11 11:17:00,4,4333.74,90,3,3,4,334,Loyal Customers
15637,2011-10-18 08:28:00,5,2392.77,53,4,4,3,443,Loyal Customers
15638,2010-11-26 11:52:00,6,6795.6,379,2,4,4,244,At Risk
15639,2011-07-28 14:30:00,3,3195.24,134,3,3,3,333,Loyal Customers
15640,2011-12-05 14:35:00,29,71872.74,4,5,5,5,555,Champions
15641,2011-08-26 14:04:00,12,16036.65,105,3,5,5,355,Loyal Customers
15642,2009-12-10 11:51:00,1,317.34,730,1,1,1,111,Lost
15643,2011-06-01 07:38:00,3,1992.0,192,2,3,3,233,At Risk
15644,2011-06-26 14:54:00,4,2439.0,166,3,3,3,333,Loyal Customers
15645,2011-11-21 11:55:00,3,3165.51,19,5,3,3,533,Loyal Customers
15646,2011-07-05 09:53:00,5,2923.83,158,3,4,3,343,Loyal Customers
15647,2010-10-20 15:09:00,1,507.0,415,1,1,1,111,Lost
15648,2011-05-19 15:53:00,2,1972.05,204,2,2,3,223,Lost
15649,2011-01-07 13:34:00,4,6511.05,336,2,3,4,234,At Risk
15650,2010-07-06 10:41:00,2,1661.64,522,1,2,2,122,Lost
15651,2011-11-03 08:41:00,5,3777.18,37,4,4,4,444,Champions
15652,2011-09-09 14:22:00,5,4261.02,91,3,4,4,344,Loyal Customers
15653,2011-09-08 10:49:00,2,2632.32,93,3,2,3,323,Others
15654,2011-11-30 13:08:00,2,2767.59,9,5,2,3,523,New Customers
15655,2011-04-10 15:25:00,1,1682.01,243,2,1,2,212,Lost
15656,2011-10-25 14:56:00,4,2245.5,45,4,3,3,433,Loyal Customers
15657,2011-11-17 12:19:00,1,90.0,23,4,1,1,411,New Customers
15658,2011-06-02 15:22:00,8,7270.41,190,2,4,4,244,At Risk
15659,2011-10-27 09:23:00,3,1597.47,44,4,3,2,432,Loyal Customers
15660,2011-11-14 16:58:00,15,8438.97,25,4,5,4,454,Champions
15661,2011-01-26 13:56:00,8,3647.85,317,2,4,3,243,At Risk
15662,2010-02-16 16:47:00,2,851.19,661,1,2,1,121,Lost
15663,2011-08-25 15:50:00,1,414.42,106,3,1,1,311,Others
15664,2011-10-20 10:57:00,4,3762.09,51,4,3,4,434,Loyal Customers
15665,2011-06-24 14:57:00,5,12045.36,168,3,4,5,345,Loyal Customers
15666,2010-08-24 16:14:00,2,1898.82,472,1,2,3,123,Lost
15667,2011-10-31 10:56:00,1,903.96,40,4,1,2,412,New Customers
15668,2011-05-06 10:39:00,1,228.96,218,2,1,1,211,Lost
15669,2011-10-30 16:03:00,4,2053.02,40,4,3,3,433,Loyal Customers
15670,2011-02-16 10:50:00,2,975.6,297,2,2,2,222,Lost
15671,2011-11-21 12:43:00,7,7971.39,19,5,4,4,544,Champions
15672,2009-12-14 16:52:00,1,135.9,725,1,1,1,111,Lost
15673,2011-09-12 16:12:00,9,19244.37,88,3,5,5,355,Loyal Customers
15674,2011-09-27 15:17:00,13,20844.69,73,3,5,5,355,Loyal Customers
15675,2011-09-19 13:48:00,4,1626.12,81,3,3,2,332,Loyal Customers
15676,2011-11-21 12:40:00,3,10307.28,19,5,3,5,535,Loyal Customers
15677,2011-10-21 15:36:00,3,3916.89,49,4,3,4,434,Loyal Customers
15678,2011-10-18 09:25:00,3,5681.67,53,4,3,4,434,Loyal Customers
15679,2011-11-15 16:19:00,4,2343.84,24,4,3,3,433,Loyal Customers
15680,2011-11-30 13:46:00,10,13522.74,9,5,5,5,555,Champions
15681,2011-11-14 16:30:00,14,8969.1,25,4,5,5,455,Champions
15682,2010-04-19 15:30:00,2,954.72,599,1,2,2,122,Lost
15683,2011-08-14 12:56:00,2,1573.62,117,3,2,2,322,Others
15684,2010-06-10 18:51:00,3,521.85,547,1,3,1,131,Others
15685,2010-09-15 13:43:00,1,167.94,450,1,1,1,111,Lost
15686,2010-10-15 13:50:00,1,270.0,420,1,1,1,111,Lost
15687,2011-12-01 08:33:00,9,8979.3,9,5,5,5,555,Champions
15688,2010-10-17 12:06:00,1,571.71,419,1,1,1,111,Lost
15689,2011-08-12 09:37:00,3,1563.09,120,3,3,2,332,Loyal Customers
15690,2011-12-05 15:59:00,2,719.28,4,5,2,1,521,New Customers
15691,2011-04-01 15:13:00,4,1713.9,252,2,3,2,232,Others
15692,2011-11-11 14:12:00,1,573.12,28,4,1,1,411,New Customers
15693,2010-02-18 14:37:00,1,112.5,659,1,1,1,111,Lost
15694,2011-12-09 09:44:00,24,32432.43,1,5,5,5,555,Champions
15695,2011-03-18 08:32:00,4,3393.12,267,2,3,3,233,At Risk
15696,2011-11-06 14:02:00,13,11719.71,33,4,5,5,455,Champions
15697,2010-01-19 09:10:00,1,740.25,690,1,1,1,111,Lost
15698,2010-03-25 17:38:00,1,138.6,624,1,1,1,111,Lost
15699,2011-11-22 08:26:00,1,928.95,18,5,1,2,512,New Customers
15700,2011-06-20 16:53:00,2,2090.04,172,3,2,3,323,Others
15701,2011-12-07 14:39:00,4,4626.42,2,5,3,4,534,Loyal Customers
15702,2010-08-20 14:50:00,2,421.17,476,1,2,1,121,Lost
15703,2011-03-20 10:51:00,1,634.5,265,2,1,1,211,Lost
15704,2011-07-22 13:35:00,6,11453.88,140,3,4,5,345,Loyal Customers
15705,2011-05-22 15:37:00,1,429.3,201,2,1,1,211,Lost
15706,2011-10-07 10:09:00,4,3181.68,64,3,3,3,333,Loyal Customers
15707,2011-11-04 14:35:00,4,2836.74,35,4,3,3,433,Loyal Customers
15708,2011-10-30 10:54:00,9,13136.16,41,4,5,5,455,Champions
15709,2011-03-01 10:38:00,2,983.55,284,2,2,2,222,Lost
15710,2010-10-18 17:05:00,1,2696.61,417,1,1,3,113,Lost
15711,2010-06-01 12:14:00,2,1260.75,557,1,2,2,122,Lost
15712,2011-11-30 14:09:00,12,10417.23,9,5,5,5,555,Champions
15713,2011-07-19 13:34:00,4,3032.37,143,3,3,3,333,Loyal Customers
15714,2011-11-28 11:26:00,5,2354.43,12,5,4,3,543,Loyal Customers
15715,2010-06-02 09:56:00,5,1974.06,556,1,4,3,143,At Risk
15716,2011-07-17 11:59:00,11,9170.43,146,3,5,5,355,Loyal Customers
15717,2011-04-19 13:21:00,5,1821.0,234,2,4,2,242,Others
15718,2010-06-17 16:20:00,1,881.37,540,1,1,2,112,Lost
15719,2011-11-07 12:29:00,31,30669.18,33,4,5,5,455,Champions
15720,2011-11-15 14:48:00,2,2225.76,24,4,2,3,423,New Customers
15721,2011-11-28 12:14:00,1,1521.24,12,5,1,2,512,New Customers
15722,2011-11-04 11:43:00,11,15774.3,36,4,5,5,455,Champions
15723,2010-12-10 11:12:00,4,2842.95,365,2,3,3,233,At Risk
15724,2011-05-22 14:40:00,3,932.55,201,2,3,2,232,Others
15725,2011-11-24 14:51:00,1,1245.75,15,5,1,2,512,New Customers
15726,2010-11-14 16:12:00,1,965.73,390,2,1,2,212,Lost
15727,2011-11-23 12:36:00,15,28336.53,17,5,5,5,555,Champions
15728,2010-11-25 10:39:00,2,1633.8,380,2,2,2,222,Lost
15729,2011-05-11 12:36:00,3,577.65,213,2,3,1,231,Others
15730,2011-10-05 12:31:00,5,5179.74,66,3,4,4,344,Loyal Customers
15731,2010-06-04 10:10:00,1,375.9,554,1,1,1,111,Lost
15732,2011-05-11 14:24:00,10,5046.21,212,2,5,4,254,At Risk
15733,2011-03-02 09:05:00,1,486.9,283,2,1,1,211,Lost
15734,2011-08-17 10:50:00,4,6789.9,115,3,3,4,334,Loyal Customers
15735,2010-10-14 13:38:00,1,983.04,421,1,1,2,112,Lost
15736,2010-09-30 14:20:00,2,5447.16,435,1,2,4,124,Lost
15737,2011-11-25 11:21:00,8,3615.36,15,5,4,3,543,Loyal Customers
15738,2011-11-21 08:26:00,41,40118.91,19,5,5,5,555,Champions
15739,2011-10-04 13:42:00,1,1347.36,66,3,1,2,312,Others
15740,2011-10-21 14:29:00,1,464.64,49,4,1,1,411,New Customers
15741,2010-09-07 16:21:00,2,625.86,458,1,2,1,121,Lost
15742,2010-03-30 15:25:00,1,470.61,619,1,1,1,111,Lost
15743,2011-11-23 17:19:00,4,2353.38,16,5,3,3,533,Loyal Customers
15744,2011-09-23 09:52:00,1,104.4,78,3,1,1,311,Others
15745,2011-11-20 13:45:00,4,3283.77,19,5,3,3,533,Loyal Customers
15746,2011-07-28 15:21:00,1,590.64,134,3,1,1,311,Others
15747,2011-11-27 12:26:00,9,7687.83,13,5,5,4,554,Champions
15748,2011-10-30 12:51:00,3,1844.28,40,4,3,2,432,Loyal Customers
15749,2011-04-18 13:20:00,3,133602.9,235,2,3,5,235,At Risk
15750,2011-12-07 12:34:00,18,20391.57,3,5,5,5,555,Champions
15751,2010-09-05 12:44:00,11,4141.32,461,1,5,4,154,At Risk
15752,2011-10-31 11:37:00,9,12622.62,40,4,5,5,455,Champions
15753,2011-02-08 12:41:00,1,237.6,305,2,1,1,211,Lost
15754,2011-10-19 14:40:00,9,9112.83,51,4,5,5,455,Champions
15755,2011-11-29 14:57:00,17,17979.36,10,5,5,5,555,Champions
15756,2011-10-09 13:30:00,4,1598.88,61,3,3,2,332,Loyal Customers
15757,2011-10-05 12:14:00,6,8821.08,66,3,4,4,344,Loyal Customers
15758,2011-11-15 10:48:00,1,615.75,25,4,1,1,411,New Customers
15759,2011-05-05 15:13:00,7,2492.79,218,2,4,3,243,At Risk
15760,2010-03-19 11:45:00,2,41749.02,631,1,2,5,125,Lost
15761,2010-09-23 09:33:00,1,429.15,443,1,1,1,111,Lost
15762,2011-10-05 16:15:00,2,1751.25,65,3,2,2,322,Others
15763,2011-11-08 09:44:00,2,3260.76,32,4,2,3,423,New Customers
15764,2011-09-12 17:58:00,8,13509.24,88,3,4,5,345,Loyal Customers
15765,2010-02-11 10:25:00,1,1111.89,667,1,1,2,112,Lost
15766,2011-10-06 17:03:00,3,2493.18,64,3,3,3,333,Loyal Customers
15768,2011-08-16 10:48:00,34,46803.27,116,3,5,5,355,Loyal Customers
15769,2011-12-02 13:52:00,46,266112.96,7,5,5,5,555,Champions
15770,2010-04-06 11:47:00,1,964.35,613,1,1,2,112,Lost
15771,2010-04-14 13:56:00,3,3019.62,604,1,3,3,133,At Risk
15772,2010-10-17 13:33:00,1,842.64,418,1,1,1,111,Lost
15773,2011-12-04 12:48:00,2,2323.56,6,5,2,3,523,New Customers
15774,2011-10-02 12:04:00,6,3989.82,69,3,4,4,344,Loyal Customers
15775,2011-04-08 12:56:00,2,451.5,245,2,2,1,221,Lost
15776,2011-07-29 13:46:00,1,724.86,133,3,1,1,311,Others
15777,2011-04-12 16:43:00,7,5287.83,241,2,4,4,244,At Risk
15778,2010-10-04 15:10:00,1,923.85,431,1,1,2,112,Lost
15779,2010-09-02 16:40:00,2,372.24,463,1,2,1,121,Lost
15780,2011-06-09 12:01:00,3,1425.84,184,3,3,2,332,Loyal Customers
15781,2011-11-14 14:57:00,3,1036.38,25,4,3,2,432,Loyal Customers
15782,2011-11-30 10:49:00,4,12042.3,10,5,3,5,535,Loyal Customers
15783,2011-11-29 09:50:00,1,738.9,11,5,1,1,511,New Customers
15784,2010-08-29 10:38:00,2,2544.99,468,1,2,3,123,Lost
15785,2011-11-07 11:33:00,16,17909.79,33,4,5,5,455,Champions
15786,2011-10-24 14:13:00,5,25544.46,46,4,4,5,445,Champions
15787,2011-11-13 14:55:00,3,2844.15,26,4,3,3,433,Loyal Customers
15788,2010-07-19 12:48:00,1,665.49,509,1,1,1,111,Lost
15789,2010-12-16 14:35:00,6,5886.03,358,2,4,4,244,At Risk
15790,2011-11-29 14:53:00,1,662.55,10,5,1,1,511,New Customers
15791,2011-10-27 10:14:00,5,10825.02,44,4,4,5,445,Champions
15792,2010-11-05 08:21:00,2,2801.52,400,2,2,3,223,Lost
15793,2011-11-25 09:31:00,8,7198.71,15,5,4,4,544,Champions
15794,2009-12-03 13:04:00,2,2331.0,736,1,2,3,123,Lost
15795,2011-07-13 10:43:00,8,5939.61,150,3,4,4,344,Loyal Customers
15796,2011-12-08 19:55:00,17,15527.49,1,5,5,5,555,Champions
15797,2011-08-18 17:04:00,6,8463.24,113,3,4,4,344,Loyal Customers
15798,2010-08-04 09:13:00,3,4606.11,493,1,3,4,134,At Risk
15799,2011-09-25 12:46:00,4,4272.87,76,3,3,4,334,Loyal Customers
15800,2011-08-24 14:23:00,7,3727.74,107,3,4,3,343,Loyal Customers
15801,2011-10-24 13:52:00,3,3191.85,46,4,3,3,433,Loyal Customers
15802,2011-07-20 11:38:00,1,1354.26,143,3,1,2,312,Others
15803,2011-10-19 14:56:00,4,5788.98,51,4,3,4,434,Loyal Customers
15804,2011-12-09 12:31:00,13,12619.17,1,5,5,5,555,Champions
15805,2011-11-16 16:32:00,30,30567.69,23,4,5,5,455,Champions
15806,2011-10-24 14:35:00,3,2353.74,46,4,3,3,433,Loyal Customers
15807,2011-10-20 14:10:00,5,5452.56,50,4,4,4,444,Champions
15808,2011-02-06 14:33:00,21,55229.79,306,2,5,5,255,At Risk
15809,2011-11-03 16:40:00,7,3823.32,36,4,4,4,444,Champions
15810,2011-09-22 09:38:00,8,8997.12,79,3,4,5,345,Loyal Customers
15811,2011-11-17 15:31:00,7,11671.56,22,4,4,5,445,Champions
15812,2011-08-24 14:19:00,12,15604.41,107,3,5,5,355,Loyal Customers
15813,2011-05-16 08:13:00,2,3911.73,208,2,2,4,224,Lost
15814,2011-11-23 08:17:00,6,7903.32,17,5,4,4,544,Champions
15815,2011-10-07 12:42:00,5,6301.8,64,3,4,4,344,Loyal Customers
15816,2010-06-15 13:36:00,2,432.45,542,1,2,1,121,Lost
15817,2010-10-15 11:07:00,3,8299.2,421,1,3,4,134,At Risk
15818,2010-04-30 12:58:00,1,1021.5,588,1,1,2,112,Lost
15819,2011-10-21 14:50:00,10,11804.37,49,4,5,5,455,Champions
15820,2011-01-24 12:00:00,1,620.94,320,2,1,1,211,Lost
15821,2011-10-26 15:48:00,2,1712.88,44,4,2,2,422,New Customers
15822,2011-12-06 14:50:00,6,5520.18,3,5,4,4,544,Champions
15823,2010-12-02 15:08:00,3,11691.51,372,2,3,5,235,At Risk
15824,2010-09-12 13:20:00,2,2672.82,453,1,2,3,123,Lost
15825,2011-06-20 13:27:00,1,1598.82,172,3,1,2,312,Others
15826,2011-10-14 16:05:00,4,7794.84,56,4,3,4,434,Loyal Customers
15827,2011-09-27 15:35:00,28,11382.21,73,3,5,5,355,Loyal Customers
15828,2010-11-29 16:41:00,1,3326.46,375,2,1,3,213,Lost
15829,2011-09-01 16:45:00,2,1908.42,99,3,2,3,323,Others
15830,2011-11-02 10:40:00,1,1728.0,38,4,1,2,412,New Customers
15831,2011-10-12 13:14:00,3,2405.28,58,4,3,3,433,Loyal Customers
15832,2011-03-30 15:29:00,1,2510.37,254,2,1,3,213,Lost
15833,2009-12-02 11:59:00,1,241.2,738,1,1,1,111,Lost
15834,2011-09-30 14:41:00,7,11318.97,70,3,4,5,345,Loyal Customers
15835,2011-10-26 15:47:00,4,2862.27,44,4,3,3,433,Loyal Customers
15836,2011-10-20 17:13:00,1,412.11,50,4,1,1,411,New Customers
15837,2011-10-06 09:01:00,2,2331.03,65,3,2,3,323,Others
15838,2011-11-28 14:00:00,34,222489.0,11,5,5,5,555,Champions
15839,2011-11-06 13:54:00,3,3145.47,33,4,3,3,433,Loyal Customers
15840,2011-10-12 09:08:00,2,1066.68,59,4,2,2,422,New Customers
15841,2011-09-28 12:15:00,9,8227.23,73,3,5,4,354,Loyal Customers
15842,2010-11-11 14:08:00,2,1646.4,393,2,2,2,222,Lost
15843,2011-02-09 10:19:00,1,356.85,304,2,1,1,211,Lost
15844,2011-10-24 15:19:00,1,392.22,46,4,1,1,411,New Customers
15845,2011-11-22 09:42:00,11,13278.84,18,5,5,5,555,Champions
15846,2010-11-19 14:40:00,1,321.03,385,2,1,1,211,Lost
15847,2011-11-01 14:41:00,5,2467.71,38,4,4,3,443,Loyal Customers
15848,2010-03-28 10:54:00,1,419.82,622,1,1,1,111,Lost
15850,2011-11-20 14:14:00,6,3176.16,19,5,4,3,543,Loyal Customers
15851,2010-07-01 12:34:00,1,329.19,527,1,1,1,111,Lost
15852,2011-06-06 11:22:00,3,771.78,187,3,3,1,331,Loyal Customers
15853,2011-10-19 10:38:00,1,332.4,52,4,1,1,411,New Customers
15854,2011-12-05 13:39:00,21,16751.43,4,5,5,5,555,Champions
15855,2011-07-26 10:20:00,6,3158.16,137,3,4,3,343,Loyal Customers
15856,2011-12-05 17:09:00,52,102661.02,4,5,5,5,555,Champions
15857,2011-11-21 12:18:00,2,1711.44,19,5,2,2,522,New Customers
15858,2011-11-24 12:48:00,13,11881.11,16,5,5,5,555,Champions
15859,2010-10-03 12:52:00,1,1315.38,432,1,1,2,112,Lost
15860,2011-10-30 11:25:00,17,7515.63,41,4,5,4,454,Champions
15861,2011-11-27 15:59:00,12,13205.37,12,5,5,5,555,Champions
15862,2011-12-01 13:28:00,13,8784.87,8,5,5,4,554,Champions
15863,2011-11-14 12:49:00,5,1076.1,26,4,4,2,442,Loyal Customers
15864,2011-11-17 13:32:00,7,6542.28,22,4,4,4,444,Champions
15865,2011-10-30 12:43:00,5,6746.76,41,4,4,4,444,Champions
15866,2011-08-30 14:09:00,1,691.59,101,3,1,1,311,Others
15867,2011-12-04 13:32:00,31,27191.85,5,5,5,5,555,Champions
15868,2010-05-05 14:11:00,1,283.59,583,1,1,1,111,Lost
15869,2011-03-07 17:23:00,3,970.98,277,2,3,2,232,Others
15870,2011-11-07 10:58:00,4,2587.83,33,4,3,3,433,Loyal Customers
15871,2010-09-28 14:16:00,1,99.3,437,1,1,1,111,Lost
15872,2011-11-25 11:55:00,4,2387.04,15,5,3,3,533,Loyal Customers
15873,2010-07-28 12:41:00,4,941.76,500,1,3,2,132,Others
15874,2011-10-07 12:31:00,21,33854.28,64,3,5,5,355,Loyal Customers
15875,2010-03-03 16:51:00,1,335.16,646,1,1,1,111,Lost
15876,2010-10-26 18:58:00,2,4347.42,409,2,2,4,224,Lost
15877,2011-12-08 11:53:00,2,1479.84,2,5,2,2,522,New Customers
15878,2010-05-27 12:17:00,2,992.31,562,1,2,2,122,Lost
15879,2010-10-31 16:21:00,4,3471.9,404,2,3,3,233,At Risk
15880,2010-12-05 13:00:00,1,2059.68,369,2,1,3,213,Lost
15881,2011-01-31 16:59:00,5,1504.17,312,2,4,2,242,Others
15882,2011-05-25 11:35:00,8,4487.94,199,2,4,4,244,At Risk
15883,2011-12-07 17:05:00,2,1189.44,2,5,2,2,522,New Customers
15884,2010-10-03 15:55:00,2,749.1,432,1,2,1,121,Lost
15885,2011-09-08 10:43:00,15,5855.46,93,3,5,4,354,Loyal Customers
15886,2011-10-10 14:25:00,4,3158.61,60,3,3,3,333,Loyal Customers
15887,2010-10-29 08:36:00,3,3081.45,407,2,3,3,233,At Risk
15888,2011-09-20 12:30:00,3,1287.48,81,3,3,2,332,Loyal Customers
15889,2011-07-06 11:10:00,8,5418.84,157,3,4,4,344,Loyal Customers
15890,2010-11-10 12:46:00,5,1606.95,395,2,4,2,242,Others
15891,2011-04-27 12:35:00,1,1573.56,227,2,1,2,212,Lost
15892,2010-02-08 16:23:00,1,384.6,669,1,1,1,111,Lost
15893,2010-08-15 11:12:00,1,915.84,482,1,1,2,112,Lost
15894,2011-03-31 13:50:00,2,1260.87,253,2,2,2,222,Lost
15895,2011-07-13 10:27:00,1,537.51,150,3,1,1,311,Others
15897,2011-05-29 13:50:00,2,666.15,194,2,2,1,221,Lost
15898,2011-12-08 15:23:00,25,16788.93,1,5,5,5,555,Champions
15899,2010-12-06 10:36:00,1,337.5,369,2,1,1,211,Lost
15900,2011-11-16 12:19:00,4,2701.2,24,4,3,3,433,Loyal Customers
15901,2011-11-23 12:43:00,7,2109.66,17,5,4,3,543,Loyal Customers
15902,2010-11-24 16:57:00,1,435.03,380,2,1,1,211,Lost
15903,2011-11-30 08:08:00,12,26819.52,10,5,5,5,555,Champions
15904,2011-12-01 14:50:00,1,494.04,8,5,1,1,511,New Customers
15905,2010-06-14 16:00:00,1,344.07,543,1,1,1,111,Lost
15906,2011-11-20 12:24:00,10,7666.92,20,4,5,4,454,Champions
15907,2011-12-06 12:21:00,3,2902.35,4,5,3,3,533,Loyal Customers
15908,2010-08-06 11:56:00,2,2293.71,491,1,2,3,123,Lost
15909,2011-06-19 10:38:00,1,575.82,174,3,1,1,311,Others
15910,2011-12-09 10:51:00,15,8045.4,1,5,5,4,554,Champions
15911,2010-03-26 12:06:00,8,5107.02,624,1,4,4,144,At Risk
15912,2011-06-14 14:29:00,9,3224.1,178,3,5,3,353,Loyal Customers
15913,2010-06-23 16:31:00,1,18.9,534,1,1,1,111,Lost
15914,2010-11-26 16:10:00,2,617.97,378,2,2,1,221,Lost
15915,2010-11-03 11:13:00,1,1287.63,402,2,1,2,212,Lost
15916,2011-11-23 13:46:00,13,10281.51,16,5,5,5,555,Champions
15917,2011-04-06 10:40:00,5,1681.89,248,2,4,2,242,Others
15918,2011-06-02 11:42:00,3,1748.64,191,2,3,2,232,Others
15919,2011-11-20 11:28:00,2,2731.83,20,4,2,3,423,New Customers
15920,2011-07-08 15:31:00,9,1714.92,154,3,5,2,352,Loyal Customers
15921,2011-06-20 11:03:00,4,2406.33,173,3,3,3,333,Loyal Customers
15922,2010-12-01 13:51:00,1,2217.0,373,2,1,3,213,Lost
15923,2010-12-02 12:16:00,1,762.48,373,2,1,1,211,Lost
15924,2009-12-08 15:00:00,1,308.46,731,1,1,1,111,Lost
15925,2011-05-29 15:35:00,1,621.45,194,2,1,1,211,Lost
15926,2010-06-15 15:23:00,1,403.32,542,1,1,1,111,Lost
15927,2010-03-02 13:25:00,1,370.17,647,1,1,1,111,Lost
15928,2010-02-21 15:16:00,1,880.59,656,1,1,2,112,Lost
15929,2010-03-05 14:56:00,1,1782.0,644,1,1,2,112,Lost
15930,2011-10-03 14:52:00,1,1279.89,67,3,1,2,312,Others
15931,2010-10-07 16:46:00,1,719.7,428,1,1,1,111,Lost
15932,2011-12-05 17:13:00,8,7487.61,4,5,4,4,544,Champions
15933,2011-11-18 13:14:00,3,3322.38,21,4,3,3,433,Loyal Customers
15934,2010-10-18 10:13:00,2,6571.98,418,1,2,4,124,Lost
15935,2011-04-14 13:27:00,2,1250.58,239,2,2,2,222,Lost
15936,2010-11-25 16:39:00,2,848.37,379,2,2,1,221,Lost
15937,2011-10-06 15:48:00,1,436.05,64,3,1,1,311,Others
15938,2011-08-19 12:56:00,9,2204.43,112,3,5,3,353,Loyal Customers
15939,2011-09-11 11:30:00,16,27181.17,90,3,5,5,355,Loyal Customers
15940,2011-02-01 16:18:00,1,107.4,311,2,1,1,211,Lost
15941,2010-03-12 14:45:00,1,1215.0,637,1,1,2,112,Lost
15942,2011-07-29 09:01:00,1,1012.32,134,3,1,2,312,Others
15943,2010-02-28 12:49:00,2,813.87,650,1,2,1,121,Lost
15944,2011-03-08 10:33:00,4,6492.72,277,2,4,4,244,At Risk
15945,2010-12-09 13:14:00,4,2481.81,365,2,4,3,243,At Risk
15946,2010-07-25 12:18:00,3,6912.54,503,1,3,4,134,At Risk
15947,2011-09-18 10:46:00,1,5124.72,83,3,1,4,314,Others
15948,2011-12-01 15:32:00,3,4527.27,8,5,3,4,534,Loyal Customers
15949,2011-11-23 09:09:00,2,1094.16,17,5,2,2,522,New Customers
15950,2011-11-08 11:09:00,10,21542.13,32,4,5,5,455,Champions
15951,2011-12-01 08:34:00,3,3039.51,9,5,3,3,533,Loyal Customers
15952,2011-11-06 11:18:00,4,2419.71,34,4,4,3,443,Loyal Customers
15953,2011-11-24 15:32:00,18,11008.65,15,5,5,5,555,Champions
15954,2010-04-29 13:35:00,1,572.25,589,1,1,1,111,Lost
15955,2011-11-15 14:15:00,22,25975.08,24,4,5,5,455,Champions
15956,2010-06-06 13:06:00,2,1852.8,551,1,2,2,122,Lost
15957,2011-11-08 12:14:00,3,2790.3,32,4,3,3,433,Loyal Customers
15958,2011-09-26 13:41:00,4,1478.97,74,3,4,2,342,Loyal Customers
15959,2010-01-26 16:38:00,3,1738.47,682,1,3,2,132,Others
15960,2010-11-30 15:57:00,4,1232.85,374,2,4,2,242,Others
15961,2010-11-25 15:59:00,1,1353.87,379,2,1,2,212,Lost
15962,2010-09-16 13:48:00,1,887.49,449,1,1,2,112,Lost
15963,2011-11-20 11:33:00,2,1412.28,20,4,2,2,422,New Customers
15964,2010-02-14 15:30:00,1,818.88,663,1,1,1,111,Lost
15965,2011-11-22 16:44:00,13,9039.27,17,5,5,5,555,Champions
15966,2010-09-15 10:44:00,1,1279.59,451,1,1,2,112,Lost
15967,2011-11-16 15:41:00,12,9124.8,23,4,5,5,455,Champions
15968,2010-11-16 13:04:00,1,1254.15,388,2,1,2,212,Lost
15969,2011-12-07 11:06:00,5,3381.15,3,5,4,3,543,Loyal Customers
15970,2011-02-09 12:08:00,2,3051.96,304,2,2,3,223,Lost
15971,2011-11-22 12:50:00,18,17708.49,18,5,5,5,555,Champions
15972,2010-09-09 13:20:00,5,5430.81,456,1,4,4,144,At Risk
15973,2010-12-08 11:42:00,3,2965.32,367,2,3,3,233,At Risk
15974,2011-10-31 13:13:00,7,10326.45,39,4,4,5,445,Champions
15975,2011-09-16 13:33:00,1,1113.03,84,3,1,2,312,Others
15976,2011-06-27 13:00:00,6,5239.92,165,3,4,4,344,Loyal Customers
15977,2011-11-22 13:29:00,2,3164.19,17,5,2,3,523,New Customers
15978,2011-09-23 15:21:00,3,9838.26,77,3,3,5,335,Loyal Customers
15979,2010-04-16 11:35:00,1,987.66,603,1,1,2,112,Lost
15980,2011-09-12 09:41:00,7,19781.04,89,3,4,5,345,Loyal Customers
15981,2011-11-15 08:00:00,21,28088.31,25,4,5,5,455,Champions
15982,2010-04-13 15:47:00,1,973.53,605,1,1,2,112,Lost
15983,2011-11-17 17:34:00,8,11876.46,22,4,4,5,445,Champions
15984,2011-12-07 12:16:00,30,26277.96,3,5,5,5,555,Champions
15985,2011-08-08 16:31:00,7,8145.84,123,3,4,4,344,Loyal Customers
15986,2011-11-09 15:17:00,2,1063.26,30,4,2,2,422,New Customers
15987,2011-11-27 15:38:00,8,5046.39,12,5,4,4,544,Champions
15988,2011-11-20 13:23:00,3,2310.27,19,5,3,3,533,Loyal Customers
15989,2010-11-29 12:03:00,2,1117.53,376,2,2,2,222,Lost
15990,2011-10-26 15:58:00,7,6030.15,44,4,4,4,444,Champions
15991,2010-06-23 15:50:00,1,451.65,534,1,1,1,111,Lost
15992,2011-12-06 11:00:00,3,2689.8,4,5,3,3,533,Loyal Customers
15993,2011-12-01 10:45:00,7,8392.71,9,5,4,4,544,Champions
15994,2011-10-16 12:28:00,3,3606.54,55,4,3,3,433,Loyal Customers
15995,2010-10-21 13:57:00,1,2088.57,414,1,1,3,113,Lost
15996,2011-09-12 15:14:00,7,5060.7,88,3,4,4,344,Loyal Customers
15998,2011-11-03 12:45:00,16,24925.02,37,4,5,5,455,Champions
15999,2009-12-04 12:31:00,1,61.2,736,1,1,1,111,Lost
16000,2011-12-07 12:17:00,3,37181.1,3,5,3,5,535,Loyal Customers
16001,2010-11-23 17:10:00,1,1750.17,381,2,1,2,212,Lost
16002,2010-03-24 13:08:00,1,507.63,625,1,1,1,111,Lost
16003,2011-11-10 09:57:00,10,16841.49,30,4,5,5,455,Champions
16004,2010-08-22 11:48:00,5,6439.17,475,1,4,4,144,At Risk
16005,2011-11-27 13:47:00,10,7308.66,12,5,5,4,554,Champions
16006,2011-05-12 13:12:00,2,1041.51,211,2,2,2,222,Lost
16007,2011-10-23 11:05:00,7,9225.42,48,4,4,5,445,Champions
16008,2011-11-16 10:32:00,15,16152.39,24,4,5,5,455,Champions
16009,2011-11-17 16:51:00,4,2978.13,22,4,4,3,443,Loyal Customers
16010,2011-04-08 10:14:00,11,5172.18,246,2,5,4,254,At Risk
16011,2011-12-01 16:31:00,29,17641.38,8,5,5,5,555,Champions
16012,2011-11-04 13:25:00,5,8969.37,35,4,4,5,445,Champions
16013,2011-12-06 10:36:00,84,172339.32,4,5,5,5,555,Champions
16014,2011-11-02 12:04:00,5,3390.81,38,4,4,3,443,Loyal Customers
16015,2011-12-06 10:58:00,3,2116.17,4,5,3,3,533,Loyal Customers
16016,2011-12-06 14:35:00,11,7601.82,3,5,5,4,554,Champions
16017,2011-10-23 12:56:00,5,4661.49,47,4,4,4,444,Champions
16018,2011-10-31 14:13:00,4,2094.39,39,4,4,3,443,Loyal Customers
16019,2011-10-24 11:51:00,27,52397.55,47,4,5,5,455,Champions
16020,2011-11-23 11:18:00,3,2553.03,17,5,3,3,533,Loyal Customers
16021,2010-11-09 14:48:00,2,1596.75,395,2,2,2,222,Lost
16022,2011-03-24 13:16:00,1,1884.84,260,2,1,3,213,Lost
16023,2011-10-24 16:34:00,3,2159.43,46,4,3,3,433,Loyal Customers
16024,2011-11-27 13:26:00,3,1452.6,12,5,3,2,532,Loyal Customers
16025,2011-11-10 11:45:00,1,1318.98,30,4,1,2,412,New Customers
16026,2011-10-27 13:53:00,1,708.27,43,4,1,1,411,New Customers
16027,2011-09-09 10:47:00,15,6145.08,92,3,5,4,354,Loyal Customers
16028,2010-04-23 11:45:00,1,246.6,596,1,1,1,111,Lost
16029,2011-11-01 10:27:00,107,366627.42,39,4,5,5,455,Champions
16030,2011-02-03 11:28:00,1,993.72,310,2,1,2,212,Lost
16031,2011-09-08 13:07:00,2,1646.82,92,3,2,2,322,Others
16032,2010-09-09 18:00:00,6,5911.35,456,1,4,4,144,At Risk
16033,2011-12-04 12:44:00,27,32508.39,6,5,5,5,555,Champions
16034,2011-05-27 16:17:00,6,2786.16,196,2,4,3,243,At Risk
16035,2010-05-28 15:09:00,1,653.19,560,1,1,1,111,Lost
16036,2011-09-13 14:53:00,4,7670.52,87,3,4,4,344,Loyal Customers
16037,2011-03-15 09:13:00,5,4528.02,270,2,4,4,244,At Risk
16038,2011-12-02 12:40:00,3,1415.34,8,5,3,2,532,Loyal Customers
16039,2010-10-12 10:44:00,2,1369.2,424,1,2,2,122,Lost
16040,2011-10-05 13:47:00,7,7250.7,65,3,4,4,344,Loyal Customers
16041,2011-11-09 12:25:00,3,9499.2,31,4,3,5,435,Loyal Customers
16042,2011-11-17 17:50:00,8,6795.36,22,4,4,4,444,Champions
16043,2011-11-02 12:50:00,8,5569.77,38,4,4,4,444,Champions
16044,2010-09-30 18:12:00,1,1022.52,435,1,1,2,112,Lost
16045,2011-08-12 12:41:00,8,10304.79,120,3,4,5,345,Loyal Customers
16046,2010-05-26 13:18:00,1,707.34,562,1,1,1,111,Lost
16047,2010-01-26 16:34:00,1,321.42,682,1,1,1,111,Lost
16048,2010-12-01 15:28:00,4,3225.69,373,2,4,3,243,At Risk
16049,2011-10-30 13:19:00,6,5699.04,40,4,4,4,444,Champions
16050,2011-06-19 11:44:00,3,902.1,174,3,3,2,332,Loyal Customers
16051,2010-01-27 09:38:00,1,565.32,682,1,1,1,111,Lost
16052,2011-10-16 15:13:00,1,1086.18,54,4,1,2,412,New Customers
16053,2011-11-07 11:21:00,6,10904.52,33,4,4,5,445,Champions
16054,2011-07-17 13:08:00,4,6335.64,145,3,4,4,344,Loyal Customers
16055,2011-05-03 09:26:00,1,404.4,221,2,1,1,211,Lost
16056,2011-10-25 15:19:00,1,1994.55,45,4,1,3,413,New Customers
16057,2011-11-23 15:23:00,10,11564.55,16,5,5,5,555,Champions
16058,2010-10-29 16:48:00,1,188.1,406,2,1,1,211,Lost
16059,2011-10-05 09:56:00,12,9653.31,66,3,5,5,355,Loyal Customers
16060,2010-11-04 12:10:00,3,1625.85,401,2,3,2,232,Others
16061,2010-10-04 15:29:00,1,268.95,431,1,1,1,111,Lost
16062,2011-11-30 12:15:00,8,8590.35,10,5,5,4,554,Champions
16063,2011-03-24 14:56:00,1,1005.96,260,2,1,2,212,Lost
16064,2009-12-14 16:11:00,1,333.0,725,1,1,1,111,Lost
16065,2010-12-09 13:03:00,8,7147.86,365,2,5,4,254,At Risk
16066,2011-11-23 11:54:00,5,4565.61,17,5,4,4,544,Champions
16067,2010-05-26 12:33:00,3,10185.87,563,1,3,5,135,At Risk
16068,2010-04-25 11:52:00,1,368.79,594,1,1,1,111,Lost
16069,2010-10-18 10:32:00,1,1373.1,418,1,1,2,112,Lost
16070,2011-11-17 15:50:00,2,2556.45,22,4,2,3,423,New Customers
16071,2011-10-26 11:14:00,4,3230.4,45,4,4,3,443,Loyal Customers
16072,2011-02-24 14:32:00,4,12986.67,288,2,4,5,245,At Risk
16073,2011-02-15 15:41:00,1,367.2,297,2,1,1,211,Lost
16074,2010-11-14 13:19:00,1,795.75,390,2,1,1,211,Lost
16075,2010-07-25 11:31:00,2,2210.79,503,1,2,3,123,Lost
16076,2011-12-06 14:59:00,10,6704.19,3,5,5,4,554,Champions
16077,2010-03-24 10:42:00,1,6901.2,626,1,1,4,114,Lost
16078,2011-03-01 09:47:00,2,1088.97,284,2,2,2,222,Lost
16079,2011-11-23 12:48:00,3,4056.0,17,5,3,4,534,Loyal Customers
16080,2011-09-19 10:42:00,4,1807.68,82,3,4,2,342,Loyal Customers
16081,2011-10-14 13:06:00,8,13380.54,56,4,5,5,455,Champions
16082,2010-02-07 15:16:00,1,320.25,670,1,1,1,111,Lost
16083,2011-08-31 10:47:00,4,7054.26,101,3,4,4,344,Loyal Customers
16084,2011-02-13 16:05:00,1,1308.54,299,2,1,2,212,Lost
16085,2011-11-16 13:24:00,12,7030.59,23,4,5,4,454,Champions
16086,2011-10-11 13:09:00,10,8594.97,59,4,5,4,454,Champions
16087,2010-11-15 16:44:00,5,5219.76,389,2,4,4,244,At Risk
16088,2010-05-13 10:16:00,2,4312.29,576,1,2,4,124,Lost
16089,2010-11-18 13:51:00,2,814.32,386,2,2,1,221,Lost
16090,2010-03-25 13:05:00,1,617.73,624,1,1,1,111,Lost
16091,2011-07-08 08:45:00,2,945.18,155,3,2,2,322,Others
16092,2011-08-17 10:46:00,6,4763.82,115,3,4,4,344,Loyal Customers
16093,2011-08-25 11:09:00,1,51.0,107,3,1,1,311,Others
16094,2011-11-28 12:45:00,11,11086.68,12,5,5,5,555,Champions
16095,2010-09-09 16:54:00,1,1341.15,456,1,1,2,112,Lost
16096,2011-03-20 13:38:00,4,4754.91,264,2,4,4,244,At Risk
16097,2011-04-13 13:47:00,1,555.15,240,2,1,1,211,Lost
16098,2011-09-13 09:59:00,14,13344.3,88,3,5,5,355,Loyal Customers
16099,2011-10-20 13:13:00,7,4719.6,50,4,4,4,444,Champions
16100,2010-09-03 11:39:00,1,1747.92,463,1,1,2,112,Lost
16101,2011-09-30 10:18:00,4,9687.48,71,3,4,5,345,Loyal Customers
16102,2011-10-28 13:19:00,3,5526.42,42,4,3,4,434,Loyal Customers
16103,2011-12-02 14:16:00,22,18575.13,7,5,5,5,555,Champions
16104,2011-10-09 10:23:00,9,8335.83,62,3,5,4,354,Loyal Customers
16105,2011-04-05 10:13:00,5,7158.57,249,2,4,4,244,At Risk
16106,2011-10-05 10:37:00,1,325.14,66,3,1,1,311,Others
16107,2011-11-22 09:40:00,7,9612.48,18,5,4,5,545,Champions
16108,2011-09-16 11:48:00,4,6707.76,85,3,4,4,344,Loyal Customers
16109,2011-05-05 09:17:00,3,2818.44,219,2,3,3,233,At Risk
16110,2011-10-25 14:35:00,4,5457.81,45,4,4,4,444,Champions
16111,2010-10-07 19:51:00,1,1687.44,428,1,1,2,112,Lost
16112,2011-07-19 14:28:00,4,587.22,143,3,4,1,341,Loyal Customers
16113,2011-06-09 16:16:00,1,484.14,183,3,1,1,311,Others
16114,2011-06-22 10:13:00,1,407.25,171,3,1,1,311,Others
16115,2011-11-30 11:32:00,12,7725.42,10,5,5,4,554,Champions
16116,2011-05-12 12:01:00,1,1838.34,212,2,1,2,212,Lost
16117,2011-06-03 11:42:00,3,1963.2,190,2,3,3,233,At Risk
16118,2010-02-25 09:40:00,1,13128.75,653,1,1,5,115,Lost
16119,2011-12-01 15:11:00,8,5162.43,8,5,5,4,554,Champions
16120,2011-10-11 14:22:00,6,9170.73,59,4,4,5,445,Champions
16121,2011-10-13 12:59:00,5,4431.27,57,4,4,4,444,Champions
16122,2011-09-27 15:34:00,6,3004.02,73,3,4,3,343,Loyal Customers
16123,2011-10-19 09:18:00,1,923.34,52,4,1,2,412,New Customers
16124,2011-01-26 14:45:00,4,5317.47,317,2,4,4,244,At Risk
16125,2010-12-07 15:48:00,14,13762.95,367,2,5,5,255,At Risk
16126,2011-11-10 16:03:00,15,43940.4,29,4,5,5,455,Champions
16127,2011-10-31 13:58:00,2,2403.93,39,4,2,3,423,New Customers
16128,2011-11-22 11:14:00,11,11403.15,18,5,5,5,555,Champions
16129,2010-10-28 14:29:00,3,4188.15,407,2,3,4,234,At Risk
16130,2010-10-13 15:14:00,4,2962.44,422,1,4,3,143,At Risk
16131,2011-10-19 11:53:00,12,29872.26,52,4,5,5,455,Champions
16132,2010-06-13 13:49:00,2,1992.6,544,1,2,3,123,Lost
16133,2011-12-06 11:24:00,56,68976.78,4,5,5,5,555,Champions
16134,2011-11-18 10:05:00,5,6436.02,22,4,4,4,444,Champions
16135,2011-03-22 12:30:00,2,2458.35,263,2,2,3,223,Lost
16136,2011-10-11 09:10:00,4,2840.4,60,3,4,3,343,Loyal Customers
16137,2010-01-28 15:04:00,1,1268.1,680,1,1,2,112,Lost
16138,2010-11-26 12:13:00,3,2731.05,379,2,3,3,233,At Risk
16139,2011-11-21 08:37:00,5,3333.45,19,5,4,3,543,Loyal Customers
16140,2011-10-05 12:15:00,3,4672.8,66,3,3,4,334,Loyal Customers
16141,2011-09-12 13:11:00,2,2867.82,88,3,2,3,323,Others
16142,2011-04-04 10:16:00,1,1606.02,250,2,1,2,212,Lost
16143,2011-12-06 14:13:00,12,14732.49,3,5,5,5,555,Champions
16144,2011-04-07 10:09:00,1,525.6,247,2,1,1,211,Lost
16145,2011-12-01 10:33:00,19,20416.32,9,5,5,5,555,Champions
16146,2011-07-05 14:20:00,4,2839.14,157,3,4,3,343,Loyal Customers
16147,2011-07-29 09:57:00,5,7196.73,134,3,4,4,344,Loyal Customers
16148,2011-02-16 14:01:00,2,1159.86,296,2,2,2,222,Lost
16149,2011-12-05 11:29:00,3,1266.66,5,5,3,2,532,Loyal Customers
16150,2011-10-28 12:39:00,10,13186.77,43,4,5,5,455,Champions
16152,2011-03-16 09:47:00,1,5487.12,269,2,1,4,214,Lost
16153,2011-10-21 10:50:00,11,15400.47,50,4,5,5,455,Champions
16155,2010-11-23 12:03:00,5,2390.7,382,2,4,3,243,At Risk
16156,2011-12-01 12:42:00,20,18654.54,9,5,5,5,555,Champions
16157,2011-11-24 11:41:00,3,1970.07,16,5,3,3,533,Loyal Customers
16158,2010-07-05 13:55:00,9,1884.96,522,1,5,3,153,At Risk
16159,2011-03-03 12:27:00,4,3698.37,282,2,4,3,243,At Risk
16160,2011-10-05 14:19:00,2,3076.32,65,3,2,3,323,Others
16161,2011-12-08 12:10:00,43,38495.4,2,5,5,5,555,Champions
16162,2011-04-01 15:03:00,1,112.2,252,2,1,1,211,Lost
16163,2011-04-21 15:15:00,6,8548.74,232,2,4,4,244,At Risk
16164,2011-11-22 15:04:00,3,2467.44,17,5,3,3,533,Loyal Customers
16165,2010-07-22 14:17:00,1,239.7,505,1,1,1,111,Lost
16166,2010-10-07 15:44:00,2,1307.49,428,1,2,2,122,Lost
16167,2010-10-21 15:33:00,5,4158.36,414,1,4,4,144,At Risk
16168,2011-11-29 12:45:00,66,31909.41,11,5,5,5,555,Champions
16169,2011-12-01 15:28:00,4,5468.91,8,5,4,4,544,Champions
16170,2011-10-20 08:21:00,20,20607.0,51,4,5,5,455,Champions
16171,2011-10-11 14:51:00,1,219.6,59,4,1,1,411,New Customers
16172,2011-09-05 13:22:00,8,5653.65,95,3,5,4,354,Loyal Customers
16173,2011-11-24 10:53:00,6,4254.96,16,5,4,4,544,Champions
16174,2011-08-05 13:26:00,7,6740.25,126,3,4,4,344,Loyal Customers
16175,2011-09-06 14:32:00,7,5509.32,94,3,4,4,344,Loyal Customers
16176,2010-10-14 13:54:00,4,6158.07,421,1,4,4,144,At Risk
16177,2011-10-20 12:57:00,8,6741.93,50,4,5,4,454,Champions
16178,2011-07-24 16:05:00,2,1837.8,138,3,2,2,322,Others
16179,2011-10-10 09:41:00,1,647.49,61,3,1,1,311,Others
16180,2011-08-31 16:28:00,13,48749.61,100,3,5,5,355,Loyal Customers
16181,2011-09-27 13:38:00,1,916.62,73,3,1,2,312,Others
16182,2011-09-28 13:23:00,9,29914.95,72,3,5,5,355,Loyal Customers
16183,2011-10-03 14:59:00,4,3233.43,67,3,4,3,343,Loyal Customers
16184,2011-10-06 17:43:00,6,3476.37,64,3,4,3,343,Loyal Customers
16185,2011-11-23 09:41:00,3,1934.16,17,5,3,3,533,Loyal Customers
16186,2011-11-17 12:43:00,26,27078.33,23,4,5,5,455,Champions
16187,2011-11-08 09:50:00,15,20734.32,32,4,5,5,455,Champions
16188,2011-10-26 12:19:00,5,3262.98,45,4,4,3,443,Loyal Customers
16189,2011-11-24 11:47:00,2,646.44,16,5,2,1,521,New Customers
16190,2011-10-30 15:59:00,8,8170.65,40,4,5,4,454,Champions
16191,2011-12-07 11:26:00,24,47064.06,3,5,5,5,555,Champions
16192,2009-12-04 12:28:00,1,1053.9,736,1,1,2,112,Lost
16193,2011-04-17 11:45:00,2,1891.29,237,2,2,3,223,Lost
16194,2010-11-29 13:28:00,1,925.8,375,2,1,2,212,Lost
16195,2009-12-16 14:09:00,1,969.75,723,1,1,2,112,Lost
16196,2010-08-08 11:40:00,1,279.9,489,1,1,1,111,Lost
16197,2010-08-27 12:56:00,9,6050.13,469,1,5,4,154,At Risk
16198,2011-09-25 14:58:00,2,3090.12,75,3,2,3,323,Others
16199,2010-11-12 12:55:00,7,2828.25,392,2,4,3,243,At Risk
16200,2011-12-05 14:40:00,12,16930.35,4,5,5,5,555,Champions
16201,2011-12-06 16:02:00,5,6336.36,3,5,4,4,544,Champions
16202,2010-12-14 10:43:00,9,7505.97,361,2,5,4,254,At Risk
16203,2011-10-12 12:31:00,6,3343.62,59,4,4,3,443,Loyal Customers
16204,2011-11-16 13:40:00,3,2832.72,23,4,3,3,433,Loyal Customers
16205,2011-11-09 09:32:00,7,5491.83,31,4,4,4,444,Champions
16206,2011-10-16 10:41:00,13,7806.96,55,4,5,4,454,Champions
16207,2011-11-14 13:51:00,1,1183.14,25,4,1,2,412,New Customers
16208,2011-10-26 11:36:00,10,10321.35,45,4,5,5,455,Champions
16209,2011-09-12 11:58:00,9,12440.34,89,3,5,5,355,Loyal Customers
16210,2011-12-08 12:36:00,35,115468.53,2,5,5,5,555,Champions
16211,2011-09-12 12:11:00,3,3271.77,89,3,3,3,333,Loyal Customers
16212,2011-11-20 13:00:00,4,3881.13,19,5,4,4,544,Champions
16213,2011-09-22 10:03:00,1,477.0,79,3,1,1,311,Others
16214,2011-06-22 11:30:00,4,6114.75,171,3,4,4,344,Loyal Customers
16215,2011-09-20 10:18:00,1,727.05,81,3,1,1,311,Others
16216,2011-03-17 15:34:00,1,2744.79,267,2,1,3,213,Lost
16217,2011-04-18 13:31:00,2,912.75,235,2,2,2,222,Lost
16218,2011-11-10 09:59:00,13,13319.91,30,4,5,5,455,Champions
16219,2010-07-27 11:44:00,1,122.4,501,1,1,1,111,Lost
16221,2011-11-03 11:43:00,9,6706.53,37,4,5,4,454,Champions
16222,2011-01-25 13:38:00,2,4035.66,318,2,2,4,224,Lost
16223,2010-11-30 11:50:00,2,3307.05,375,2,2,3,223,Lost
16224,2011-10-13 17:51:00,5,4849.62,57,4,4,4,444,Champions
16225,2011-10-26 08:30:00,15,8602.23,45,4,5,4,454,Champions
16226,2011-05-20 14:41:00,5,2016.51,203,2,4,3,243,At Risk
16227,2011-04-28 13:33:00,3,3081.66,225,2,3,3,233,At Risk
16228,2010-11-19 14:20:00,3,2672.43,385,2,3,3,233,At Risk
16229,2011-09-13 17:16:00,6,8603.58,87,3,4,4,344,Loyal Customers
16230,2011-06-03 10:06:00,2,1626.09,190,2,2,2,222,Lost
16231,2010-11-25 15:00:00,4,3234.66,379,2,4,3,243,At Risk
16232,2011-10-27 12:16:00,7,8138.91,44,4,4,4,444,Champions
16233,2011-09-29 17:27:00,9,5897.13,71,3,5,4,354,Loyal Customers
16234,2010-08-20 14:33:00,3,999.54,476,1,3,2,132,Others
16235,2011-10-30 10:56:00,9,6161.13,41,4,5,4,454,Champions
16236,2011-09-22 14:10:00,1,1296.6,78,3,1,2,312,Others
16237,2010-09-28 17:02:00,1,409.95,437,1,1,1,111,Lost
16238,2010-10-13 12:36:00,1,190.98,423,1,1,1,111,Lost
16239,2011-10-14 08:29:00,6,4476.6,57,4,4,4,444,Champions
16240,2011-11-15 14:30:00,2,11156.4,24,4,2,5,425,New Customers
16241,2011-11-30 11:08:00,16,12987.93,10,5,5,5,555,Champions
16242,2011-12-01 15:12:00,14,22423.2,8,5,5,5,555,Champions
16243,2011-11-06 12:32:00,2,1227.3,34,4,2,2,422,New Customers
16244,2011-05-12 10:18:00,2,7738.14,212,2,2,4,224,Lost
16245,2011-11-16 10:14:00,3,4240.98,24,4,3,4,434,Loyal Customers
16246,2010-09-06 12:04:00,2,2481.75,460,1,2,3,123,Lost
16247,2011-06-22 14:23:00,1,343.68,170,3,1,1,311,Others
16248,2011-10-09 11:32:00,1,458.82,62,3,1,1,311,Others
16249,2011-10-18 10:07:00,5,5400.21,53,4,4,4,444,Champions
16250,2011-03-23 15:07:00,3,2374.14,261,2,3,3,233,At Risk
16251,2010-07-15 14:55:00,1,384.93,512,1,1,1,111,Lost
16252,2010-11-22 11:57:00,1,885.27,383,2,1,2,212,Lost
16253,2011-10-04 09:09:00,7,21930.45,67,3,4,5,345,Loyal Customers
16254,2010-11-26 13:22:00,3,2955.42,378,2,3,3,233,At Risk
16255,2011-11-23 12:40:00,15,14720.4,17,5,5,5,555,Champions
16256,2011-03-18 12:18:00,3,4888.11,267,2,3,4,234,At Risk
16257,2011-06-16 10:11:00,1,140.85,177,3,1,1,311,Others
16258,2011-10-25 13:30:00,15,35827.56,45,4,5,5,455,Champions
16259,2010-10-25 14:27:00,3,1085.82,410,2,3,2,232,Others
16260,2011-10-20 09:40:00,1,3106.35,51,4,1,3,413,New Customers
16261,2011-11-22 17:23:00,6,3178.35,17,5,4,3,543,Loyal Customers
16262,2010-11-26 13:22:00,1,2265.45,378,2,1,3,213,Lost
16263,2010-10-12 14:52:00,1,1053.03,423,1,1,2,112,Lost
16264,2010-09-27 15:00:00,2,2512.59,438,1,2,3,123,Lost
16265,2011-11-30 16:41:00,12,20805.51,9,5,5,5,555,Champions
16266,2011-09-27 12:08:00,14,5273.85,74,3,5,4,354,Loyal Customers
16267,2010-04-27 14:10:00,1,559.98,591,1,1,1,111,Lost
16268,2011-09-29 18:30:00,2,2002.95,71,3,2,3,323,Others
16269,2010-09-28 11:50:00,1,2152.71,438,1,1,3,113,Lost
16270,2010-12-21 14:26:00,1,3423.72,353,2,1,3,213,Lost
16271,2011-12-07 12:45:00,10,10389.06,3,5,5,5,555,Champions
16272,2011-08-15 10:54:00,1,1235.1,117,3,1,2,312,Others
16273,2010-03-01 13:24:00,2,1008.12,648,1,2,2,122,Lost
16274,2010-12-01 15:35:00,1,2147.7,373,2,1,3,213,Lost
16275,2011-05-27 12:41:00,3,6453.33,197,2,3,4,234,At Risk
16276,2011-06-16 09:34:00,3,7888.17,177,3,3,4,334,Loyal Customers
16277,2009-12-06 11:27:00,1,566.07,734,1,1,1,111,Lost
16278,2011-08-31 17:12:00,3,3353.52,100,3,3,3,333,Loyal Customers
16279,2011-11-18 15:00:00,9,17115.24,21,4,5,5,455,Champions
16280,2009-12-14 15:49:00,1,714.15,725,1,1,1,111,Lost
16281,2011-09-28 14:57:00,3,10272.06,72,3,3,5,335,Loyal Customers
16282,2011-01-04 11:42:00,3,3922.74,340,2,3,4,234,At Risk
16283,2011-12-04 12:08:00,8,13211.46,6,5,5,5,555,Champions
16284,2011-11-08 16:12:00,3,3089.31,31,4,3,3,433,Loyal Customers
16285,2010-03-03 16:03:00,1,530.7,646,1,1,1,111,Lost
16286,2010-08-19 14:48:00,2,986.85,477,1,2,2,122,Lost
16287,2011-06-23 09:08:00,5,3020.94,170,3,4,3,343,Loyal Customers
16288,2010-08-26 14:45:00,1,389.55,470,1,1,1,111,Lost
16289,2010-09-03 14:02:00,1,408.93,462,1,1,1,111,Lost
16290,2010-09-01 11:52:00,4,6207.9,465,1,4,4,144,At Risk
16291,2010-01-26 16:26:00,1,353.16,682,1,1,1,111,Lost
16292,2011-08-10 12:24:00,5,3761.28,122,3,4,4,344,Loyal Customers
16293,2011-11-18 09:58:00,15,13973.85,22,4,5,5,455,Champions
16294,2010-08-20 12:01:00,1,378.15,477,1,1,1,111,Lost
16295,2011-11-30 08:17:00,4,3985.65,10,5,4,4,544,Champions
16296,2010-03-23 13:11:00,4,3941.01,626,1,4,4,144,At Risk
16297,2011-03-16 08:29:00,1,905.7,269,2,1,2,212,Lost
16298,2011-11-17 11:59:00,7,3257.1,23,4,4,3,443,Loyal Customers
16299,2010-08-19 17:46:00,1,580.95,477,1,1,1,111,Lost
16300,2010-10-05 13:14:00,3,4177.29,430,1,3,4,134,At Risk
16301,2009-12-03 10:20:00,1,321.99,737,1,1,1,111,Lost
16302,2011-08-05 09:44:00,1,699.66,127,3,1,1,311,Others
16303,2011-11-14 10:49:00,7,23784.81,26,4,4,5,445,Champions
16304,2010-01-14 08:30:00,1,1144.98,695,1,1,2,112,Lost
16305,2011-07-24 12:18:00,1,1083.66,139,3,1,2,312,Others
16306,2011-05-10 12:12:00,7,3578.46,214,2,4,3,243,At Risk
16307,2010-10-06 14:31:00,3,3584.76,429,1,3,3,133,At Risk
16308,2011-11-02 11:24:00,7,15360.0,38,4,4,5,445,Champions
16309,2011-08-25 15:35:00,2,2119.71,106,3,2,3,323,Others
16310,2010-10-21 14:47:00,2,1380.24,414,1,2,2,122,Lost
16311,2011-11-22 08:54:00,2,1848.78,18,5,2,2,522,New Customers
16312,2010-10-03 14:15:00,1,513.45,432,1,1,1,111,Lost
16313,2011-12-06 13:02:00,2,822.45,3,5,2,1,521,New Customers
16314,2010-11-15 12:06:00,3,4474.2,390,2,3,4,234,At Risk
16315,2011-01-13 11:57:00,2,1208.13,331,2,2,2,222,Lost
16316,2011-10-06 13:48:00,13,17234.73,64,3,5,5,355,Loyal Customers
16317,2011-08-12 12:46:00,5,6577.53,120,3,4,4,344,Loyal Customers
16318,2011-11-04 13:05:00,1,984.45,35,4,1,2,412,New Customers
16319,2011-05-06 11:27:00,1,1213.2,218,2,1,2,212,Lost
16320,2011-06-20 15:25:00,6,16886.97,172,3,4,5,345,Loyal Customers
16321,2011-09-28 14:55:00,7,1813.65,72,3,4,2,342,Loyal Customers
16322,2011-12-08 15:41:00,2,980.25,1,5,2,2,522,New Customers
16323,2011-05-27 14:48:00,2,1060.98,196,2,2,2,222,Lost
16324,2011-08-03 12:58:00,3,1286.04,128,3,3,2,332,Loyal Customers
16325,2011-10-24 08:48:00,12,10792.5,47,4,5,5,455,Champions
16326,2011-12-04 10:11:00,24,14480.97,6,5,5,5,555,Champions
16327,2011-11-25 13:23:00,16,32194.02,14,5,5,5,555,Champions
16328,2010-05-25 14:02:00,1,932.49,563,1,1,2,112,Lost
16329,2010-10-08 12:44:00,4,5109.21,428,1,4,4,144,At Risk
16330,2011-11-22 12:24:00,7,1902.99,18,5,4,3,543,Loyal Customers
16331,2010-10-03 13:47:00,6,6113.1,432,1,4,4,144,At Risk
16332,2011-11-11 14:22:00,11,6031.23,28,4,5,4,454,Champions
16333,2011-12-02 12:19:00,22,79880.4,8,5,5,5,555,Champions
16334,2010-08-04 16:38:00,1,832.44,492,1,1,1,111,Lost
16335,2010-06-06 11:35:00,7,8322.0,552,1,4,4,144,At Risk
16336,2010-10-15 12:32:00,4,10553.07,421,1,4,5,145,At Risk
16337,2011-11-03 10:03:00,1,453.15,37,4,1,1,411,New Customers
16338,2011-07-05 13:56:00,1,644.4,157,3,1,1,311,Others
16339,2011-02-28 13:41:00,1,329.85,284,2,1,1,211,Lost
16340,2011-08-24 14:53:00,3,4578.18,107,3,3,4,334,Loyal Customers
16341,2011-11-15 09:12:00,7,11552.37,25,4,4,5,445,Champions
16342,2011-09-25 14:36:00,4,967.23,75,3,4,2,342,Loyal Customers
16343,2011-11-23 17:45:00,3,2061.21,16,5,3,3,533,Loyal Customers
16344,2011-07-04 15:50:00,4,2527.26,158,3,4,3,343,Loyal Customers
16345,2011-10-26 16:03:00,2,3596.22,44,4,2,3,423,New Customers
16346,2010-11-19 15:55:00,1,673.53,385,2,1,1,211,Lost
16347,2011-11-28 13:14:00,11,10528.23,11,5,5,5,555,Champions
16348,2011-11-07 15:44:00,8,5394.66,32,4,5,4,454,Champions
16349,2011-02-22 12:40:00,1,160.5,291,2,1,1,211,Lost
16350,2011-11-18 15:53:00,9,6761.67,21,4,5,4,454,Champions
16351,2011-01-11 10:26:00,13,9990.09,333,2,5,5,255,At Risk
16352,2011-11-22 10:32:00,2,1483.32,18,5,2,2,522,New Customers
16353,2011-12-06 12:23:00,38,29998.38,4,5,5,5,555,Champions
16354,2011-10-07 14:28:00,5,3388.53,63,3,4,3,343,Loyal Customers
16355,2010-11-29 14:21:00,1,1249.05,375,2,1,2,212,Lost
16356,2011-05-26 11:51:00,6,1247.61,198,2,4,2,242,Others
16357,2011-11-06 16:04:00,4,2605.11,33,4,4,3,443,Loyal Customers
16358,2011-12-08 15:09:00,5,8758.95,1,5,4,4,544,Champions
16359,2011-12-02 17:04:00,16,8093.25,7,5,5,4,554,Champions
16360,2011-12-05 12:16:00,6,10537.59,5,5,4,5,545,Champions
16361,2011-11-30 12:32:00,4,2689.98,10,5,4,3,543,Loyal Customers
16362,2011-11-07 13:01:00,6,2840.82,32,4,4,3,443,Loyal Customers
16363,2011-10-17 14:14:00,1,328.08,53,4,1,1,411,New Customers
16364,2011-11-28 11:27:00,2,2121.12,12,5,2,3,523,New Customers
16365,2011-11-22 11:24:00,15,9921.6,18,5,5,5,555,Champions
16366,2011-11-21 08:19:00,4,4644.39,19,5,4,4,544,Champions
16367,2011-11-02 13:13:00,3,4087.2,37,4,3,4,434,Loyal Customers
16368,2011-12-07 13:12:00,3,1920.63,2,5,3,3,533,Loyal Customers
16369,2011-11-21 16:25:00,7,7994.43,18,5,4,4,544,Champions
16370,2011-09-18 15:55:00,4,3961.68,82,3,4,4,344,Loyal Customers
16371,2010-09-17 12:09:00,1,471.6,449,1,1,1,111,Lost
16372,2011-11-06 13:08:00,5,3985.83,33,4,4,4,444,Champions
16373,2010-11-22 15:50:00,2,928.47,382,2,2,2,222,Lost
16374,2011-10-04 15:21:00,5,5314.35,66,3,4,4,344,Loyal Customers
16375,2010-08-26 14:25:00,2,312.0,470,1,2,1,121,Lost
16376,2011-12-01 11:38:00,2,2961.03,9,5,2,3,523,New Customers
16377,2011-03-17 15:41:00,2,3925.44,267,2,2,4,224,Lost
16378,2011-04-06 15:07:00,3,1088.85,247,2,3,2,232,Others
16379,2011-12-05 15:38:00,4,6472.2,4,5,4,4,544,Champions
16380,2011-10-09 15:40:00,1,5341.77,61,3,1,4,314,Others
16381,2010-11-09 09:56:00,2,776.1,396,2,2,1,221,Lost
16382,2010-10-27 16:23:00,2,1059.3,408,2,2,2,222,Lost
16383,2011-09-26 12:45:00,7,8924.52,75,3,4,5,345,Loyal Customers
16384,2011-09-11 11:19:00,4,4076.85,90,3,4,4,344,Loyal Customers
16385,2011-10-10 13:12:00,5,3091.83,60,3,4,3,343,Loyal Customers
16386,2011-11-11 12:28:00,3,3307.77,29,4,3,3,433,Loyal Customers
16387,2011-01-21 11:34:00,5,2755.65,323,2,4,3,243,At Risk
16388,2010-02-24 10:20:00,1,558.15,654,1,1,1,111,Lost
16389,2011-10-17 14:41:00,4,4146.21,53,4,4,4,444,Champions
16390,2010-06-21 10:11:00,3,1402.5,537,1,3,2,132,Others
16391,2010-11-04 12:27:00,4,3310.83,401,2,4,3,243,At Risk
16392,2011-03-15 12:11:00,3,2289.15,270,2,3,3,233,At Risk
16393,2011-12-07 12:51:00,23,16684.98,2,5,5,5,555,Champions
16394,2011-10-14 09:48:00,5,4666.02,57,4,4,4,444,Champions
16395,2011-10-10 12:50:00,14,10613.55,61,3,5,5,355,Loyal Customers
16396,2010-08-20 14:17:00,1,413.4,476,1,1,1,111,Lost
16397,2010-03-21 15:36:00,1,383.64,628,1,1,1,111,Lost
16398,2011-07-08 15:16:00,2,5117.4,154,3,2,4,324,Others
16399,2011-11-20 16:12:00,3,1925.46,19,5,3,3,533,Loyal Customers
16400,2011-09-06 12:27:00,9,9478.32,95,3,5,5,355,Loyal Customers
16401,2011-12-08 18:15:00,23,20547.45,1,5,5,5,555,Champions
16402,2011-03-20 12:25:00,2,1534.2,265,2,2,2,222,Lost
16403,2011-01-31 13:39:00,1,532.5,312,2,1,1,211,Lost
16404,2011-09-30 14:55:00,1,1329.15,70,3,1,2,312,Others
16405,2011-02-10 15:24:00,2,501.75,302,2,2,1,221,Lost
16406,2011-11-21 11:57:00,3,1658.04,19,5,3,2,532,Loyal Customers
16407,2011-11-27 11:05:00,14,8464.95,13,5,5,4,554,Champions
16408,2010-04-27 14:08:00,1,695.79,591,1,1,1,111,Lost
16409,2011-11-03 16:45:00,12,17127.12,36,4,5,5,455,Champions
16410,2009-12-05 14:51:00,1,390.96,734,1,1,1,111,Lost
16411,2011-11-20 13:23:00,4,2730.57,19,5,4,3,543,Loyal Customers
16412,2011-10-17 12:35:00,5,1941.69,54,4,4,3,443,Loyal Customers
16413,2011-10-14 12:08:00,2,1586.94,57,4,2,2,422,New Customers
16414,2011-11-18 09:42:00,5,1679.13,22,4,4,2,442,Loyal Customers
16415,2011-10-26 13:35:00,3,2158.32,44,4,3,3,433,Loyal Customers
16416,2011-11-13 12:50:00,9,8918.64,27,4,5,5,455,Champions
16417,2010-08-04 09:08:00,1,107.1,493,1,1,1,111,Lost
16418,2011-10-26 12:39:00,5,3305.82,45,4,4,3,443,Loyal Customers
16419,2011-08-19 12:33:00,8,4462.26,113,3,5,4,354,Loyal Customers
16420,2010-11-08 15:15:00,1,225.0,396,2,1,1,211,Lost
16421,2010-11-28 13:31:00,3,1578.81,376,2,3,2,232,Others
16422,2011-11-22 14:00:00,109,190954.41,17,5,5,5,555,Champions
16423,2011-11-15 09:21:00,1,1038.36,25,4,1,2,412,New Customers
16424,2011-06-01 13:40:00,2,1329.18,191,2,2,2,222,Lost
16425,2011-02-10 14:30:00,1,908.1,302,2,1,2,212,Lost
16426,2011-12-07 14:01:00,10,5724.75,2,5,5,4,554,Champions
16427,2011-03-21 17:10:00,2,723.18,263,2,2,1,221,Lost
16428,2010-10-22 12:22:00,3,1980.84,414,1,3,3,133,At Risk
16429,2011-08-25 13:54:00,1,853.65,106,3,1,1,311,Others
16430,2011-10-13 14:47:00,7,3353.82,57,4,4,3,443,Loyal Customers
16431,2011-05-10 14:09:00,3,1928.43,213,2,3,3,233,At Risk
16432,2011-10-06 13:59:00,1,862.2,64,3,1,1,311,Others
16433,2011-11-11 14:09:00,2,1153.56,28,4,2,2,422,New Customers
16434,2011-11-10 14:28:00,12,8225.22,29,4,5,4,454,Champions
16435,2010-07-15 18:22:00,3,3034.71,512,1,3,3,133,At Risk
16436,2010-02-09 13:19:00,3,988.02,668,1,3,2,132,Others
16437,2010-11-23 16:59:00,2,903.75,381,2,2,2,222,Lost
16438,2011-12-04 10:51:00,5,2395.05,6,5,4,3,543,Loyal Customers
16439,2009-12-17 14:22:00,1,932.1,722,1,1,2,112,Lost
16440,2011-12-02 12:02:00,6,11570.91,8,5,4,5,545,Champions
16441,2011-10-03 17:48:00,5,3103.29,67,3,4,3,343,Loyal Customers
16442,2011-12-08 11:43:00,5,2698.41,2,5,4,3,543,Loyal Customers
16443,2010-07-07 11:57:00,1,486.72,521,1,1,1,111,Lost
16444,2011-10-24 13:50:00,17,10969.74,46,4,5,5,455,Champions
16445,2011-11-06 12:32:00,4,1808.19,34,4,4,2,442,Loyal Customers
16446,2011-12-09 09:15:00,2,505417.5,1,5,2,5,525,New Customers
16447,2011-07-27 12:45:00,3,2325.42,136,3,3,3,333,Loyal Customers
16448,2011-05-25 16:28:00,2,1103.61,198,2,2,2,222,Lost
16449,2011-05-26 10:25:00,2,2123.07,198,2,2,3,223,Lost
16450,2011-07-13 11:47:00,3,4517.19,150,3,3,4,334,Loyal Customers
16451,2011-09-13 09:17:00,3,3039.45,88,3,3,3,333,Loyal Customers
16452,2010-03-19 12:39:00,2,996.51,631,1,2,2,122,Lost
16453,2010-06-27 12:46:00,2,755.13,531,1,2,1,121,Lost
16454,2011-10-26 11:40:00,4,92.85,45,4,4,1,441,Loyal Customers
16455,2011-10-07 12:17:00,11,13153.11,64,3,5,5,355,Loyal Customers
16456,2011-09-01 13:50:00,13,20588.73,99,3,5,5,355,Loyal Customers
16457,2011-05-05 13:19:00,1,625.08,218,2,1,1,211,Lost
16458,2011-12-07 09:34:00,30,17146.02,3,5,5,5,555,Champions
16459,2009-12-10 12:42:00,1,215.37,730,1,1,1,111,Lost
16460,2011-11-11 13:46:00,3,2444.16,28,4,3,3,433,Loyal Customers
16461,2011-06-15 12:07:00,3,4845.66,178,3,3,4,334,Loyal Customers
16462,2011-09-27 10:24:00,3,408.0,74,3,3,1,331,Loyal Customers
16463,2011-11-18 14:01:00,4,4267.2,21,4,4,4,444,Champions
16464,2011-11-20 12:11:00,3,3944.04,20,4,3,4,434,Loyal Customers
16465,2010-10-15 09:27:00,2,2238.72,421,1,2,3,123,Lost
16466,2011-11-06 11:35:00,15,11515.77,34,4,5,5,455,Champions
16467,2010-07-19 11:49:00,7,8607.48,509,1,4,4,144,At Risk
16468,2011-09-26 14:13:00,3,2362.56,74,3,3,3,333,Loyal Customers
16469,2011-11-16 12:25:00,5,2486.73,24,4,4,3,443,Loyal Customers
16470,2011-10-19 12:11:00,11,7375.8,52,4,5,4,454,Champions
16471,2011-03-10 09:41:00,4,3569.94,275,2,4,3,243,At Risk
16472,2010-10-01 13:56:00,2,2368.8,434,1,2,3,123,Lost
16473,2011-06-28 09:10:00,4,1412.49,165,3,4,2,342,Loyal Customers
16474,2011-12-02 13:02:00,7,5614.5,7,5,4,4,544,Champions
16475,2011-09-12 14:37:00,4,1632.9,88,3,4,2,342,Loyal Customers
16476,2010-10-04 10:29:00,1,1051.05,432,1,1,2,112,Lost
16477,2011-10-07 09:44:00,11,12960.06,64,3,5,5,355,Loyal Customers
16478,2011-11-14 15:51:00,3,993.0,25,4,3,2,432,Loyal Customers
16479,2011-11-29 13:40:00,2,902.49,10,5,2,2,522,New Customers
16480,2011-09-25 11:40:00,1,2307.87,76,3,1,3,313,Others
16481,2010-01-26 13:09:00,1,1360.14,682,1,1,2,112,Lost
16482,2011-11-24 12:33:00,1,661.86,16,5,1,1,511,New Customers
16483,2011-05-31 13:08:00,1,418.05,192,2,1,1,211,Lost
16484,2011-06-19 12:06:00,2,1212.9,174,3,2,2,322,Others
16485,2011-09-23 15:50:00,5,6884.04,77,3,4,4,344,Loyal Customers
16486,2010-06-20 12:16:00,1,403.08,538,1,1,1,111,Lost
16487,2010-05-11 13:38:00,2,628.2,577,1,2,1,121,Lost
16488,2011-11-06 13:42:00,3,1496.4,33,4,3,2,432,Loyal Customers
16489,2010-11-24 14:40:00,2,911.1,380,2,2,2,222,Lost
16490,2010-09-29 16:30:00,1,616.23,436,1,1,1,111,Lost
16491,2011-10-24 10:18:00,2,4599.48,47,4,2,4,424,New Customers
16492,2010-06-17 08:20:00,1,1156.68,541,1,1,2,112,Lost
16493,2011-09-21 11:10:00,7,6396.27,80,3,4,4,344,Loyal Customers
16494,2011-02-16 12:49:00,1,2479.59,297,2,1,3,213,Lost
16495,2011-12-06 13:20:00,3,2053.23,3,5,3,3,533,Loyal Customers
16496,2011-12-01 10:31:00,6,6992.31,9,5,4,4,544,Champions
16497,2011-10-21 10:55:00,23,20085.84,50,4,5,5,455,Champions
16498,2011-07-01 15:07:00,2,302.91,161,3,2,1,321,Others
16499,2010-12-14 13:31:00,8,7735.02,360,2,5,4,254,At Risk
16500,2011-12-05 12:04:00,9,2531.73,5,5,5,3,553,Loyal Customers
16501,2010-11-21 14:10:00,1,3711.69,383,2,1,3,213,Lost
16502,2010-03-29 13:44:00,2,799.5,620,1,2,1,121,Lost
16503,2011-08-25 11:46:00,11,10843.02,107,3,5,5,355,Loyal Customers
16504,2011-11-14 15:18:00,1,1453.14,25,4,1,2,412,New Customers
16505,2011-11-08 12:14:00,1,2332.8,32,4,1,3,413,New Customers
16506,2011-11-20 12:17:00,2,270.9,20,4,2,1,421,New Customers
16507,2010-05-16 12:56:00,1,458.28,572,1,1,1,111,Lost
16508,2010-03-19 13:41:00,1,746.4,630,1,1,1,111,Lost
16509,2011-02-16 09:25:00,1,1091.1,297,2,1,2,212,Lost
16510,2010-12-02 13:39:00,6,6300.0,372,2,4,4,244,At Risk
16511,2011-11-18 10:41:00,6,5457.06,22,4,4,4,444,Champions
16513,2011-12-05 10:18:00,4,2623.77,5,5,4,3,543,Loyal Customers
16515,2011-10-18 13:10:00,10,9648.9,52,4,5,5,455,Champions
16516,2011-11-09 14:59:00,1,305.1,30,4,1,1,411,New Customers
16517,2011-03-07 13:50:00,1,488.1,277,2,1,1,211,Lost
16518,2011-10-09 15:04:00,4,2878.11,61,3,4,3,343,Loyal Customers
16519,2011-11-14 15:41:00,4,1668.78,25,4,4,2,442,Loyal Customers
16520,2011-06-06 13:24:00,6,7447.86,186,3,4,4,344,Loyal Customers
16521,2010-10-20 13:09:00,3,3444.03,415,1,3,3,133,At Risk
16522,2010-09-30 10:54:00,2,1300.08,436,1,2,2,122,Lost
16523,2011-12-08 09:06:00,28,35748.99,2,5,5,5,555,Champions
16524,2010-09-19 13:37:00,2,924.42,446,1,2,2,122,Lost
16525,2011-12-07 15:07:00,48,73747.92,2,5,5,5,555,Champions
16526,2011-06-21 12:02:00,2,2151.63,172,3,2,3,323,Others
16527,2011-09-19 16:21:00,2,3817.32,81,3,2,4,324,Others
16528,2011-12-06 12:45:00,1,733.23,4,5,1,1,511,New Customers
16529,2011-06-02 17:23:00,4,6036.0,190,2,4,4,244,At Risk
16530,2010-02-09 15:30:00,1,145.05,668,1,1,1,111,Lost
16531,2011-11-17 16:29:00,11,6894.99,22,4,5,4,454,Champions
16532,2011-11-22 11:08:00,5,26269.92,18,5,4,5,545,Champions
16533,2011-11-20 13:08:00,3,3286.68,19,5,3,3,533,Loyal Customers
16534,2010-03-07 15:47:00,1,1907.7,642,1,1,3,113,Lost
16535,2011-12-04 15:18:00,3,3004.77,5,5,3,3,533,Loyal Customers
16536,2011-08-21 15:54:00,1,1646.91,110,3,1,2,312,Others
16537,2010-03-08 13:41:00,1,70.05,641,1,1,1,111,Lost
16538,2010-06-16 16:59:00,3,1198.86,541,1,3,2,132,Others
16539,2011-12-07 08:41:00,10,11196.03,3,5,5,5,555,Champions
16540,2010-10-21 17:22:00,1,680.1,414,1,1,1,111,Lost
16541,2009-12-04 13:22:00,1,1272.09,735,1,1,2,112,Lost
16542,2011-10-17 10:47:00,2,771.96,54,4,2,1,421,New Customers
16543,2010-04-27 11:38:00,1,876.63,592,1,1,2,112,Lost
16544,2010-07-08 11:11:00,4,1130.1,520,1,4,2,142,Others
16545,2011-06-28 10:37:00,2,2069.46,165,3,2,3,323,Others
16546,2011-02-22 11:20:00,5,16819.41,291,2,4,5,245,At Risk
16547,2010-06-11 13:02:00,1,335.13,546,1,1,1,111,Lost
16548,2010-04-19 16:15:00,1,90.45,599,1,1,1,111,Lost
16549,2011-11-29 15:06:00,34,39546.57,10,5,5,5,555,Champions
16550,2011-08-23 11:12:00,18,28305.39,109,3,5,5,355,Loyal Customers
16551,2011-09-05 09:38:00,7,6711.36,96,3,4,4,344,Loyal Customers
16552,2011-04-11 10:04:00,2,1425.06,243,2,2,2,222,Lost
16553,2011-06-29 15:42:00,33,49932.03,163,3,5,5,355,Loyal Customers
16554,2011-10-28 14:51:00,8,8525.16,42,4,5,4,454,Champions
16555,2011-11-04 14:31:00,6,5747.04,35,4,4,4,444,Champions
16556,2011-10-04 11:36:00,17,24037.74,67,3,5,5,355,Loyal Customers
16557,2011-11-15 14:04:00,2,845.55,24,4,2,1,421,New Customers
16558,2011-12-09 10:20:00,38,41620.53,1,5,5,5,555,Champions
16559,2010-11-07 13:52:00,1,555.6,397,2,1,1,211,Lost
16560,2011-11-13 10:35:00,8,9145.14,27,4,5,5,455,Champions
16561,2011-12-04 11:50:00,2,1533.36,6,5,2,2,522,New Customers
16562,2010-08-20 11:45:00,1,671.58,477,1,1,1,111,Lost
16563,2011-10-17 11:51:00,6,13268.28,54,4,4,5,445,Champions
16564,2010-05-19 14:41:00,1,263.4,569,1,1,1,111,Lost
16565,2010-12-10 15:21:00,4,2319.15,364,2,4,3,243,At Risk
16566,2011-11-24 16:34:00,5,1843.98,15,5,4,2,542,Loyal Customers
16567,2011-05-29 13:57:00,2,2596.8,194,2,2,3,223,Lost
16568,2010-10-08 10:54:00,2,3062.7,428,1,2,3,123,Lost
16569,2011-12-06 15:32:00,5,4365.69,3,5,4,4,544,Champions
16570,2011-11-24 17:02:00,20,22302.93,15,5,5,5,555,Champions
16571,2011-11-13 11:46:00,10,12746.22,27,4,5,5,455,Champions
16572,2011-08-04 16:34:00,3,3028.8,127,3,3,3,333,Loyal Customers
16573,2011-09-16 09:13:00,2,1990.83,85,3,2,3,323,Others
16574,2011-09-29 13:39:00,3,3905.34,71,3,3,4,334,Loyal Customers
16576,2010-10-15 13:37:00,2,1622.61,420,1,2,2,122,Lost
16577,2010-02-11 09:45:00,1,1140.0,667,1,1,2,112,Lost
16578,2010-03-23 15:11:00,1,469.8,626,1,1,1,111,Lost
16579,2010-10-10 11:58:00,1,885.15,426,1,1,2,112,Lost
16581,2011-06-10 10:05:00,1,317.52,183,3,1,1,311,Others
16582,2011-08-18 17:02:00,1,940.86,113,3,1,2,312,Others
16583,2010-12-01 12:03:00,2,1594.2,374,2,2,2,222,Lost
16584,2011-09-20 13:45:00,5,9491.01,80,3,4,5,345,Loyal Customers
16585,2010-04-25 10:34:00,2,1024.77,594,1,2,2,122,Lost
16586,2011-04-05 09:32:00,3,4388.34,249,2,3,4,234,At Risk
16587,2011-04-21 15:51:00,1,675.45,232,2,1,1,211,Lost
16588,2010-11-18 17:56:00,4,4083.84,386,2,4,4,244,At Risk
16589,2011-09-29 14:50:00,4,1837.08,71,3,4,2,342,Loyal Customers
16590,2010-11-04 09:06:00,2,1817.7,401,2,2,2,222,Lost
16591,2011-10-02 10:43:00,1,640.5,69,3,1,1,311,Others
16592,2011-12-05 13:49:00,28,23423.73,4,5,5,5,555,Champions
16593,2011-10-20 12:41:00,8,3213.42,51,4,5,3,453,Loyal Customers
16594,2011-09-25 14:08:00,1,543.27,75,3,1,1,311,Others
16595,2011-10-09 13:15:00,5,5430.54,61,3,4,4,344,Loyal Customers
16596,2011-11-24 10:02:00,4,1738.89,16,5,4,2,542,Loyal Customers
16597,2011-12-05 15:44:00,1,270.12,4,5,1,1,511,New Customers
16598,2011-02-27 11:42:00,1,435.15,286,2,1,1,211,Lost
16599,2010-11-19 12:45:00,1,518.4,386,2,1,1,211,Lost
16600,2011-12-05 16:00:00,13,6460.23,4,5,5,4,554,Champions
16601,2011-10-30 11:09:00,3,2052.75,41,4,3,3,433,Loyal Customers
16602,2011-11-03 15:54:00,2,2289.99,36,4,2,3,423,New Customers
16603,2011-09-26 10:06:00,2,1447.41,75,3,2,2,322,Others
16604,2010-05-26 09:10:00,2,1297.35,563,1,2,2,122,Lost
16605,2009-12-15 19:03:00,1,181.44,724,1,1,1,111,Lost
16606,2010-10-31 13:57:00,2,1072.98,404,2,2,2,222,Lost
16607,2011-11-22 10:24:00,25,17120.61,18,5,5,5,555,Champions
16608,2010-09-12 11:44:00,2,3866.16,454,1,2,4,124,Lost
16609,2011-11-24 13:32:00,7,16480.38,15,5,4,5,545,Champions
16610,2011-05-04 13:13:00,1,226.98,219,2,1,1,211,Lost
16611,2011-06-06 15:46:00,6,5355.39,186,3,4,4,344,Loyal Customers
16612,2011-11-07 07:38:00,9,9736.29,33,4,5,5,455,Champions
16613,2011-09-30 15:52:00,1,1855.77,70,3,1,3,313,Others
16614,2011-06-10 11:36:00,3,3539.37,183,3,3,3,333,Loyal Customers
16615,2010-03-23 15:13:00,1,874.5,626,1,1,2,112,Lost
16616,2011-11-24 16:31:00,2,1501.26,15,5,2,2,522,New Customers
16617,2011-04-18 10:35:00,1,455.55,236,2,1,1,211,Lost
16618,2011-11-08 13:52:00,5,7942.77,31,4,4,4,444,Champions
16619,2011-03-21 08:18:00,4,5814.99,264,2,4,4,244,At Risk
16620,2011-12-06 12:19:00,6,5276.79,4,5,4,4,544,Champions
16621,2011-10-19 11:38:00,4,2440.44,52,4,4,3,443,Loyal Customers
16622,2010-06-14 10:44:00,1,676.2,544,1,1,1,111,Lost
16623,2011-04-08 10:09:00,4,3045.72,246,2,4,3,243,At Risk
16624,2011-09-20 12:39:00,2,2431.71,81,3,2,3,323,Others
16625,2011-03-10 12:50:00,5,4962.09,275,2,4,4,244,At Risk
16626,2011-12-09 11:56:00,17,13239.3,1,5,5,5,555,Champions
16627,2011-09-21 14:38:00,1,968.4,79,3,1,2,312,Others
16628,2011-11-10 12:45:00,7,6954.3,30,4,4,4,444,Champions
16629,2011-09-27 10:34:00,2,1253.19,74,3,2,2,322,Others
16630,2010-10-28 14:30:00,1,320.4,407,2,1,1,211,Lost
16631,2010-08-15 11:20:00,7,5677.56,482,1,4,4,144,At Risk
16632,2010-08-11 11:39:00,2,1219.2,486,1,2,2,122,Lost
16633,2011-11-22 13:41:00,6,8649.3,17,5,4,4,544,Champions
16634,2011-05-01 12:09:00,6,5443.83,223,2,4,4,244,At Risk
16635,2010-10-29 09:41:00,1,1419.0,407,2,1,2,212,Lost
16636,2010-09-27 13:13:00,4,11406.12,438,1,4,5,145,At Risk
16637,2011-11-07 13:17:00,4,3463.41,32,4,4,3,443,Loyal Customers
16638,2011-11-17 11:09:00,15,7291.59,23,4,5,4,454,Champions
16639,2011-11-08 13:20:00,4,5243.94,31,4,4,4,444,Champions
16640,2010-11-07 10:48:00,1,538.2,398,2,1,1,211,Lost
16641,2011-08-26 12:49:00,2,1663.5,106,3,2,2,322,Others
16642,2011-12-05 11:31:00,3,3232.35,5,5,3,3,533,Loyal Customers
16643,2011-04-08 08:24:00,2,2769.33,246,2,2,3,223,Lost
16644,2011-06-15 12:39:00,2,2501.34,178,3,2,3,323,Others
16645,2009-12-04 09:49:00,1,481.17,736,1,1,1,111,Lost
16646,2010-09-16 13:28:00,1,2036.4,449,1,1,3,113,Lost
16647,2011-06-23 11:47:00,4,1625.7,170,3,4,2,342,Loyal Customers
16648,2011-10-28 08:58:00,3,2018.4,43,4,3,3,433,Loyal Customers
16649,2010-07-07 15:41:00,1,919.74,520,1,1,2,112,Lost
16650,2011-09-29 09:51:00,7,5748.33,72,3,4,4,344,Loyal Customers
16651,2010-05-02 11:46:00,1,408.6,587,1,1,1,111,Lost
16652,2011-10-12 09:38:00,16,52651.17,59,4,5,5,455,Champions
16653,2011-11-23 14:51:00,2,3637.98,16,5,2,3,523,New Customers
16654,2011-07-21 15:23:00,8,5134.41,141,3,5,4,354,Loyal Customers
16655,2011-11-22 11:25:00,13,19645.11,18,5,5,5,555,Champions
16656,2011-11-17 14:43:00,30,50499.51,22,4,5,5,455,Champions
16657,2011-11-30 11:48:00,4,2800.86,10,5,4,3,543,Loyal Customers
16658,2010-12-06 13:47:00,6,2442.21,368,2,4,3,243,At Risk
16659,2011-06-03 15:03:00,1,117.36,189,3,2,1,321,Others
16660,2011-11-23 14:53:00,7,5638.65,16,5,4,4,544,Champions
16661,2010-06-17 15:24:00,4,2959.89,540,1,4,3,143,At Risk
16662,2010-11-10 16:56:00,1,491.4,394,2,2,1,221,Lost
16663,2009-12-10 13:12:00,1,495.0,729,1,2,1,121,Lost
16664,2010-05-19 17:11:00,1,327.6,569,1,2,1,121,Lost
16665,2010-12-12 14:03:00,1,406.2,362,2,2,1,221,Lost
16666,2011-11-20 14:01:00,2,677.82,19,5,2,1,521,New Customers
16667,2011-10-02 15:26:00,2,1710.39,68,3,2,2,322,Others
16668,2011-11-24 17:43:00,13,2587.26,15,5,5,3,553,Loyal Customers
16669,2011-11-16 12:26:00,3,4124.61,24,4,3,4,434,Loyal Customers
16670,2011-11-23 09:34:00,20,24090.45,17,5,5,5,555,Champions
16671,2011-11-11 13:40:00,3,5076.81,28,4,3,4,434,Loyal Customers
16672,2011-12-07 16:29:00,20,24404.82,2,5,5,5,555,Champions
16673,2010-01-29 14:22:00,1,566.49,679,1,2,1,121,Lost
16674,2011-10-16 11:31:00,2,958.83,55,4,2,2,422,New Customers
16675,2010-09-24 12:15:00,2,1826.58,442,1,2,2,122,Lost
16676,2011-11-06 12:01:00,6,7085.7,34,4,4,4,444,Champions
16677,2010-10-24 14:53:00,2,2641.86,411,2,2,3,223,Lost
16678,2011-12-07 12:17:00,12,9329.97,3,5,5,5,555,Champions
16679,2010-12-08 13:51:00,3,2379.18,366,2,3,3,233,At Risk
16680,2011-10-27 17:35:00,3,2464.35,43,4,3,3,433,Loyal Customers
16681,2011-09-28 11:11:00,7,5765.52,73,3,4,4,344,Loyal Customers
16682,2011-12-05 12:13:00,5,3084.0,5,5,4,3,543,Loyal Customers
16683,2010-06-24 10:36:00,1,960.75,534,1,2,2,122,Lost
16684,2011-12-05 14:06:00,55,441428.31,4,5,5,5,555,Champions
16685,2011-10-09 13:58:00,2,972.72,61,3,2,2,322,Others
16686,2011-10-23 13:49:00,16,15212.76,47,4,5,5,455,Champions
16687,2010-11-14 11:46:00,1,472.89,391,2,2,1,221,Lost
16688,2011-12-08 15:24:00,4,3782.58,1,5,4,4,544,Champions
16689,2011-09-25 11:39:00,2,1267.8,76,3,2,2,322,Others
16690,2011-09-28 15:02:00,4,1059.09,72,3,4,2,342,Loyal Customers
16691,2010-10-17 15:03:00,2,536.49,418,1,2,1,121,Lost
16692,2011-03-28 14:46:00,4,5744.1,256,2,4,4,244,At Risk
16693,2011-10-02 11:10:00,5,3598.38,69,3,4,3,343,Loyal Customers
16694,2009-12-16 15:45:00,1,294.9,723,1,2,1,121,Lost
16695,2010-05-27 12:36:00,2,579.45,562,1,2,1,121,Lost
16696,2011-07-27 14:23:00,4,1973.7,135,3,4,3,343,Loyal Customers
16697,2011-04-12 17:12:00,1,338.25,241,2,2,1,221,Lost
16698,2011-04-27 10:52:00,2,5994.0,227,2,2,4,224,Lost
16699,2010-11-24 14:38:00,7,2983.8,380,2,4,3,243,At Risk
16700,2011-12-01 11:00:00,25,27503.13,9,5,5,5,555,Champions
16701,2011-12-01 11:10:00,26,29750.19,9,5,5,5,555,Champions
16702,2010-10-20 14:10:00,4,3332.49,415,1,4,3,143,At Risk
16704,2010-03-31 14:02:00,2,2086.98,618,1,2,3,123,Lost
16705,2011-12-09 12:08:00,42,130545.15,1,5,5,5,555,Champions
16706,2011-11-02 13:50:00,3,1594.05,37,4,3,2,432,Loyal Customers
16707,2010-11-04 14:39:00,4,1653.33,400,2,4,2,242,Others
16708,2011-10-25 12:20:00,1,1969.89,46,4,2,3,423,New Customers
16709,2011-09-16 10:56:00,14,27262.38,85,3,5,5,355,Loyal Customers
16710,2011-11-20 14:50:00,22,19047.27,19,5,5,5,555,Champions
16711,2011-12-06 16:32:00,9,8605.44,3,5,5,4,554,Champions
16712,2011-11-30 13:48:00,13,12800.97,9,5,5,5,555,Champions
16713,2011-11-21 12:36:00,32,43682.07,19,5,5,5,555,Champions
16714,2011-05-05 11:09:00,4,4589.4,219,2,4,4,244,At Risk
16715,2011-09-22 18:15:00,2,1876.56,78,3,2,3,323,Others
16716,2011-03-18 10:03:00,3,6449.04,267,2,3,4,234,At Risk
16717,2011-11-16 12:16:00,14,20958.69,24,4,5,5,455,Champions
16718,2010-12-05 13:03:00,5,10942.59,369,2,4,5,245,At Risk
16719,2011-11-25 09:27:00,14,11919.9,15,5,5,5,555,Champions
16720,2011-11-13 16:22:00,3,2386.44,26,4,3,3,433,Loyal Customers
16721,2011-03-22 16:08:00,1,877.41,262,2,2,2,222,Lost
16722,2011-11-22 13:28:00,22,26967.24,17,5,5,5,555,Champions
16723,2011-09-09 13:01:00,4,3904.89,91,3,4,4,344,Loyal Customers
16724,2010-10-31 11:40:00,1,442.05,405,2,2,1,221,Lost
16725,2011-02-10 16:52:00,14,5646.33,302,2,5,4,254,At Risk
16726,2011-11-13 14:53:00,7,6265.23,26,4,4,4,444,Champions
16727,2010-12-10 13:48:00,4,4312.26,364,2,4,4,244,At Risk
16728,2011-10-24 14:36:00,4,3164.01,46,4,4,3,443,Loyal Customers
16729,2011-11-01 14:29:00,21,21719.76,38,4,5,5,455,Champions
16730,2011-10-18 14:11:00,3,2229.33,52,4,3,3,433,Loyal Customers
16731,2010-03-01 15:05:00,1,522.15,648,1,2,1,121,Lost
16732,2011-11-08 09:54:00,4,13162.92,32,4,4,5,445,Champions
16733,2010-06-28 10:12:00,1,779.04,530,1,2,1,121,Lost
16734,2011-10-18 13:44:00,3,1951.53,52,4,3,3,433,Loyal Customers
16735,2011-09-22 11:49:00,14,18811.68,79,3,5,5,355,Loyal Customers
16736,2010-07-22 10:09:00,5,8869.68,506,1,4,4,144,At Risk
16737,2011-10-17 13:03:00,2,2505.6,53,4,2,3,423,New Customers
16738,2011-02-15 09:46:00,1,11.25,298,2,2,1,221,Lost
16739,2011-06-16 09:17:00,2,2359.29,177,3,2,3,323,Others
16740,2010-11-09 13:34:00,1,710.43,395,2,2,1,221,Lost
16741,2010-03-24 15:15:00,1,519.18,625,1,2,1,121,Lost
16742,2011-10-24 12:02:00,14,8557.83,47,4,5,4,454,Champions
16743,2011-11-10 13:13:00,14,12759.78,29,4,5,5,455,Champions
16744,2011-11-28 13:06:00,7,3914.28,11,5,4,4,544,Champions
16745,2011-09-14 11:58:00,17,21582.9,87,3,5,5,355,Loyal Customers
16746,2011-12-05 12:33:00,42,54199.2,5,5,5,5,555,Champions
16747,2011-11-02 11:37:00,2,2508.18,38,4,2,3,423,New Customers
16748,2011-11-22 10:17:00,14,10911.99,18,5,5,5,555,Champions
16749,2010-04-27 13:06:00,2,13161.24,591,1,2,5,125,Lost
16750,2011-10-26 12:48:00,5,1871.79,45,4,4,3,443,Loyal Customers
16751,2011-11-09 10:48:00,1,5294.16,31,4,2,4,424,New Customers
16752,2010-12-02 12:18:00,1,1245.0,373,2,2,2,222,Lost
16753,2011-10-12 13:14:00,1,671.76,58,4,2,1,421,New Customers
16754,2010-12-02 17:38:00,29,202507.41,372,2,5,5,255,At Risk
16755,2011-08-17 13:21:00,7,8701.74,114,3,4,4,344,Loyal Customers
16756,2011-05-09 09:33:00,7,3937.11,215,2,4,4,244,At Risk
16757,2011-01-25 11:59:00,2,811.44,319,2,2,1,221,Lost
16758,2011-10-05 14:47:00,1,1108.02,65,3,2,2,322,Others
16759,2011-12-02 12:42:00,3,2369.37,8,5,3,3,533,Loyal Customers
16760,2010-10-05 15:55:00,1,684.0,430,1,2,1,121,Lost
16761,2011-09-04 11:15:00,1,949.86,97,3,2,2,322,Others
16762,2011-11-20 11:43:00,3,4504.14,20,4,3,4,434,Loyal Customers
16763,2011-05-25 11:52:00,2,2894.1,199,2,2,3,223,Lost
16764,2011-12-06 11:41:00,13,8397.75,4,5,5,4,554,Champions
16765,2011-02-18 15:41:00,2,1364.25,294,2,2,2,222,Lost
16766,2011-03-11 15:22:00,2,3436.8,273,2,2,3,223,Lost
16767,2011-11-09 09:42:00,15,24221.4,31,4,5,5,455,Champions
16768,2011-10-23 10:38:00,9,5124.36,48,4,5,4,454,Champions
16769,2011-03-24 13:41:00,4,3425.25,260,2,4,3,243,At Risk
16770,2011-10-13 12:21:00,9,5796.39,58,4,5,4,454,Champions
16771,2011-11-06 13:28:00,10,11902.8,33,4,5,5,455,Champions
16772,2010-10-12 13:19:00,3,11170.65,423,1,3,5,135,At Risk
16773,2011-10-13 14:37:00,3,1263.72,57,4,3,2,432,Loyal Customers
16774,2011-10-03 12:41:00,8,4783.35,68,3,5,4,354,Loyal Customers
16775,2011-11-29 15:22:00,16,9170.67,10,5,5,5,555,Champions
16776,2011-10-10 13:04:00,2,1859.55,60,3,2,3,323,Others
16777,2011-09-20 13:41:00,5,3923.28,80,3,4,4,344,Loyal Customers
16778,2011-09-26 13:48:00,2,737.82,74,3,2,1,321,Others
16779,2011-12-07 14:54:00,53,99804.72,2,5,5,5,555,Champions
16780,2011-08-31 16:09:00,3,1816.65,100,3,3,2,332,Loyal Customers
16781,2010-12-02 14:26:00,2,2802.75,372,2,2,3,223,Lost
16782,2011-11-29 13:20:00,38,31315.23,10,5,5,5,555,Champions
16783,2010-09-29 11:53:00,1,1175.85,437,1,2,2,122,Lost
16784,2011-11-20 12:20:00,5,2689.59,20,4,4,3,443,Loyal Customers
16785,2010-10-26 10:36:00,1,1601.34,410,2,2,2,222,Lost
16786,2010-11-11 08:25:00,1,155.52,394,2,2,1,221,Lost
16787,2010-11-07 11:01:00,4,3106.29,398,2,4,3,243,At Risk
16788,2011-08-08 14:53:00,5,5850.9,123,3,4,4,344,Loyal Customers
16789,2011-12-01 15:12:00,1,242.4,8,5,2,1,521,New Customers
16790,2011-12-06 11:53:00,6,4636.86,4,5,4,4,544,Champions
16791,2011-11-10 19:12:00,15,12116.07,29,4,5,5,455,Champions
16792,2011-03-02 14:41:00,5,1870.38,282,2,4,3,243,At Risk
16793,2011-10-13 15:08:00,1,731.52,57,4,2,1,421,New Customers
16794,2011-12-08 17:54:00,15,6272.73,1,5,5,4,554,Champions
16795,2010-12-09 14:08:00,3,7477.17,365,2,3,4,234,At Risk
16796,2011-09-11 14:01:00,1,916.86,89,3,2,2,322,Others
16797,2010-11-11 19:14:00,5,5483.31,393,2,4,4,244,At Risk
16798,2010-06-03 19:01:00,3,2546.13,554,1,3,3,133,At Risk
16799,2010-10-03 14:28:00,2,1487.94,432,1,2,2,122,Lost
16800,2011-11-28 14:06:00,1,3604.47,11,5,2,3,523,New Customers
16801,2011-06-29 15:33:00,4,4859.19,163,3,4,4,344,Loyal Customers
16802,2010-01-29 13:44:00,2,1747.83,679,1,2,2,122,Lost
16803,2011-10-05 14:28:00,1,996.9,65,3,2,2,322,Others
16804,2011-11-16 16:43:00,3,1610.97,23,4,3,2,432,Loyal Customers
16805,2011-06-19 11:23:00,5,3291.72,174,3,4,3,343,Loyal Customers
16806,2011-08-28 15:27:00,4,2404.47,103,3,4,3,343,Loyal Customers
16807,2011-07-20 12:00:00,6,6371.64,143,3,4,4,344,Loyal Customers
16808,2011-09-01 19:34:00,2,865.26,99,3,2,1,321,Others
16809,2011-11-16 15:45:00,9,5182.29,23,4,5,4,454,Champions
16810,2011-05-31 15:32:00,2,2526.12,192,2,2,3,223,Lost
16811,2011-12-05 11:39:00,2,1641.21,5,5,2,2,522,New Customers
16812,2010-12-14 12:35:00,4,7176.0,361,2,4,4,244,At Risk
16813,2011-12-01 14:03:00,10,5078.94,8,5,5,4,554,Champions
16814,2011-11-25 13:27:00,36,37499.13,14,5,5,5,555,Champions
16815,2010-09-12 10:59:00,2,1232.91,454,1,2,2,122,Lost
16816,2011-08-28 14:16:00,4,1251.18,103,3,4,2,342,Loyal Customers
16817,2011-12-07 11:03:00,13,8414.7,3,5,5,4,554,Champions
16818,2011-11-29 10:41:00,11,10048.71,11,5,5,5,555,Champions
16819,2010-08-31 17:37:00,2,547.77,465,1,2,1,121,Lost
16820,2011-09-05 12:06:00,1,1492.83,96,3,2,2,322,Others
16821,2010-11-23 10:04:00,1,340.05,382,2,2,1,221,Lost
16822,2010-01-22 14:22:00,1,544.17,686,1,2,1,121,Lost
16823,2011-04-26 15:00:00,7,6780.27,227,2,4,4,244,At Risk
16824,2011-11-24 12:38:00,3,2058.72,16,5,3,3,533,Loyal Customers
16825,2011-11-01 11:51:00,5,5480.67,39,4,4,4,444,Champions
16826,2011-10-19 14:05:00,1,1025.1,51,4,2,2,422,New Customers
16827,2010-11-11 14:04:00,5,1176.39,393,2,4,2,242,Others
16828,2011-09-07 15:10:00,2,385.5,93,3,2,1,321,Others
16829,2011-07-06 10:48:00,2,1539.96,157,3,3,2,332,Loyal Customers
16830,2011-11-01 11:35:00,4,3622.5,39,4,4,3,443,Loyal Customers
16831,2010-05-24 09:08:00,1,275.4,565,1,2,1,121,Lost
16832,2011-06-08 15:36:00,5,1252.83,184,3,4,2,342,Loyal Customers
16833,2011-12-08 14:39:00,6,7227.12,1,5,4,4,544,Champions
16834,2011-04-26 09:37:00,2,2696.88,228,2,3,3,233,At Risk
16835,2011-08-03 13:50:00,6,4615.23,128,3,4,4,344,Loyal Customers
16836,2011-10-31 10:05:00,4,2347.11,40,4,4,3,443,Loyal Customers
16837,2011-11-08 14:27:00,11,9512.94,31,4,5,5,455,Champions
16838,2011-05-26 13:13:00,4,3478.83,197,2,4,3,243,At Risk
16839,2011-12-01 09:03:00,44,66931.47,9,5,5,5,555,Champions
16840,2010-04-15 15:48:00,2,419.55,603,1,3,1,131,Others
16841,2011-11-03 11:51:00,12,12018.18,37,4,5,5,455,Champions
16842,2011-08-31 10:42:00,3,3792.57,101,3,3,4,334,Loyal Customers
16843,2011-10-28 09:06:00,35,58714.29,43,4,5,5,455,Champions
16844,2010-05-26 10:29:00,2,1843.02,563,1,3,2,132,Others
16845,2010-03-31 13:09:00,1,761.64,618,1,2,1,121,Lost
16846,2011-10-20 13:55:00,3,2527.23,50,4,3,3,433,Loyal Customers
16847,2011-10-27 13:29:00,2,1844.67,43,4,3,2,432,Loyal Customers
16848,2011-10-18 08:42:00,4,4234.86,53,4,4,4,444,Champions
16849,2011-06-06 09:16:00,1,373.71,187,3,2,1,321,Others
16850,2011-01-10 11:09:00,1,997.23,334,2,2,2,222,Lost
16851,2011-12-05 13:32:00,3,1027.35,4,5,3,2,532,Loyal Customers
16852,2011-11-29 13:22:00,2,434.73,10,5,3,1,531,Loyal Customers
16854,2010-10-18 16:31:00,2,4226.88,417,1,3,4,134,At Risk
16855,2011-11-16 12:03:00,2,985.2,24,4,3,2,432,Loyal Customers
16856,2011-11-25 08:59:00,3,1075.47,15,5,3,2,532,Loyal Customers
16857,2010-09-23 10:49:00,1,1058.4,443,1,2,2,122,Lost
16858,2010-12-06 09:52:00,10,14004.84,369,2,5,5,255,At Risk
16859,2011-07-18 12:19:00,7,5797.23,145,3,4,4,344,Loyal Customers
16860,2010-09-13 10:05:00,3,4831.86,453,1,3,4,134,At Risk
16861,2011-10-11 09:05:00,5,2839.77,60,3,4,3,343,Loyal Customers
16862,2010-06-10 13:05:00,4,1986.99,547,1,4,3,143,At Risk
16863,2011-11-08 15:26:00,3,2995.56,31,4,3,3,433,Loyal Customers
16864,2010-10-01 16:16:00,2,1227.75,434,1,3,2,132,Others
16865,2010-11-03 11:34:00,1,392.85,402,2,2,1,221,Lost
16866,2011-07-22 10:06:00,3,623.22,141,3,3,1,331,Loyal Customers
16867,2010-01-19 09:11:00,1,230.22,690,1,2,1,121,Lost
16868,2010-11-10 13:17:00,3,1180.17,394,2,3,2,232,Others
16869,2011-11-17 12:02:00,4,2476.26,23,4,4,3,443,Loyal Customers
16870,2010-08-27 13:53:00,1,1350.48,469,1,2,2,122,Lost
16871,2011-11-17 19:27:00,6,8437.02,22,4,4,4,444,Champions
16872,2011-09-23 16:05:00,6,3639.39,77,3,4,3,343,Loyal Customers
16873,2011-12-05 12:05:00,12,43852.17,5,5,5,5,555,Champions
16874,2010-11-25 13:08:00,1,653.22,379,2,2,1,221,Lost
16875,2011-10-03 13:39:00,11,12703.59,67,3,5,5,355,Loyal Customers
16876,2010-11-01 11:59:00,1,408.03,404,2,2,1,221,Lost
16877,2011-11-27 13:47:00,6,2561.16,12,5,4,3,543,Loyal Customers
16878,2011-09-16 17:39:00,1,39.9,84,3,2,1,321,Others
16880,2011-11-09 11:33:00,8,5522.58,31,4,5,4,454,Champions
16881,2011-10-04 10:33:00,1,1296.0,67,3,2,2,322,Others
16882,2011-10-04 10:42:00,3,2115.36,67,3,3,3,333,Loyal Customers
16883,2011-06-05 12:51:00,19,7189.77,187,3,5,4,354,Loyal Customers
16884,2011-11-02 11:52:00,4,3221.76,38,4,4,3,443,Loyal Customers
16885,2011-11-24 13:40:00,4,2132.22,15,5,4,3,543,Loyal Customers
16886,2010-09-09 15:08:00,1,402.0,456,1,2,1,121,Lost
16887,2011-11-04 14:07:00,3,1982.16,35,4,3,3,433,Loyal Customers
16888,2010-11-04 12:39:00,3,1311.45,401,2,3,2,232,Others
16889,2011-05-29 11:05:00,6,7592.7,195,2,4,4,244,At Risk
16890,2010-08-20 11:23:00,3,856.23,477,1,3,1,131,Others
16891,2011-12-08 11:15:00,11,6170.46,2,5,5,4,554,Champions
16892,2011-12-08 13:18:00,7,2286.3,1,5,4,3,543,Loyal Customers
16893,2010-12-08 12:06:00,2,1205.31,367,2,3,2,232,Others
16894,2010-07-25 15:43:00,3,3972.18,502,1,3,4,134,At Risk
16895,2011-10-06 12:15:00,5,3364.26,65,3,4,3,343,Loyal Customers
16896,2010-06-02 15:40:00,1,311.85,555,1,2,1,121,Lost
16897,2011-02-13 15:02:00,2,869.34,299,2,3,1,231,Others
16898,2011-11-13 15:44:00,5,3049.11,26,4,4,3,443,Loyal Customers
16899,2011-12-02 12:03:00,8,5163.06,8,5,5,4,554,Champions
16900,2011-11-23 10:32:00,3,2661.33,17,5,3,3,533,Loyal Customers
16901,2009-12-10 16:30:00,1,612.78,729,1,2,1,121,Lost
16902,2011-08-15 14:17:00,1,5120.64,116,3,2,4,324,Others
16903,2011-11-10 15:32:00,3,3186.84,29,4,3,3,433,Loyal Customers
16904,2011-12-05 13:10:00,21,15397.11,4,5,5,5,555,Champions
16905,2011-12-04 14:01:00,17,15102.45,5,5,5,5,555,Champions
16906,2011-09-19 11:49:00,7,4346.4,82,3,4,4,344,Loyal Customers
16907,2011-11-10 18:04:00,9,5123.7,29,4,5,4,454,Champions
16908,2009-12-17 13:35:00,1,757.77,722,1,2,1,121,Lost
16909,2011-09-28 16:45:00,1,1137.42,72,3,2,2,322,Others
16910,2011-12-05 12:51:00,8,4530.18,4,5,5,4,554,Champions
16911,2010-03-14 12:18:00,2,765.75,636,1,3,1,131,Others
16912,2011-11-11 12:18:00,15,13440.93,29,4,5,5,455,Champions
16913,2011-02-22 12:56:00,3,1271.73,290,2,3,2,232,Others
16914,2011-11-03 15:27:00,1,625.38,36,4,2,1,421,New Customers
16915,2011-11-30 16:39:00,11,4629.54,9,5,5,4,554,Champions
16916,2011-11-16 12:08:00,4,3370.2,24,4,4,3,443,Loyal Customers
16917,2011-03-08 11:55:00,2,5573.49,277,2,3,4,234,At Risk
16918,2011-10-21 12:50:00,16,9639.87,50,4,5,5,455,Champions
16919,2011-07-06 13:35:00,24,15377.73,156,3,5,5,355,Loyal Customers
16920,2010-10-24 14:07:00,1,1066.35,411,2,2,2,222,Lost
16921,2011-10-09 16:22:00,3,1340.01,61,3,3,2,332,Loyal Customers
16922,2010-05-16 11:24:00,1,1833.24,573,1,2,2,122,Lost
16923,2011-11-27 13:00:00,32,40135.08,12,5,5,5,555,Champions
16924,2011-11-18 12:53:00,3,2540.25,21,4,3,3,433,Loyal Customers
16925,2010-06-17 15:03:00,1,376.95,540,1,2,1,121,Lost
16926,2010-12-03 13:42:00,5,4264.05,371,2,4,4,244,At Risk
16927,2011-08-16 11:10:00,3,1629.15,116,3,3,2,332,Loyal Customers
16928,2011-09-20 15:10:00,29,12339.69,80,3,5,5,355,Loyal Customers
16929,2011-12-06 08:37:00,7,3886.17,4,5,4,4,544,Champions
16930,2011-11-13 16:13:00,3,1141.65,26,4,3,2,432,Loyal Customers
16931,2011-12-04 13:15:00,23,15700.86,5,5,5,5,555,Champions
16932,2011-10-17 14:12:00,3,1322.13,53,4,3,2,432,Loyal Customers
16933,2011-12-08 12:54:00,9,9543.75,1,5,5,5,555,Champions
16934,2011-10-16 12:40:00,6,6332.97,55,4,4,4,444,Champions
16935,2010-11-23 09:16:00,3,1605.3,382,2,3,2,232,Others
16936,2011-11-14 11:04:00,2,1653.51,26,4,3,2,432,Loyal Customers
16937,2010-07-28 17:56:00,1,606.3,499,1,2,1,121,Lost
16938,2011-12-01 10:20:00,9,21129.54,9,5,5,5,555,Champions
16939,2010-08-08 12:24:00,3,1347.0,489,1,3,2,132,Others
16940,2011-10-18 13:15:00,8,19282.98,52,4,5,5,455,Champions
16941,2010-04-07 11:13:00,1,99.0,612,1,2,1,121,Lost
16942,2011-11-27 12:40:00,9,5761.77,13,5,5,4,554,Champions
16943,2011-05-12 11:57:00,5,3898.47,212,2,4,4,244,At Risk
16944,2010-04-09 11:03:00,1,304.08,610,1,2,1,121,Lost
16945,2011-11-18 11:39:00,33,25644.48,22,4,5,5,455,Champions
16946,2010-11-21 14:06:00,5,3666.12,383,2,4,3,243,At Risk
16947,2011-04-18 09:38:00,5,2865.63,236,2,4,3,243,At Risk
16948,2011-07-24 12:46:00,7,2606.31,139,3,4,3,343,Loyal Customers
16949,2011-12-06 11:07:00,6,3858.81,4,5,4,4,544,Champions
16950,2011-10-14 09:06:00,10,11353.11,57,4,5,5,455,Champions
16951,2011-07-28 12:05:00,3,3833.25,135,3,3,4,334,Loyal Customers
16952,2011-08-22 13:03:00,5,2396.34,109,3,4,3,343,Loyal Customers
16953,2011-11-09 15:54:00,1,62.4,30,4,2,1,421,New Customers
16954,2011-12-09 09:46:00,20,18245.64,1,5,5,5,555,Champions
16955,2011-06-08 10:36:00,6,3928.23,185,3,4,4,344,Loyal Customers
16956,2011-11-22 08:56:00,1,926.22,18,5,2,2,522,New Customers
16957,2011-04-14 13:56:00,2,1249.92,239,2,3,2,232,Others
16958,2010-09-30 14:25:00,1,2428.32,435,1,2,3,123,Lost
16959,2011-09-13 15:03:00,1,352.05,87,3,2,1,321,Others
16960,2011-11-01 11:35:00,8,6130.29,39,4,5,4,454,Champions
16961,2011-08-15 13:46:00,3,2383.68,116,3,3,3,333,Loyal Customers
16962,2010-10-26 11:36:00,1,753.12,410,2,2,1,221,Lost
16963,2011-06-05 13:48:00,1,331.65,187,3,2,1,321,Others
16964,2009-12-06 12:53:00,2,623.55,733,1,3,1,131,Others
16965,2011-04-27 12:08:00,1,603.57,227,2,2,1,221,Lost
16966,2011-12-01 13:40:00,7,6464.91,8,5,4,4,544,Champions
16967,2011-06-03 14:24:00,1,957.06,189,3,2,2,322,Others
16968,2011-12-05 15:02:00,2,1318.29,4,5,3,2,532,Loyal Customers
16969,2011-10-31 13:12:00,3,1951.23,39,4,3,3,433,Loyal Customers
16970,2010-03-23 13:50:00,1,214.2,626,1,2,1,121,Lost
16971,2011-11-01 15:06:00,1,1071.63,38,4,2,2,422,New Customers
16972,2010-11-22 10:59:00,2,2358.75,383,2,3,3,233,At Risk
16973,2010-11-18 13:56:00,1,381.0,386,2,2,1,221,Lost
16974,2010-07-05 10:18:00,2,1096.5,523,1,3,2,132,Others
16975,2010-10-12 17:53:00,3,2778.36,423,1,3,3,133,At Risk
16976,2011-03-17 16:33:00,1,754.56,267,2,2,1,221,Lost
16977,2010-11-09 13:17:00,4,1488.0,395,2,4,2,242,Others
16978,2011-09-23 12:50:00,3,2306.64,78,3,3,3,333,Loyal Customers
16979,2011-12-06 12:21:00,9,8579.22,4,5,5,4,554,Champions
16980,2011-03-29 16:36:00,3,4419.99,255,2,3,4,234,At Risk
16982,2011-10-10 12:28:00,1,1152.18,61,3,2,2,322,Others
16983,2011-11-27 12:10:00,11,11130.66,13,5,5,5,555,Champions
16984,2011-09-12 13:43:00,9,32264.4,88,3,5,5,355,Loyal Customers
16985,2011-11-22 13:33:00,23,32769.48,17,5,5,5,555,Champions
16986,2011-11-10 11:55:00,11,14666.25,30,4,5,5,455,Champions
16987,2011-12-06 17:26:00,11,7607.7,3,5,5,4,554,Champions
16988,2011-12-04 16:02:00,2,1148.01,5,5,3,2,532,Loyal Customers
16989,2011-12-02 16:39:00,6,3399.75,7,5,4,3,543,Loyal Customers
16990,2011-05-05 08:30:00,2,1032.0,219,2,3,2,232,Others
16991,2010-10-14 14:08:00,1,3123.63,421,1,2,3,123,Lost
16992,2011-11-29 11:50:00,13,16429.5,11,5,5,5,555,Champions
16993,2010-09-02 12:16:00,2,5852.85,464,1,3,4,134,At Risk
16996,2011-11-09 16:43:00,9,6370.83,30,4,5,4,454,Champions
16997,2011-02-24 17:28:00,3,2106.0,288,2,3,3,233,At Risk
16998,2011-07-13 09:44:00,5,1206.0,150,3,4,2,342,Loyal Customers
16999,2011-11-16 13:53:00,2,1454.46,23,4,3,2,432,Loyal Customers
17000,2010-11-08 13:35:00,2,1218.9,396,2,3,2,232,Others
17001,2011-12-09 09:38:00,19,19922.4,1,5,5,5,555,Champions
17002,2011-09-15 12:40:00,7,7714.65,86,3,4,4,344,Loyal Customers
17003,2010-11-02 13:15:00,4,2490.48,402,2,4,3,243,At Risk
17004,2011-10-24 14:25:00,4,7275.48,46,4,4,4,444,Champions
17005,2010-08-26 10:57:00,2,2227.08,471,1,3,3,133,At Risk
17006,2011-12-05 12:09:00,8,4908.96,5,5,5,4,554,Champions
17007,2011-10-20 10:47:00,7,3360.3,51,4,4,3,443,Loyal Customers
17008,2010-10-06 15:19:00,1,244.08,429,1,2,1,121,Lost
17009,2010-06-06 16:01:00,1,726.18,551,1,2,1,121,Lost
17010,2011-11-21 14:49:00,1,586.08,18,5,2,1,521,New Customers
17011,2011-11-09 13:30:00,3,2015.1,30,4,3,3,433,Loyal Customers
17012,2009-12-14 17:34:00,1,1152.48,725,1,2,2,122,Lost
17014,2011-12-01 14:09:00,3,1758.99,8,5,3,2,532,Loyal Customers
17015,2011-11-11 10:45:00,3,5527.68,29,4,3,4,434,Loyal Customers
17016,2010-05-12 12:32:00,1,1657.2,577,1,2,2,122,Lost
17017,2011-12-07 09:32:00,29,42331.83,3,5,5,5,555,Champions
17018,2011-10-30 11:42:00,6,6863.1,41,4,4,4,444,Champions
17019,2011-11-28 13:06:00,11,12036.6,11,5,5,5,555,Champions
17020,2010-06-15 13:06:00,2,2806.86,542,1,3,3,133,At Risk
17021,2010-09-23 20:01:00,6,3546.66,442,1,4,3,143,At Risk
17022,2011-11-08 17:09:00,2,780.0,31,4,3,1,431,Loyal Customers
17023,2010-10-18 15:37:00,3,2400.54,417,1,3,3,133,At Risk
17024,2011-10-25 13:47:00,3,287.55,45,4,3,1,431,Loyal Customers
17025,2011-10-10 09:06:00,5,4531.92,61,3,4,4,344,Loyal Customers
17026,2011-06-07 14:28:00,3,626.94,185,3,3,1,331,Loyal Customers
17027,2011-09-22 12:24:00,9,3981.33,79,3,5,4,354,Loyal Customers
17028,2010-05-07 15:33:00,3,4781.49,581,1,3,4,134,At Risk
17029,2011-08-21 11:06:00,7,6411.9,111,3,4,4,344,Loyal Customers
17030,2011-10-07 08:49:00,1,440.61,64,3,2,1,321,Others
17031,2011-11-28 10:23:00,6,8321.55,12,5,4,4,544,Champions
17032,2010-06-10 12:16:00,8,9013.8,548,1,5,5,155,At Risk
17033,2011-09-14 14:34:00,4,3998.37,86,3,4,4,344,Loyal Customers
17034,2011-11-23 15:14:00,5,3851.76,16,5,4,4,544,Champions
17035,2011-04-08 11:23:00,4,1840.77,246,2,4,2,242,Others
17036,2010-11-21 14:26:00,1,530.7,383,2,2,1,221,Lost
17037,2011-09-13 12:49:00,1,3801.96,88,3,2,4,324,Others
17038,2011-11-09 13:50:00,2,2229.51,30,4,3,3,433,Loyal Customers
17039,2010-04-14 12:56:00,1,5864.97,604,1,2,4,124,Lost
17040,2011-07-25 10:19:00,2,1389.75,138,3,3,2,332,Loyal Customers
17041,2011-11-13 11:21:00,6,5058.84,27,4,4,4,444,Champions
17042,2011-12-07 12:26:00,5,3133.14,3,5,4,3,543,Loyal Customers
17043,2011-11-07 15:33:00,8,7849.65,32,4,5,4,454,Champions
17044,2011-11-14 14:28:00,12,35886.9,25,4,5,5,455,Champions
17045,2011-08-18 17:09:00,5,2483.04,113,3,4,3,343,Loyal Customers
17046,2011-07-05 14:24:00,5,5718.21,157,3,4,4,344,Loyal Customers
17047,2011-09-15 13:27:00,6,6867.69,85,3,4,4,344,Loyal Customers
17048,2011-08-14 11:49:00,7,6215.04,118,3,4,4,344,Loyal Customers
17049,2011-12-07 10:48:00,19,29842.44,3,5,5,5,555,Champions
17050,2011-09-04 13:48:00,11,14075.37,96,3,5,5,355,Loyal Customers
17051,2011-05-29 14:13:00,4,2143.17,194,2,4,3,243,At Risk
17052,2011-11-11 14:50:00,1,1241.25,28,4,2,2,422,New Customers
17053,2011-08-01 10:23:00,1,1495.44,131,3,2,2,322,Others
17054,2011-11-11 12:56:00,5,4068.99,28,4,4,4,444,Champions
17055,2010-09-20 12:21:00,1,718.65,446,1,2,1,121,Lost
17056,2009-12-01 12:55:00,1,385.8,738,1,2,1,121,Lost
17057,2010-04-22 19:21:00,1,884.22,596,1,2,2,122,Lost
17058,2011-09-19 10:13:00,3,3539.67,82,3,3,3,333,Loyal Customers
17059,2011-11-10 12:27:00,9,16807.59,30,4,5,5,455,Champions
17060,2011-03-18 13:27:00,1,702.72,266,2,2,1,221,Lost
17061,2011-09-27 11:24:00,11,15696.69,74,3,5,5,355,Loyal Customers
17062,2011-01-30 11:01:00,6,3624.66,314,2,4,3,243,At Risk
17063,2011-11-18 16:19:00,13,10915.59,21,4,5,5,455,Champions
17064,2011-10-12 10:18:00,3,2578.05,59,4,3,3,433,Loyal Customers
17065,2010-03-12 11:41:00,2,584.1,638,1,3,1,131,Others
17066,2009-12-13 13:24:00,1,685.02,726,1,2,1,121,Lost
17067,2009-12-15 08:39:00,3,1363.62,725,1,3,2,132,Others
17068,2011-11-27 13:14:00,47,27483.24,12,5,5,5,555,Champions
17069,2011-11-11 17:13:00,14,17382.84,28,4,5,5,455,Champions
17070,2011-08-17 17:01:00,2,1335.96,114,3,3,2,332,Loyal Customers
17071,2011-11-11 16:31:00,13,11403.6,28,4,5,5,455,Champions
17072,2010-03-24 16:33:00,1,846.15,625,1,2,1,121,Lost
17073,2011-11-22 11:47:00,4,4338.27,18,5,4,4,544,Champions
17074,2010-05-26 12:04:00,1,609.15,563,1,2,1,121,Lost
17075,2011-11-22 11:58:00,10,6725.19,18,5,5,4,554,Champions
17076,2011-11-03 17:53:00,6,3728.25,36,4,4,3,443,Loyal Customers
17077,2010-05-10 16:36:00,1,918.0,578,1,2,2,122,Lost
17078,2011-11-03 19:17:00,2,1134.6,36,4,3,2,432,Loyal Customers
17079,2011-09-22 15:34:00,1,356.4,78,3,2,1,321,Others
17080,2011-11-17 12:59:00,7,2872.59,22,4,4,3,443,Loyal Customers
17081,2011-11-14 12:56:00,6,2893.17,25,4,4,3,443,Loyal Customers
17082,2011-11-06 15:17:00,6,14196.09,33,4,4,5,445,Champions
17083,2011-08-22 15:43:00,9,12149.37,109,3,5,5,355,Loyal Customers
17084,2011-11-04 14:54:00,3,15608.91,35,4,3,5,435,Loyal Customers
17085,2011-08-08 14:15:00,28,23674.23,123,3,5,5,355,Loyal Customers
17086,2011-12-02 13:54:00,6,6150.24,7,5,4,4,544,Champions
17087,2009-12-02 10:41:00,1,664.59,738,1,2,1,121,Lost
17088,2011-11-11 14:23:00,4,5973.03,28,4,4,4,444,Champions
17089,2010-11-18 15:33:00,1,385.35,386,2,2,1,221,Lost
17090,2011-12-05 13:44:00,13,9448.44,4,5,5,5,555,Champions
17091,2011-12-07 10:43:00,19,23433.3,3,5,5,5,555,Champions
17092,2011-10-20 19:51:00,11,16784.88,50,4,5,5,455,Champions
17093,2010-04-26 10:22:00,1,707.64,593,1,2,1,121,Lost
17094,2011-01-21 13:09:00,2,1206.6,322,2,3,2,232,Others
17095,2011-11-17 12:21:00,7,7716.75,23,4,4,4,444,Champions
17096,2011-11-24 15:01:00,11,11277.54,15,5,5,5,555,Champions
17097,2011-12-07 17:05:00,9,4021.35,2,5,5,4,554,Champions
17098,2010-11-23 12:13:00,3,1773.21,382,2,3,2,232,Others
17099,2010-06-24 16:25:00,1,1746.51,533,1,2,2,122,Lost
17100,2011-11-21 16:36:00,2,2915.22,18,5,3,3,533,Loyal Customers
17101,2011-11-29 13:57:00,7,7521.15,10,5,4,4,544,Champions
17102,2011-03-23 10:08:00,1,76.5,262,2,2,1,221,Lost
17103,2009-12-17 14:08:00,1,1272.9,722,1,2,2,122,Lost
17104,2010-10-12 12:21:00,1,1422.09,424,1,2,2,122,Lost
17105,2011-07-03 15:53:00,2,1997.34,159,3,3,3,333,Loyal Customers
17106,2010-11-15 14:11:00,1,1473.69,389,2,2,2,222,Lost
17107,2011-11-06 14:14:00,10,48226.26,33,4,5,5,455,Champions
17108,2010-02-14 12:22:00,1,524.85,664,1,2,1,121,Lost
17109,2011-11-10 16:59:00,8,3886.38,29,4,5,4,454,Champions
17110,2011-06-27 12:58:00,3,1532.1,165,3,3,2,332,Loyal Customers
17111,2011-10-23 15:59:00,2,1429.74,47,4,3,2,432,Loyal Customers
17112,2010-07-25 11:14:00,1,615.51,503,1,2,1,121,Lost
17113,2010-05-14 13:59:00,6,6967.77,574,1,4,4,144,At Risk
17114,2011-12-04 12:17:00,8,2425.86,6,5,5,3,553,Loyal Customers
17115,2011-12-01 14:30:00,7,8284.47,8,5,4,4,544,Champions
17116,2010-03-01 16:29:00,1,1169.34,648,1,2,2,122,Lost
17117,2011-02-24 13:54:00,1,348.6,288,2,2,1,221,Lost
17118,2011-01-26 12:19:00,1,471.06,318,2,2,1,221,Lost
17119,2011-12-06 14:40:00,2,1820.73,3,5,3,2,532,Loyal Customers
17120,2011-04-20 15:21:00,1,922.38,233,2,2,2,222,Lost
17121,2010-11-02 11:47:00,1,944.22,403,2,2,2,222,Lost
17122,2011-08-12 14:33:00,4,1711.5,119,3,4,2,342,Loyal Customers
17123,2011-07-01 10:47:00,3,2931.51,162,3,3,3,333,Loyal Customers
17124,2011-06-07 14:02:00,1,896.67,185,3,2,2,322,Others
17125,2011-10-20 14:41:00,1,778.05,50,4,2,1,421,New Customers
17126,2011-07-10 13:52:00,9,6211.32,152,3,5,4,354,Loyal Customers
17127,2010-10-07 09:54:00,5,3465.09,429,1,4,3,143,At Risk
17128,2011-01-09 12:02:00,1,471.27,335,2,2,1,221,Lost
17129,2010-07-07 13:46:00,1,95.55,520,1,2,1,121,Lost
17131,2011-12-04 12:52:00,5,7389.51,5,5,4,4,544,Champions
17132,2010-09-13 16:31:00,2,3818.4,452,1,3,4,134,At Risk
17133,2011-11-24 12:27:00,12,43866.99,16,5,5,5,555,Champions
17134,2011-08-25 09:53:00,3,1911.3,107,3,3,3,333,Loyal Customers
17135,2011-11-23 16:48:00,10,5862.48,16,5,5,4,554,Champions
17136,2010-02-15 13:13:00,1,695.04,662,1,2,1,121,Lost
17137,2010-10-19 14:51:00,6,3400.89,416,1,4,3,143,At Risk
17138,2011-03-09 11:54:00,7,13251.81,276,2,4,5,245,At Risk
17139,2011-11-24 10:12:00,25,58753.38,16,5,5,5,555,Champions
17140,2011-04-06 13:33:00,1,1395.96,247,2,2,2,222,Lost
17141,2010-10-17 14:54:00,4,2262.99,418,1,4,3,143,At Risk
17142,2011-04-14 18:22:00,4,3851.25,239,2,4,4,244,At Risk
17143,2010-10-18 15:27:00,2,2772.33,417,1,3,3,133,At Risk
17144,2011-12-08 17:57:00,2,2953.71,1,5,3,3,533,Loyal Customers
17145,2010-07-15 09:02:00,4,9362.73,513,1,4,5,145,At Risk
17146,2011-08-26 12:44:00,13,17580.72,106,3,5,5,355,Loyal Customers
17147,2011-11-17 12:32:00,9,9599.85,23,4,5,5,455,Champions
17148,2011-10-19 09:59:00,1,374.64,52,4,2,1,421,New Customers
17149,2010-09-14 14:56:00,1,429.3,451,1,2,1,121,Lost
17150,2010-11-28 11:27:00,6,4126.95,377,2,4,4,244,At Risk
17151,2009-12-04 14:56:00,1,695.7,735,1,2,1,121,Lost
17152,2011-05-29 12:19:00,4,6049.5,195,2,4,4,244,At Risk
17153,2011-11-15 13:42:00,1,641.34,24,4,2,1,421,New Customers
17154,2011-09-25 13:42:00,1,988.02,75,3,2,2,322,Others
17155,2011-11-22 12:38:00,7,2677.38,18,5,4,3,543,Loyal Customers
17156,2010-08-05 11:30:00,1,1775.61,492,1,2,2,122,Lost
17157,2011-12-02 09:10:00,19,15455.7,8,5,5,5,555,Champions
17158,2011-11-07 15:15:00,5,5940.0,32,4,4,4,444,Champions
17159,2011-11-18 10:52:00,5,6298.77,22,4,4,4,444,Champions
17160,2011-11-08 14:05:00,17,30627.48,31,4,5,5,455,Champions
17161,2010-09-21 16:44:00,1,2568.03,444,1,2,3,123,Lost
17162,2011-11-11 11:34:00,10,5146.38,29,4,5,4,454,Champions
17163,2011-11-18 08:57:00,4,2099.34,22,4,4,3,443,Loyal Customers
17164,2011-11-07 09:14:00,7,7402.05,33,4,4,4,444,Champions
17165,2011-02-28 16:39:00,6,5382.96,284,2,4,4,244,At Risk
17166,2011-11-01 09:46:00,2,619.02,39,4,3,1,431,Loyal Customers
17167,2010-11-25 10:05:00,3,2601.33,380,2,3,3,233,At Risk
17168,2010-07-29 12:33:00,1,1200.6,499,1,2,2,122,Lost
17169,2011-10-13 10:25:00,3,3470.19,58,4,3,3,433,Loyal Customers
17170,2010-11-30 15:55:00,2,536.04,374,2,3,1,231,Others
17171,2011-02-23 16:37:00,2,1153.77,289,2,3,2,232,Others
17172,2011-09-22 09:36:00,3,2869.71,79,3,3,3,333,Loyal Customers
17173,2011-12-04 14:40:00,8,11299.8,5,5,5,5,555,Champions
17174,2011-05-06 11:47:00,1,179.7,218,2,2,1,221,Lost
17175,2011-10-26 15:31:00,4,4331.07,44,4,4,4,444,Champions
17176,2011-05-22 12:41:00,3,2706.96,202,2,3,3,233,At Risk
17177,2010-07-22 14:53:00,1,358.5,505,1,2,1,121,Lost
17178,2009-12-08 16:20:00,1,1310.13,731,1,2,2,122,Lost
17179,2011-06-14 16:48:00,6,4521.78,178,3,4,4,344,Loyal Customers
17180,2011-10-14 15:46:00,11,6770.94,56,4,5,4,454,Champions
17181,2011-10-13 14:48:00,3,1396.11,57,4,3,2,432,Loyal Customers
17182,2010-10-13 10:09:00,2,963.9,423,1,3,2,132,Others
17183,2011-12-02 10:07:00,6,10041.93,8,5,4,5,545,Champions
17184,2010-05-19 14:24:00,2,595.23,569,1,3,1,131,Others
17185,2010-04-27 12:15:00,3,688.38,592,1,3,1,131,Others
17186,2011-10-24 10:20:00,2,432.0,47,4,3,1,431,Loyal Customers
17187,2011-04-27 12:39:00,2,1403.13,227,2,3,2,232,Others
17188,2011-11-28 13:53:00,13,13778.79,11,5,5,5,555,Champions
17189,2011-08-25 19:39:00,5,2872.89,106,3,4,3,343,Loyal Customers
17190,2011-10-12 11:33:00,7,5229.12,59,4,4,4,444,Champions
17191,2011-11-11 16:58:00,15,14508.15,28,4,5,5,455,Champions
17192,2010-06-21 16:07:00,1,233.49,536,1,2,1,121,Lost
17193,2011-11-04 12:47:00,9,6930.12,36,4,5,4,454,Champions
17194,2011-03-11 12:05:00,3,2437.5,274,2,3,3,233,At Risk
17195,2010-02-22 13:05:00,1,1688.94,655,1,2,2,122,Lost
17196,2010-10-08 11:31:00,1,1058.7,428,1,2,2,122,Lost
17197,2011-11-10 10:32:00,1,3039.03,30,4,2,3,423,New Customers
17198,2011-11-16 10:39:00,3,3641.64,24,4,3,3,433,Loyal Customers
17199,2010-05-06 13:53:00,1,435.36,582,1,2,1,121,Lost
17200,2010-11-17 13:04:00,4,1070.13,387,2,4,2,242,Others
17201,2011-10-17 11:55:00,4,3726.12,54,4,4,3,443,Loyal Customers
17202,2010-10-15 11:25:00,1,481.95,421,1,2,1,121,Lost
17203,2011-11-04 12:27:00,10,16727.64,36,4,5,5,455,Champions
17204,2011-06-17 14:46:00,9,16514.07,175,3,5,5,355,Loyal Customers
17205,2011-10-17 12:46:00,3,2998.05,54,4,3,3,433,Loyal Customers
17206,2011-10-17 13:25:00,1,612.72,53,4,2,1,421,New Customers
17207,2010-02-25 19:08:00,1,909.66,652,1,2,2,122,Lost
17208,2010-11-09 12:50:00,1,346.05,396,2,2,1,221,Lost
17209,2010-02-28 16:01:00,3,1834.8,649,1,3,2,132,Others
17210,2010-11-12 12:15:00,1,760.11,393,2,2,1,221,Lost
17211,2011-11-13 12:03:00,13,12139.95,27,4,5,5,455,Champions
17212,2011-03-31 19:42:00,3,2383.23,253,2,3,3,233,At Risk
17213,2011-10-30 14:53:00,13,15546.9,40,4,5,5,455,Champions
17214,2011-10-10 13:17:00,6,3207.36,60,3,4,3,343,Loyal Customers
17215,2010-09-01 13:39:00,1,558.45,464,1,2,1,121,Lost
17216,2010-06-03 13:03:00,1,195.15,554,1,2,1,121,Lost
17217,2011-04-19 17:19:00,2,654.0,234,2,3,1,231,Others
17218,2011-12-05 13:52:00,18,12578.04,4,5,5,5,555,Champions
17219,2011-11-08 11:25:00,2,777.39,32,4,3,1,431,Loyal Customers
17220,2011-11-15 13:47:00,21,13445.25,24,4,5,5,455,Champions
17221,2011-12-02 13:35:00,5,2935.56,7,5,4,3,543,Loyal Customers
17222,2011-10-05 13:58:00,6,4815.03,65,3,4,4,344,Loyal Customers
17223,2011-02-02 15:57:00,3,2620.59,310,2,3,3,233,At Risk
17224,2010-07-26 13:30:00,1,302.58,501,1,2,1,121,Lost
17225,2010-05-07 11:38:00,1,393.45,582,1,2,1,121,Lost
17226,2011-02-04 11:52:00,3,2700.36,309,2,3,3,233,At Risk
17227,2011-11-21 10:51:00,12,6066.09,19,5,5,4,554,Champions
17228,2011-11-24 10:24:00,13,9531.72,16,5,5,5,555,Champions
17229,2011-09-04 13:56:00,2,956.28,96,3,3,2,332,Loyal Customers
17230,2011-03-20 16:12:00,18,29774.85,264,2,5,5,255,At Risk
17231,2011-11-27 15:18:00,25,21591.12,12,5,5,5,555,Champions
17232,2011-12-07 12:21:00,2,1264.56,3,5,3,2,532,Loyal Customers
17233,2011-11-04 14:06:00,3,1682.58,35,4,3,2,432,Loyal Customers
17234,2011-06-10 11:20:00,1,449.67,183,3,2,1,321,Others
17235,2011-11-14 15:51:00,8,5714.64,25,4,5,4,454,Champions
17236,2011-11-27 12:00:00,12,5787.78,13,5,5,4,554,Champions
17237,2011-11-28 15:02:00,4,3006.24,11,5,4,3,543,Loyal Customers
17238,2011-12-07 11:35:00,32,23349.3,3,5,5,5,555,Champions
17239,2011-01-31 09:41:00,4,3568.35,313,2,4,3,243,At Risk
17240,2010-04-22 15:44:00,1,391.8,596,1,2,1,121,Lost
17241,2010-11-19 13:01:00,12,8232.42,385,2,5,4,254,At Risk
17242,2011-08-23 14:55:00,5,8667.84,108,3,4,4,344,Loyal Customers
17243,2011-12-08 13:26:00,69,62669.58,1,5,5,5,555,Champions
17244,2011-10-17 15:19:00,5,5478.12,53,4,4,4,444,Champions
17245,2011-05-19 10:43:00,2,1114.89,205,2,3,2,232,Others
17246,2010-06-11 12:36:00,2,116.76,547,1,3,1,131,Others
17247,2011-11-24 15:21:00,1,846.57,15,5,2,1,521,New Customers
17248,2011-08-11 13:34:00,2,1638.48,120,3,3,2,332,Loyal Customers
17249,2010-10-07 11:33:00,1,204.09,429,1,2,1,121,Lost
17250,2011-12-06 12:15:00,2,1153.56,4,5,3,2,532,Loyal Customers
17251,2010-12-12 11:06:00,3,2437.29,363,2,3,3,233,At Risk
17252,2011-08-15 09:45:00,2,1061.58,117,3,3,2,332,Loyal Customers
17253,2011-11-21 12:59:00,1,534.78,18,5,2,1,521,New Customers
17254,2011-12-05 12:46:00,3,1412.19,5,5,3,2,532,Loyal Customers
17255,2011-10-30 12:18:00,4,2397.39,41,4,4,3,443,Loyal Customers
17256,2011-08-24 13:30:00,5,1496.79,107,3,4,2,342,Loyal Customers
17257,2010-09-29 12:51:00,2,578.19,436,1,3,1,131,Others
17258,2010-11-08 12:37:00,2,1251.9,397,2,3,2,232,Others
17259,2011-07-14 15:01:00,6,5668.02,148,3,4,4,344,Loyal Customers
17260,2010-10-24 13:21:00,1,362.85,411,2,2,1,221,Lost
17261,2010-07-18 11:49:00,1,691.32,510,1,2,1,121,Lost
17262,2011-10-18 12:56:00,11,8272.86,52,4,5,4,454,Champions
17263,2011-05-15 14:32:00,1,190.32,208,2,2,1,221,Lost
17264,2010-10-11 12:52:00,1,838.77,424,1,2,1,121,Lost
17265,2011-07-24 10:49:00,2,1688.7,139,3,3,2,332,Loyal Customers
17266,2011-12-07 14:12:00,5,1553.19,2,5,4,2,542,Loyal Customers
17267,2011-08-04 17:22:00,2,952.86,127,3,3,2,332,Loyal Customers
17268,2011-08-24 10:06:00,11,5201.67,108,3,5,4,354,Loyal Customers
17269,2010-11-19 11:12:00,1,1612.38,386,2,2,2,222,Lost
17270,2010-08-27 14:09:00,2,1813.2,469,1,3,2,132,Others
17271,2009-12-03 13:49:00,1,631.17,736,1,2,1,121,Lost
17272,2011-10-28 16:37:00,4,6445.89,42,4,4,4,444,Champions
17273,2010-10-11 15:57:00,1,423.36,424,1,2,1,121,Lost
17274,2011-11-04 13:16:00,2,1732.14,35,4,3,2,432,Loyal Customers
17275,2010-11-21 13:26:00,1,343.56,383,2,2,1,221,Lost
17276,2010-11-02 16:20:00,1,1525.17,402,2,2,2,222,Lost
17277,2011-04-26 12:47:00,2,3196.05,228,2,3,3,233,At Risk
17278,2011-04-12 13:10:00,2,813.72,241,2,3,1,231,Others
17279,2011-10-13 11:58:00,1,563.49,58,4,2,1,421,New Customers
17280,2010-09-27 16:46:00,1,356.58,438,1,2,1,121,Lost
17281,2010-11-30 18:05:00,6,2393.55,374,2,4,3,243,At Risk
17282,2011-08-01 14:29:00,5,7018.98,130,3,4,4,344,Loyal Customers
17283,2010-11-26 11:53:00,1,565.38,379,2,2,1,221,Lost
17284,2011-10-10 14:38:00,8,8379.48,60,3,5,4,354,Loyal Customers
17285,2010-03-21 13:38:00,2,1285.02,628,1,3,2,132,Others
17286,2011-11-18 12:47:00,3,1186.44,22,4,3,2,432,Loyal Customers
17287,2011-11-13 13:27:00,21,12335.88,26,4,5,5,455,Champions
17288,2011-11-30 16:09:00,11,7499.94,9,5,5,4,554,Champions
17289,2011-11-08 12:01:00,9,6238.17,32,4,5,4,454,Champions
17290,2011-12-06 12:38:00,8,4504.32,4,5,5,4,554,Champions
17291,2011-02-04 13:04:00,1,1652.4,308,2,2,2,222,Lost
17292,2010-08-24 17:14:00,2,815.25,472,1,3,1,131,Others
17293,2011-12-01 14:37:00,17,11322.69,8,5,5,5,555,Champions
17294,2010-02-08 16:12:00,2,1403.37,669,1,3,2,132,Others
17295,2011-11-11 10:49:00,3,1670.85,29,4,3,2,432,Loyal Customers
17296,2009-12-09 14:01:00,1,1014.39,730,1,2,2,122,Lost
17297,2011-11-22 14:43:00,1,395.34,17,5,2,1,521,New Customers
17298,2011-08-30 16:43:00,5,2872.68,101,3,4,3,343,Loyal Customers
17299,2011-11-28 12:01:00,6,3048.24,12,5,4,3,543,Loyal Customers
17300,2010-11-14 10:56:00,2,1180.92,391,2,3,2,232,Others
17301,2011-11-18 13:43:00,2,991.29,21,4,3,2,432,Loyal Customers
17302,2011-11-25 09:36:00,5,3406.89,15,5,4,3,543,Loyal Customers
17303,2010-12-13 13:32:00,1,750.12,361,2,2,1,221,Lost
17304,2010-06-23 16:23:00,1,334.5,534,1,2,1,121,Lost
17305,2010-03-01 12:47:00,1,6406.38,649,1,2,4,124,Lost
17306,2011-11-29 12:14:00,21,29347.05,11,5,5,5,555,Champions
17307,2010-11-09 13:40:00,11,11999.67,395,2,5,5,255,At Risk
17308,2010-11-11 13:19:00,2,13535.28,393,2,3,5,235,At Risk
17309,2011-09-05 15:20:00,3,991.77,95,3,3,2,332,Loyal Customers
17310,2010-11-17 16:00:00,2,3075.3,387,2,3,3,233,At Risk
17311,2011-09-22 14:11:00,6,10699.68,78,3,4,5,345,Loyal Customers
17312,2011-07-24 11:52:00,3,1932.9,139,3,3,3,333,Loyal Customers
17313,2011-11-08 15:45:00,1,6986.52,31,4,2,4,424,New Customers
17314,2011-11-15 09:41:00,17,14713.29,25,4,5,5,455,Champions
17315,2011-12-08 12:15:00,43,28951.8,2,5,5,5,555,Champions
17316,2010-10-15 14:35:00,1,373.35,420,1,2,1,121,Lost
17317,2011-10-24 17:19:00,3,7801.02,46,4,3,4,434,Loyal Customers
17318,2009-12-14 13:11:00,1,492.84,725,1,2,1,121,Lost
17319,2010-02-08 15:47:00,1,87.3,669,1,2,1,121,Lost
17320,2011-08-31 13:31:00,6,8687.31,100,3,4,4,344,Loyal Customers
17321,2011-12-01 13:41:00,6,5223.54,8,5,4,4,544,Champions
17322,2010-11-28 14:41:00,5,2767.77,376,2,4,3,243,At Risk
17323,2011-11-24 17:29:00,12,4696.77,15,5,5,4,554,Champions
17324,2011-11-22 10:34:00,12,6905.61,18,5,5,4,554,Champions
17325,2011-03-04 13:09:00,3,1828.71,280,2,3,2,232,Others
17326,2010-10-27 15:38:00,2,965.85,408,2,3,2,232,Others
17327,2010-10-26 09:54:00,2,457.05,410,2,3,1,231,Others
17328,2010-02-04 17:11:00,1,314.1,673,1,2,1,121,Lost
17329,2011-11-25 14:24:00,5,3013.29,14,5,4,3,543,Loyal Customers
17330,2011-11-17 08:56:00,4,1271.4,23,4,4,2,442,Loyal Customers
17331,2011-08-08 11:55:00,1,525.6,124,3,2,1,321,Others
17332,2010-06-29 16:10:00,5,2514.81,528,1,4,3,143,At Risk
17333,2011-09-15 10:11:00,1,1482.75,86,3,2,2,322,Others
17334,2011-02-10 14:59:00,3,1905.45,302,2,3,3,233,At Risk
17335,2010-11-21 10:17:00,2,1524.0,384,2,3,2,232,Others
17336,2010-08-24 15:37:00,1,243.36,472,1,2,1,121,Lost
17337,2011-07-11 14:55:00,4,6083.61,151,3,4,4,344,Loyal Customers
17338,2011-11-22 14:23:00,17,36427.71,17,5,5,5,555,Champions
17339,2011-09-06 13:29:00,3,1087.08,94,3,3,2,332,Loyal Customers
17340,2011-11-10 10:45:00,18,67214.46,30,4,5,5,455,Champions
17341,2011-07-06 12:33:00,5,5669.49,157,3,4,4,344,Loyal Customers
17342,2010-11-25 11:07:00,4,3682.62,380,2,4,3,243,At Risk
17343,2010-12-19 15:07:00,6,3779.82,355,2,4,4,244,At Risk
17344,2011-10-24 12:56:00,2,1404.33,46,4,3,2,432,Loyal Customers
17345,2011-11-24 15:03:00,10,4814.04,15,5,5,4,554,Champions
17346,2011-12-06 12:18:00,26,15969.0,4,5,5,5,555,Champions
17347,2011-09-14 13:12:00,1,686.88,86,3,2,1,321,Others
17348,2011-11-25 11:25:00,9,7429.23,15,5,5,4,554,Champions
17349,2011-06-13 14:29:00,5,2556.75,179,3,4,3,343,Loyal Customers
17350,2011-12-01 15:47:00,7,5718.12,8,5,4,4,544,Champions
17351,2011-11-03 18:45:00,12,5964.69,36,4,5,4,454,Champions
17352,2010-01-12 16:13:00,1,108.75,696,1,2,1,121,Lost
17353,2011-08-02 17:19:00,4,9726.0,129,3,4,5,345,Loyal Customers
17354,2011-10-20 10:34:00,4,9430.38,51,4,4,5,445,Champions
17355,2010-11-18 13:18:00,1,855.33,386,2,2,1,221,Lost
17356,2011-02-01 11:07:00,5,2839.41,312,2,4,3,243,At Risk
17357,2011-11-15 16:30:00,2,1164.42,24,4,3,2,432,Loyal Customers
17358,2011-02-09 16:57:00,5,2598.15,303,2,4,3,243,At Risk
17359,2011-11-28 14:37:00,2,853.38,11,5,3,1,531,Loyal Customers
17360,2011-11-22 13:11:00,6,3694.14,17,5,4,3,543,Loyal Customers
17361,2011-10-21 15:43:00,5,2641.92,49,4,4,3,443,Loyal Customers
17362,2011-04-14 14:43:00,7,3072.12,239,2,4,3,243,At Risk
17363,2010-11-09 17:11:00,3,2822.58,395,2,3,3,233,At Risk
17364,2011-12-09 09:00:00,28,36211.26,1,5,5,5,555,Champions
17365,2011-11-27 12:13:00,15,24674.94,13,5,5,5,555,Champions
17366,2010-10-03 16:04:00,2,3288.72,432,1,3,3,133,At Risk
17367,2011-04-15 14:21:00,1,505.2,238,2,2,1,221,Lost
17368,2011-11-16 15:26:00,14,8478.42,23,4,5,4,454,Champions
17369,2010-09-10 09:49:00,1,2937.6,456,1,2,3,123,Lost
17370,2011-09-28 10:14:00,4,1338.54,73,3,4,2,342,Loyal Customers
17371,2011-11-22 13:30:00,6,1987.65,17,5,4,3,543,Loyal Customers
17372,2011-10-30 11:37:00,28,13132.68,41,4,5,5,455,Champions
17373,2011-10-30 15:28:00,7,3502.5,40,4,4,3,443,Loyal Customers
17374,2011-05-05 09:05:00,3,2181.33,219,2,3,3,233,At Risk
17375,2011-05-24 15:45:00,4,1981.65,199,2,4,3,243,At Risk
17376,2011-09-30 12:36:00,4,1360.92,71,3,4,2,342,Loyal Customers
17377,2011-11-16 11:17:00,78,54958.23,24,4,5,5,455,Champions
17378,2010-11-30 18:46:00,1,32.85,374,2,2,1,221,Lost
17379,2011-11-28 13:56:00,1,1213.98,11,5,2,2,522,New Customers
17380,2010-10-01 16:42:00,3,1935.0,434,1,3,3,133,At Risk
17381,2011-12-01 11:59:00,38,120007.11,9,5,5,5,555,Champions
17382,2011-10-05 13:05:00,8,2706.84,65,3,5,3,353,Loyal Customers
17383,2011-12-05 17:36:00,2,929.97,4,5,3,2,532,Loyal Customers
17384,2011-11-20 15:48:00,3,1522.65,19,5,3,2,532,Loyal Customers
17385,2011-11-25 11:02:00,1,783.33,15,5,2,1,521,New Customers
17386,2011-12-02 11:28:00,7,8438.31,8,5,4,4,544,Champions
17387,2011-11-20 11:00:00,2,2352.33,20,4,3,3,433,Loyal Customers
17388,2011-09-23 10:31:00,11,8074.71,78,3,5,4,354,Loyal Customers
17389,2011-12-09 09:38:00,61,171674.04,1,5,5,5,555,Champions
17390,2010-10-15 11:29:00,1,447.9,421,1,2,1,121,Lost
17391,2011-06-29 09:58:00,2,1526.4,164,3,3,2,332,Loyal Customers
17392,2011-02-06 12:48:00,3,1879.68,307,2,3,3,233,At Risk
17393,2010-10-25 11:10:00,2,1143.45,411,2,3,2,232,Others
17394,2011-05-04 13:22:00,1,611.61,219,2,2,1,221,Lost
17395,2010-07-19 15:34:00,1,292.5,508,1,2,1,121,Lost
17396,2011-10-31 14:12:00,14,26421.3,39,4,5,5,455,Champions
17397,2011-11-17 14:08:00,3,3699.54,22,4,3,3,433,Loyal Customers
17398,2011-08-17 09:48:00,3,1960.14,115,3,3,3,333,Loyal Customers
17400,2011-08-05 15:38:00,8,14031.15,126,3,5,5,355,Loyal Customers
17401,2010-06-16 16:54:00,1,344.55,541,1,2,1,121,Lost
17402,2011-12-05 10:15:00,23,15288.54,5,5,5,5,555,Champions
17403,2011-11-03 15:18:00,2,1201.71,36,4,3,2,432,Loyal Customers
17404,2011-12-05 16:26:00,23,143343.36,4,5,5,5,555,Champions
17405,2011-12-08 17:12:00,3,3094.23,1,5,3,3,533,Loyal Customers
17406,2011-01-10 15:07:00,13,14715.15,333,2,5,5,255,At Risk
17407,2010-10-24 11:57:00,1,1658.7,412,1,2,2,122,Lost
17408,2011-06-29 12:53:00,3,948.27,163,3,3,2,332,Loyal Customers
17409,2011-06-08 10:36:00,10,23380.53,185,3,5,5,355,Loyal Customers
17410,2011-11-23 15:46:00,5,3644.16,16,5,4,3,543,Loyal Customers
17411,2011-11-27 14:25:00,5,4276.14,12,5,4,4,544,Champions
17412,2011-12-07 11:36:00,16,13252.56,3,5,5,5,555,Champions
17413,2010-10-31 12:33:00,2,1680.42,405,2,3,2,232,Others
17414,2011-10-27 12:13:00,6,6748.56,44,4,4,4,444,Champions
17415,2011-09-21 12:50:00,1,1523.52,80,3,2,2,322,Others
17416,2011-11-10 12:47:00,22,51895.35,30,4,5,5,455,Champions
17417,2010-06-09 10:00:00,1,492.54,549,1,2,1,121,Lost
17418,2011-10-28 13:00:00,3,2010.18,42,4,3,3,433,Loyal Customers
17419,2011-11-28 13:47:00,18,19501.56,11,5,5,5,555,Champions
17420,2011-10-20 14:52:00,6,3253.29,50,4,4,3,443,Loyal Customers
17421,2010-11-18 16:57:00,3,3178.23,386,2,3,3,233,At Risk
17422,2011-11-23 13:27:00,11,10784.28,16,5,5,5,555,Champions
17423,2011-10-24 13:36:00,3,3356.85,46,4,3,3,433,Loyal Customers
17425,2011-11-20 15:30:00,2,2277.51,19,5,3,3,533,Loyal Customers
17426,2011-12-01 18:07:00,13,24233.31,8,5,5,5,555,Champions
17427,2011-09-29 11:29:00,1,302.4,72,3,2,1,321,Others
17428,2011-12-09 09:45:00,45,95459.28,1,5,5,5,555,Champions
17429,2011-08-03 13:22:00,5,4072.38,128,3,4,4,344,Loyal Customers
17430,2011-11-07 09:24:00,4,2205.51,33,4,4,3,443,Loyal Customers
17431,2011-01-30 14:36:00,1,1209.9,313,2,2,2,222,Lost
17432,2011-11-21 17:33:00,9,5254.17,18,5,5,4,554,Champions
17433,2011-09-12 14:24:00,2,1709.88,88,3,3,2,332,Loyal Customers
17434,2011-12-07 13:16:00,7,7121.46,2,5,4,4,544,Champions
17435,2010-10-24 13:55:00,1,994.05,411,2,2,2,222,Lost
17436,2011-12-08 12:30:00,5,1602.18,2,5,4,2,542,Loyal Customers
17437,2010-06-28 11:11:00,1,1119.51,530,1,2,2,122,Lost
17438,2011-03-31 10:26:00,5,4268.31,254,2,4,4,244,At Risk
17439,2010-02-22 12:48:00,1,977.22,656,1,2,2,122,Lost
17440,2011-07-06 11:54:00,4,970.74,157,3,4,2,342,Loyal Customers
17441,2009-12-07 13:32:00,1,880.05,732,1,2,2,122,Lost
17442,2011-11-03 09:17:00,15,13860.9,37,4,5,5,455,Champions
17443,2011-05-04 10:47:00,1,1602.72,220,2,2,2,222,Lost
17444,2011-07-15 12:05:00,3,8820.12,148,3,3,4,334,Loyal Customers
17446,2011-06-16 10:42:00,2,362.7,177,3,3,1,331,Loyal Customers
17447,2011-10-30 14:18:00,2,1624.59,40,4,3,2,432,Loyal Customers
17448,2010-07-30 14:07:00,46,43670.91,497,1,5,5,155,At Risk
17449,2011-12-07 16:56:00,13,14853.45,2,5,5,5,555,Champions
17450,2011-12-01 13:29:00,51,740919.27,8,5,5,5,555,Champions
17451,2011-12-08 15:02:00,7,5164.2,1,5,4,4,544,Champions
17453,2011-11-22 09:42:00,2,1460.16,18,5,3,2,532,Loyal Customers
17454,2011-05-31 13:58:00,10,4643.82,192,2,5,4,254,At Risk
17455,2011-05-20 12:31:00,1,395.1,204,2,2,1,221,Lost
17456,2010-12-09 15:23:00,2,3676.26,365,2,3,3,233,At Risk
17457,2011-08-05 12:48:00,14,17954.43,127,3,5,5,355,Loyal Customers
17458,2011-11-24 13:01:00,2,1588.74,15,5,3,2,532,Loyal Customers
17459,2011-10-27 13:25:00,2,1971.9,43,4,3,3,433,Loyal Customers
17460,2011-09-06 15:04:00,16,6684.81,94,3,5,4,354,Loyal Customers
17461,2011-11-17 10:21:00,3,2272.38,23,4,3,3,433,Loyal Customers
17462,2011-10-10 13:56:00,2,2027.07,60,3,3,3,333,Loyal Customers
17463,2011-11-23 13:40:00,7,7673.73,16,5,4,4,544,Champions
17464,2011-07-04 13:19:00,3,3002.82,158,3,3,3,333,Loyal Customers
17465,2010-10-10 11:56:00,7,7628.37,426,1,4,4,144,At Risk
17466,2011-11-29 13:15:00,2,2289.84,10,5,3,3,533,Loyal Customers
17467,2010-11-09 12:58:00,1,307.8,395,2,2,1,221,Lost
17468,2011-11-29 15:33:00,3,584.4,10,5,3,1,531,Loyal Customers
17469,2011-11-23 13:15:00,17,15153.75,16,5,5,5,555,Champions
17470,2011-10-26 12:42:00,11,8414.61,45,4,5,4,454,Champions
17471,2010-08-22 11:53:00,1,964.95,475,1,2,2,122,Lost
17472,2011-06-01 14:57:00,4,2805.3,191,2,4,3,243,At Risk
17473,2010-10-27 11:45:00,2,1821.0,409,2,3,2,232,Others
17474,2010-04-19 10:43:00,1,3141.0,600,1,2,3,123,Lost
17475,2011-09-21 14:55:00,1,583.11,79,3,2,1,321,Others
17476,2010-11-09 10:21:00,2,1469.58,396,2,3,2,232,Others
17477,2010-04-06 10:06:00,2,3432.9,613,1,3,3,133,At Risk
17478,2010-10-27 15:01:00,2,3818.4,408,2,3,4,234,At Risk
17479,2010-03-17 09:26:00,1,1167.78,633,1,2,2,122,Lost
17480,2011-09-23 11:39:00,2,2706.09,78,3,3,3,333,Loyal Customers
17481,2011-12-06 12:28:00,4,3766.77,4,5,4,4,544,Champions
17482,2010-08-09 15:33:00,2,2334.57,487,1,3,3,133,At Risk
17483,2011-10-05 13:10:00,4,1775.19,65,3,4,2,342,Loyal Customers
17484,2010-05-12 15:41:00,2,628.71,576,1,3,1,131,Others
17486,2011-03-23 14:00:00,1,1190.61,261,2,2,2,222,Lost
17487,2009-12-11 15:06:00,1,481.65,728,1,2,1,121,Lost
17488,2010-03-08 14:07:00,1,1009.5,641,1,2,2,122,Lost
17489,2011-10-12 08:56:00,2,1129.92,59,4,3,2,432,Loyal Customers
17490,2011-12-09 09:08:00,9,8251.5,1,5,5,4,554,Champions
17491,2011-12-08 16:18:00,17,17943.21,1,5,5,5,555,Champions
17492,2011-04-05 15:21:00,3,3367.26,248,2,3,3,233,At Risk
17493,2010-11-19 16:57:00,1,302.73,385,2,2,1,221,Lost
17494,2010-07-26 10:06:00,1,164.1,502,1,2,1,121,Lost
17495,2011-12-02 12:08:00,3,2420.16,8,5,3,3,533,Loyal Customers
17496,2010-12-16 08:39:00,4,4238.67,359,2,4,4,244,At Risk
17497,2010-11-14 14:17:00,2,861.75,390,2,3,1,231,Others
17498,2011-09-25 12:25:00,1,816.66,76,3,2,1,321,Others
17499,2011-02-23 09:14:00,2,4024.17,290,2,3,4,234,At Risk
17500,2011-11-22 14:25:00,3,3414.0,17,5,3,3,533,Loyal Customers
17501,2011-05-03 09:47:00,2,865.8,221,2,3,1,231,Others
17502,2011-11-30 13:13:00,4,2067.3,9,5,4,3,543,Loyal Customers
17503,2011-12-07 09:18:00,2,1676.88,3,5,3,2,532,Loyal Customers
17504,2011-05-17 12:59:00,18,28695.36,206,2,5,5,255,At Risk
17505,2011-07-01 12:50:00,5,7306.44,162,3,4,4,344,Loyal Customers
17506,2011-09-25 11:39:00,1,906.6,76,3,2,2,322,Others
17507,2011-03-23 11:48:00,2,1816.74,262,2,3,2,232,Others
17508,2011-03-04 08:10:00,8,13737.69,281,2,5,5,255,At Risk
17509,2011-10-13 10:26:00,8,18345.42,58,4,5,5,455,Champions
17510,2011-11-15 10:00:00,2,1543.68,25,4,3,2,432,Loyal Customers
17511,2011-12-07 10:12:00,60,526810.65,3,5,5,5,555,Champions
17512,2011-11-11 12:11:00,18,16403.46,29,4,5,5,455,Champions
17513,2011-09-28 16:42:00,3,3476.4,72,3,3,3,333,Loyal Customers
17514,2011-08-03 15:45:00,2,1628.49,128,3,3,2,332,Loyal Customers
17515,2011-11-08 14:04:00,9,4852.38,31,4,5,4,454,Champions
17516,2011-11-24 16:51:00,6,2872.65,15,5,4,3,543,Loyal Customers
17517,2011-02-04 11:48:00,1,461.82,309,2,2,1,221,Lost
17518,2010-10-10 12:40:00,2,988.26,426,1,3,2,132,Others
17519,2011-11-22 16:43:00,15,15328.41,17,5,5,5,555,Champions
17520,2011-10-17 12:04:00,1,1640.43,54,4,2,2,422,New Customers
17521,2011-11-10 11:22:00,5,3834.18,30,4,4,4,444,Champions
17522,2011-12-08 12:31:00,5,3212.13,2,5,4,3,543,Loyal Customers
17523,2011-11-28 13:20:00,4,1958.22,11,5,4,3,543,Loyal Customers
17524,2010-12-13 14:32:00,3,1617.42,361,2,3,2,232,Others
17525,2010-12-15 12:05:00,3,3485.7,360,2,3,3,233,At Risk
17526,2011-12-05 11:05:00,12,12498.12,5,5,5,5,555,Champions
17527,2011-10-17 12:32:00,4,2818.11,54,4,4,3,443,Loyal Customers
17528,2011-12-08 13:27:00,8,10885.5,1,5,5,5,555,Champions
17529,2010-04-08 17:51:00,2,3720.75,610,1,3,3,133,At Risk
17530,2011-12-08 18:42:00,12,9424.53,1,5,5,5,555,Champions
17531,2011-06-02 19:17:00,3,3800.46,190,2,3,4,234,At Risk
17532,2010-11-19 08:13:00,1,196.02,386,2,2,1,221,Lost
17533,2010-10-01 09:14:00,1,104.4,435,1,2,1,121,Lost
17534,2011-10-17 12:47:00,5,5006.49,54,4,4,4,444,Champions
17535,2011-03-04 15:20:00,1,493.2,280,2,2,1,221,Lost
17536,2011-06-15 13:23:00,3,1094.49,177,3,3,2,332,Loyal Customers
17537,2011-11-10 10:56:00,2,2692.86,30,4,3,3,433,Loyal Customers
17538,2011-11-14 12:12:00,1,295.26,26,4,2,1,421,New Customers
17539,2010-04-01 12:07:00,4,3679.71,618,1,4,3,143,At Risk
17540,2011-11-15 11:56:00,6,4771.8,25,4,4,4,444,Champions
17541,2010-07-18 11:36:00,1,373.38,510,1,2,1,121,Lost
17542,2011-03-15 11:45:00,3,1025.1,270,2,3,2,232,Others
17543,2010-06-08 12:41:00,1,360.15,550,1,2,1,121,Lost
17544,2010-11-14 15:08:00,3,2882.07,390,2,3,3,233,At Risk
17545,2011-10-27 14:04:00,6,4345.62,43,4,4,4,444,Champions
17547,2010-11-29 09:41:00,2,2183.55,376,2,3,3,233,At Risk
17548,2011-04-20 12:01:00,4,2193.78,234,2,4,3,243,At Risk
17549,2011-11-16 09:59:00,2,446.58,24,4,3,1,431,Loyal Customers
17550,2011-05-26 14:09:00,9,7642.92,197,2,5,4,254,At Risk
17551,2010-12-15 14:12:00,1,920.52,359,2,2,2,222,Lost
17552,2011-10-10 17:00:00,12,9255.87,60,3,5,5,355,Loyal Customers
17553,2011-08-02 10:00:00,4,11272.8,130,3,4,5,345,Loyal Customers
17554,2011-12-08 14:15:00,5,5857.35,1,5,4,4,544,Champions
17555,2011-11-20 12:22:00,5,3173.22,20,4,4,3,443,Loyal Customers
17556,2011-05-18 10:48:00,2,902.01,206,2,3,2,232,Others
17557,2011-11-25 12:57:00,4,1726.38,14,5,4,2,542,Loyal Customers
17558,2010-11-11 14:36:00,1,777.51,393,2,2,1,221,Lost
17559,2010-07-15 12:02:00,1,502.86,513,1,2,1,121,Lost
17560,2011-09-06 09:18:00,9,5687.4,95,3,5,4,354,Loyal Customers
17561,2011-11-20 12:53:00,4,2167.02,19,5,4,3,543,Loyal Customers
17562,2011-11-25 14:21:00,7,3367.14,14,5,4,3,543,Loyal Customers
17563,2010-05-10 14:54:00,2,1177.14,578,1,3,2,132,Others
17564,2011-11-15 13:27:00,3,1362.03,24,4,3,2,432,Loyal Customers
17565,2010-05-02 11:54:00,1,395.49,587,1,2,1,121,Lost
17566,2011-12-01 19:54:00,2,2703.63,8,5,3,3,533,Loyal Customers
17567,2011-12-02 15:48:00,9,16068.09,7,5,5,5,555,Champions
17568,2010-03-16 16:45:00,1,1148.37,633,1,2,2,122,Lost
17569,2011-01-11 14:15:00,1,1032.42,332,2,2,2,222,Lost
17570,2010-11-23 11:56:00,1,300.0,382,2,2,1,221,Lost
17571,2011-10-20 15:57:00,5,5111.25,50,4,4,4,444,Champions
17572,2011-09-29 17:53:00,10,2169.03,71,3,5,3,353,Loyal Customers
17573,2011-11-10 13:01:00,3,1141.8,29,4,3,2,432,Loyal Customers
17574,2011-04-11 09:47:00,1,556.95,243,2,2,1,221,Lost
17575,2010-02-10 13:48:00,1,515.1,667,1,2,1,121,Lost
17576,2011-12-01 17:56:00,41,27170.43,8,5,5,5,555,Champions
17577,2010-03-04 13:01:00,2,1046.25,645,1,3,2,132,Others
17578,2011-05-05 18:38:00,7,3141.99,218,2,4,3,243,At Risk
17579,2011-12-05 12:28:00,4,2259.84,5,5,4,3,543,Loyal Customers
17580,2011-04-01 12:41:00,5,1635.81,253,2,4,2,242,Others
17581,2011-12-09 12:21:00,43,56273.25,1,5,5,5,555,Champions
17582,2011-04-17 13:18:00,5,4352.1,236,2,4,4,244,At Risk
17583,2010-05-28 14:24:00,1,407.85,560,1,2,1,121,Lost
17584,2011-12-02 17:12:00,6,15928.26,7,5,4,5,545,Champions
17585,2011-08-22 13:30:00,7,6279.9,109,3,4,4,344,Loyal Customers
17586,2010-03-30 13:12:00,1,502.2,619,1,2,1,121,Lost
17587,2010-03-21 14:16:00,1,544.98,628,1,2,1,121,Lost
17588,2011-08-31 13:37:00,7,8818.65,100,3,4,4,344,Loyal Customers
17589,2011-10-10 16:58:00,18,42149.61,60,3,5,5,355,Loyal Customers
17590,2011-12-07 12:55:00,3,4437.66,2,5,3,4,534,Loyal Customers
17591,2011-09-27 13:42:00,8,8330.01,73,3,5,4,354,Loyal Customers
17592,2009-12-01 10:49:00,1,444.9,739,1,2,1,121,Lost
17593,2011-12-06 10:30:00,11,24287.4,4,5,5,5,555,Champions
17594,2011-09-15 16:34:00,4,7493.64,85,3,4,4,344,Loyal Customers
17595,2011-11-27 16:08:00,2,1166.37,12,5,3,2,532,Loyal Customers
17596,2011-11-16 14:11:00,13,14762.01,23,4,5,5,455,Champions
17597,2011-05-10 11:54:00,5,10452.27,214,2,4,5,245,At Risk
17598,2010-11-23 17:43:00,1,1229.94,381,2,2,2,222,Lost
17599,2010-08-19 12:50:00,1,156.15,478,1,2,1,121,Lost
17600,2011-11-22 09:43:00,1,485.01,18,5,2,1,521,New Customers
17601,2011-04-14 18:02:00,2,1264.44,239,2,3,2,232,Others
17602,2011-12-07 13:53:00,14,22353.39,2,5,5,5,555,Champions
17603,2011-09-22 14:18:00,4,5380.44,78,3,4,4,344,Loyal Customers
17604,2011-05-06 13:43:00,6,2837.79,217,2,4,3,243,At Risk
17605,2010-04-28 14:45:00,1,482.25,590,1,2,1,121,Lost
17606,2009-12-02 13:32:00,1,261.9,737,1,2,1,121,Lost
17607,2010-11-28 13:11:00,1,1001.43,376,2,2,2,222,Lost
17608,2011-11-06 13:06:00,4,1495.59,33,4,4,2,442,Loyal Customers
17609,2011-10-30 12:28:00,11,5683.02,41,4,5,4,454,Champions
17610,2010-06-17 16:34:00,5,4588.47,540,1,4,4,144,At Risk
17611,2011-12-02 13:29:00,28,25115.94,7,5,5,5,555,Champions
17612,2011-10-17 14:59:00,18,16184.58,53,4,5,5,455,Champions
17613,2011-11-17 10:51:00,14,13677.45,23,4,5,5,455,Champions
17614,2011-10-13 16:01:00,1,1170.21,57,4,2,2,422,New Customers
17615,2011-08-01 14:06:00,6,2199.6,130,3,4,3,343,Loyal Customers
17616,2011-06-19 10:11:00,4,3182.4,174,3,4,3,343,Loyal Customers
17617,2010-05-30 12:48:00,1,1185.99,559,1,2,2,122,Lost
17618,2011-12-04 11:50:00,11,12219.72,6,5,5,5,555,Champions
17619,2011-01-31 14:18:00,1,655.56,312,2,2,1,221,Lost
17620,2011-10-11 12:08:00,1,244.32,60,3,2,1,321,Others
17621,2011-11-18 17:11:00,6,9525.36,21,4,4,5,445,Champions
17622,2010-04-21 12:36:00,2,3390.63,598,1,3,3,133,At Risk
17623,2011-11-07 11:32:00,7,7151.01,33,4,4,4,444,Champions
17624,2011-11-25 10:52:00,4,4705.89,15,5,4,4,544,Champions
17625,2011-11-21 13:36:00,8,18203.4,18,5,5,5,555,Champions
17626,2010-04-16 12:15:00,1,762.0,603,1,2,1,121,Lost
17627,2010-08-18 11:27:00,1,889.08,479,1,2,2,122,Lost
17628,2011-09-19 15:21:00,1,227.25,81,3,2,1,321,Others
17629,2011-12-04 10:56:00,10,7366.56,6,5,5,4,554,Champions
17630,2011-06-23 11:58:00,2,1510.8,170,3,3,2,332,Loyal Customers
17631,2011-12-08 09:47:00,7,2995.47,2,5,4,3,543,Loyal Customers
17633,2011-11-08 13:25:00,7,6172.17,31,4,4,4,444,Champions
17634,2011-11-03 13:09:00,9,7085.91,36,4,5,4,454,Champions
17635,2010-10-11 15:12:00,3,3796.74,424,1,3,4,134,At Risk
17636,2011-11-20 14:40:00,1,856.68,19,5,2,1,521,New Customers
17637,2011-11-08 12:51:00,2,1641.18,31,4,3,2,432,Loyal Customers
17638,2010-03-02 14:32:00,2,2527.2,647,1,3,3,133,At Risk
17639,2011-03-08 15:22:00,6,1845.51,276,2,4,2,242,Others
17640,2011-09-14 09:13:00,6,9506.82,87,3,4,5,345,Loyal Customers
17642,2011-08-12 09:11:00,5,5473.47,120,3,4,4,344,Loyal Customers
17643,2010-12-01 14:38:00,2,1623.75,373,2,3,2,232,Others
17644,2011-12-08 13:43:00,20,18085.8,1,5,5,5,555,Champions
17646,2011-05-04 13:17:00,12,12449.37,219,2,5,5,255,At Risk
17647,2011-10-05 15:38:00,3,994.98,65,3,3,2,332,Loyal Customers
17648,2011-10-10 09:41:00,5,6649.11,61,3,4,4,344,Loyal Customers
17649,2011-07-24 15:53:00,3,4736.67,138,3,3,4,334,Loyal Customers
17650,2011-11-18 14:52:00,1,498.24,21,4,2,1,421,New Customers
17651,2011-11-28 10:29:00,16,17110.56,12,5,5,5,555,Champions
17652,2011-11-14 12:55:00,12,14603.16,25,4,5,5,455,Champions
17653,2011-11-03 12:46:00,4,3622.68,37,4,4,3,443,Loyal Customers
17654,2011-03-07 13:17:00,1,352.65,277,2,2,1,221,Lost
17655,2011-11-29 11:34:00,9,10957.44,11,5,5,5,555,Champions
17656,2011-09-27 13:04:00,5,5024.07,73,3,4,4,344,Loyal Customers
17657,2010-10-05 14:52:00,1,378.0,430,1,2,1,121,Lost
17658,2011-11-14 12:07:00,2,1786.26,26,4,3,2,432,Loyal Customers
17659,2011-11-22 13:29:00,14,11504.37,17,5,5,5,555,Champions
17660,2011-07-21 13:37:00,2,1078.41,141,3,3,2,332,Loyal Customers
17662,2010-02-16 09:38:00,2,1238.76,662,1,3,2,132,Others
17663,2011-11-14 08:56:00,17,15527.49,26,4,5,5,455,Champions
17664,2011-11-21 11:29:00,4,3498.69,19,5,4,3,543,Loyal Customers
17665,2010-08-03 13:12:00,1,1689.3,493,1,2,2,122,Lost
17666,2011-12-06 09:06:00,5,6143.4,4,5,4,4,544,Champions
17667,2011-10-04 14:32:00,9,11852.1,66,3,5,5,355,Loyal Customers
17668,2011-12-08 13:25:00,2,1043.25,1,5,3,2,532,Loyal Customers
17669,2011-10-28 08:53:00,10,18427.05,43,4,5,5,455,Champions
17670,2011-04-26 09:12:00,1,617.1,228,2,2,1,221,Lost
17671,2011-11-24 12:21:00,5,7210.02,16,5,4,4,544,Champions
17672,2011-10-20 14:18:00,7,17335.89,50,4,4,5,445,Champions
17673,2011-12-08 12:50:00,13,12700.74,2,5,5,5,555,Champions
17674,2011-09-26 13:35:00,2,2555.1,74,3,3,3,333,Loyal Customers
17675,2011-12-08 18:03:00,70,114778.8,1,5,5,5,555,Champions
17676,2011-12-05 15:16:00,10,8297.52,4,5,5,4,554,Champions
17677,2011-12-08 09:56:00,54,110078.73,2,5,5,5,555,Champions
17678,2011-03-21 11:52:00,2,1799.28,264,2,3,2,232,Others
17679,2011-10-18 07:43:00,7,10732.83,53,4,4,5,445,Champions
17680,2011-11-16 12:42:00,3,1492.35,24,4,3,2,432,Loyal Customers
17681,2010-04-21 17:22:00,5,2193.6,597,1,4,3,143,At Risk
17682,2011-11-29 15:59:00,11,13370.34,10,5,5,5,555,Champions
17683,2010-11-19 10:11:00,3,2457.03,386,2,3,3,233,At Risk
17684,2011-10-27 11:10:00,1,718.23,44,4,2,1,421,New Customers
17685,2011-11-23 11:36:00,12,17829.51,17,5,5,5,555,Champions
17686,2011-12-02 15:39:00,9,24890.43,7,5,5,5,555,Champions
17687,2010-10-15 12:30:00,1,1298.04,421,1,2,2,122,Lost
17688,2010-11-11 10:41:00,1,912.6,394,2,2,2,222,Lost
17689,2010-11-16 13:22:00,2,951.24,388,2,3,2,232,Others
17690,2011-11-09 15:17:00,20,22344.3,30,4,5,5,455,Champions
17691,2010-12-16 17:20:00,4,2340.15,358,2,4,3,243,At Risk
17692,2011-08-04 14:01:00,12,8927.4,127,3,5,5,355,Loyal Customers
17693,2011-07-25 15:48:00,1,601.41,137,3,2,1,321,Others
17694,2011-07-21 12:00:00,3,5087.91,142,3,3,4,334,Loyal Customers
17695,2011-07-31 10:40:00,5,5238.12,132,3,4,4,344,Loyal Customers
17696,2011-11-01 13:43:00,27,23038.77,38,4,5,5,455,Champions
17697,2011-04-17 15:40:00,1,1016.85,236,2,2,2,222,Lost
17698,2011-03-24 11:34:00,1,464.85,261,2,2,1,221,Lost
17699,2010-08-20 09:39:00,2,1326.0,477,1,3,2,132,Others
17700,2011-11-23 11:51:00,14,20039.91,17,5,5,5,555,Champions
17701,2011-04-01 12:25:00,1,1253.85,253,2,2,2,222,Lost
17702,2011-11-09 16:03:00,6,9432.12,30,4,4,5,445,Champions
17703,2011-11-04 15:51:00,4,3284.52,35,4,4,3,443,Loyal Customers
17704,2011-06-24 09:40:00,2,2655.57,169,3,3,3,333,Loyal Customers
17705,2011-12-06 13:45:00,11,6251.7,3,5,5,4,554,Champions
17706,2011-12-05 13:34:00,31,62249.94,4,5,5,5,555,Champions
17707,2011-06-07 15:03:00,8,1827.9,185,3,5,2,352,Loyal Customers
17708,2011-06-05 10:12:00,4,2663.79,188,3,4,3,343,Loyal Customers
17709,2011-06-23 11:55:00,5,2013.03,170,3,4,3,343,Loyal Customers
17710,2010-10-12 07:49:00,1,880.5,424,1,2,2,122,Lost
17711,2011-11-29 11:40:00,2,1155.3,11,5,3,2,532,Loyal Customers
17712,2011-10-26 12:28:00,1,1568.73,45,4,2,2,422,New Customers
17713,2010-11-22 16:50:00,4,3594.27,382,2,4,3,243,At Risk
17714,2011-01-23 10:32:00,5,4230.54,321,2,4,4,244,At Risk
17715,2011-05-23 12:32:00,2,1468.8,201,2,3,2,232,Others
17716,2011-11-17 12:00:00,24,47870.91,23,4,5,5,455,Champions
17717,2010-10-14 12:54:00,1,1130.76,421,1,2,2,122,Lost
17718,2011-04-21 13:39:00,2,1317.54,232,2,3,2,232,Others
17719,2011-11-02 10:36:00,15,16188.12,38,4,5,5,455,Champions
17720,2011-11-13 15:04:00,10,8306.73,26,4,5,4,454,Champions
17721,2010-02-18 15:18:00,1,921.63,659,1,2,2,122,Lost
17722,2011-09-04 15:22:00,5,13291.08,96,3,4,5,345,Loyal Customers
17723,2011-08-04 18:37:00,7,10135.2,127,3,4,5,345,Loyal Customers
17724,2011-09-29 15:26:00,3,3099.0,71,3,3,3,333,Loyal Customers
17725,2011-11-23 16:34:00,11,10317.24,16,5,5,5,555,Champions
17726,2010-11-09 13:37:00,7,3276.18,395,2,4,3,243,At Risk
17727,2011-11-24 17:06:00,1,3180.75,15,5,2,3,523,New Customers
17728,2011-12-06 08:52:00,5,12716.28,4,5,4,5,545,Champions
17729,2010-04-22 15:03:00,1,1315.95,596,1,2,2,122,Lost
17730,2011-12-06 15:43:00,20,23321.4,3,5,5,5,555,Champions
17731,2011-09-21 15:02:00,6,5126.97,79,3,4,4,344,Loyal Customers
17732,2010-12-02 09:29:00,8,7411.17,373,2,5,4,254,At Risk
17733,2011-11-01 08:16:00,2,2076.57,39,4,3,3,433,Loyal Customers
17734,2011-10-17 12:33:00,6,4326.96,54,4,4,4,444,Champions
17735,2011-12-07 16:47:00,26,51734.79,2,5,5,5,555,Champions
17736,2011-11-30 15:36:00,3,1132.32,9,5,3,2,532,Loyal Customers
17737,2011-11-30 15:16:00,2,504.72,9,5,3,1,531,Loyal Customers
17738,2011-11-20 15:05:00,13,12550.68,19,5,5,5,555,Champions
17739,2011-11-28 09:12:00,18,23191.77,12,5,5,5,555,Champions
17740,2010-11-15 16:33:00,6,1280.7,389,2,4,2,242,Others
17741,2010-10-29 11:59:00,2,303.3,407,2,3,1,231,Others
17742,2011-08-18 15:28:00,11,6295.44,113,3,5,4,354,Loyal Customers
17743,2010-09-17 14:54:00,1,687.6,448,1,2,1,121,Lost
17744,2011-12-06 12:11:00,7,7947.42,4,5,4,4,544,Champions
17745,2010-08-19 12:30:00,2,1801.02,478,1,3,2,132,Others
17746,2011-04-13 14:31:00,4,2712.54,240,2,4,3,243,At Risk
17747,2011-08-19 08:13:00,1,214.2,113,3,2,1,321,Others
17748,2010-06-30 13:49:00,1,1074.45,527,1,2,2,122,Lost
17749,2011-06-14 15:45:00,3,3078.54,178,3,3,3,333,Loyal Customers
17750,2011-12-04 14:09:00,9,5392.71,5,5,5,4,554,Champions
17751,2010-10-14 13:57:00,1,473.58,421,1,2,1,121,Lost
17752,2010-12-15 16:19:00,1,241.92,359,2,2,1,221,Lost
17753,2010-09-01 15:49:00,4,1171.68,464,1,4,2,142,Others
17754,2011-12-09 11:20:00,13,13732.59,1,5,5,5,555,Champions
17756,2010-11-29 12:20:00,3,2201.1,376,2,3,3,233,At Risk
17757,2011-12-08 15:31:00,56,28267.35,1,5,5,5,555,Champions
17758,2011-11-20 14:45:00,12,15037.59,19,5,5,5,555,Champions
17759,2011-11-22 16:02:00,5,3830.73,17,5,4,4,544,Champions
17760,2011-11-18 10:56:00,6,2756.79,22,4,4,3,443,Loyal Customers
17761,2011-11-07 10:23:00,1,2138.34,33,4,2,3,423,New Customers
17762,2010-09-09 17:40:00,1,389.25,456,1,2,1,121,Lost
17763,2011-03-21 14:25:00,4,258.45,263,2,4,1,241,Others
17764,2011-10-20 11:03:00,5,4870.92,51,4,4,4,444,Champions
17765,2011-07-04 12:41:00,4,1592.4,159,3,4,2,342,Loyal Customers
17766,2010-11-23 14:29:00,2,898.83,381,2,3,2,232,Others
17767,2011-11-24 14:42:00,2,1239.15,15,5,3,2,532,Loyal Customers
17768,2011-12-01 13:22:00,7,10528.53,8,5,4,5,545,Champions
17769,2011-11-27 11:18:00,17,21309.24,13,5,5,5,555,Champions
17770,2011-05-25 12:34:00,5,3429.81,199,2,4,3,243,At Risk
17771,2011-10-14 11:43:00,4,1162.23,57,4,4,2,442,Loyal Customers
17772,2011-11-29 11:05:00,3,1154.31,11,5,3,2,532,Loyal Customers
17773,2010-07-13 14:07:00,2,1755.81,514,1,3,2,132,Others
17774,2011-09-04 12:49:00,9,9984.15,97,3,5,5,355,Loyal Customers
17775,2011-03-30 10:50:00,1,169.2,255,2,2,1,221,Lost
17776,2010-11-18 12:14:00,2,1015.68,387,2,3,2,232,Others
17777,2011-11-15 12:02:00,3,1997.58,25,4,3,3,433,Loyal Customers
17778,2010-02-16 12:44:00,1,593.1,662,1,2,1,121,Lost
17779,2011-11-18 14:15:00,3,1975.71,21,4,3,3,433,Loyal Customers
17780,2010-02-10 13:43:00,3,1058.73,667,1,3,2,132,Others
17781,2011-07-03 16:00:00,2,564.06,159,3,3,1,331,Loyal Customers
17782,2010-11-22 11:15:00,2,2037.06,383,2,3,3,233,At Risk
17783,2011-09-28 16:07:00,3,1139.73,72,3,3,2,332,Loyal Customers
17784,2010-06-07 16:08:00,1,338.58,550,1,2,1,121,Lost
17785,2011-10-17 13:43:00,3,1210.14,53,4,3,2,432,Loyal Customers
17786,2011-09-15 12:51:00,2,836.22,85,3,3,1,331,Loyal Customers
17787,2011-07-10 11:24:00,4,7804.41,153,3,4,4,344,Loyal Customers
17788,2011-09-27 10:09:00,2,3353.7,74,3,3,3,333,Loyal Customers
17789,2011-03-03 13:14:00,2,1191.45,281,2,3,2,232,Others
17790,2011-11-13 11:30:00,20,8350.83,27,4,5,4,454,Champions
17791,2011-11-10 12:09:00,1,318.3,30,4,2,1,421,New Customers
17792,2010-08-29 14:30:00,2,1110.15,467,1,3,2,132,Others
17793,2011-11-14 14:24:00,1,969.12,25,4,2,2,422,New Customers
17794,2010-01-22 10:18:00,2,441.9,687,1,3,1,131,Others
17795,2011-06-13 12:36:00,2,1051.17,180,3,3,2,332,Loyal Customers
17796,2011-10-30 15:38:00,7,4085.97,40,4,4,4,444,Champions
17797,2011-11-17 13:21:00,8,5957.61,22,4,5,4,454,Champions
17798,2010-05-07 11:42:00,1,549.27,582,1,2,1,121,Lost
17799,2011-11-17 15:16:00,20,19025.67,22,4,5,5,455,Champions
17800,2011-11-02 12:57:00,9,3597.03,37,4,5,3,453,Loyal Customers
17801,2010-09-14 14:32:00,3,2394.99,451,1,3,3,133,At Risk
17802,2011-09-18 14:56:00,10,15159.36,82,3,5,5,355,Loyal Customers
17803,2010-11-12 13:53:00,1,553.98,392,2,2,1,221,Lost
17804,2010-11-28 14:01:00,3,1155.69,376,2,3,2,232,Others
17805,2011-09-27 11:49:00,2,2781.09,74,3,3,3,333,Loyal Customers
17806,2011-11-28 14:12:00,1,1638.12,11,5,2,2,522,New Customers
17807,2010-11-09 16:21:00,3,1313.61,395,2,3,2,232,Others
17808,2010-06-09 10:44:00,4,787.92,549,1,4,1,141,Others
17809,2011-11-23 12:59:00,20,34012.17,16,5,5,5,555,Champions
17810,2010-02-09 10:47:00,2,1124.43,669,1,3,2,132,Others
17811,2011-12-05 13:46:00,47,28829.4,4,5,5,5,555,Champions
17812,2011-11-27 11:47:00,7,3497.67,13,5,4,3,543,Loyal Customers
17813,2011-11-25 16:13:00,5,5312.64,14,5,4,4,544,Champions
17814,2010-11-29 14:21:00,2,4851.96,375,2,3,4,234,At Risk
17815,2010-11-11 14:39:00,1,1775.88,393,2,2,2,222,Lost
17816,2011-11-03 11:34:00,6,336.96,37,4,4,1,441,Loyal Customers
17817,2011-12-05 14:39:00,6,2423.55,4,5,4,3,543,Loyal Customers
17818,2009-12-02 11:34:00,1,390.54,738,1,2,1,121,Lost
17819,2011-09-29 10:52:00,12,19837.56,72,3,5,5,355,Loyal Customers
17820,2010-11-30 17:43:00,1,550.68,374,2,2,1,221,Lost
17821,2010-10-29 13:20:00,1,1003.86,406,2,2,2,222,Lost
17822,2010-10-15 13:47:00,5,6565.5,420,1,4,4,144,At Risk
17823,2010-10-14 16:24:00,2,1482.75,421,1,3,2,132,Others
17824,2011-10-19 14:14:00,1,895.2,51,4,2,2,422,New Customers
17825,2010-04-20 12:01:00,4,2195.88,599,1,4,3,143,At Risk
17826,2010-11-30 13:23:00,1,403.77,374,2,2,1,221,Lost
17827,2011-12-04 15:00:00,6,7164.15,5,5,4,4,544,Champions
17828,2011-11-17 08:41:00,4,5460.27,23,4,4,4,444,Champions
17829,2011-02-14 12:46:00,5,14270.22,299,2,4,5,245,At Risk
17830,2011-12-08 12:28:00,3,1196.1,2,5,3,2,532,Loyal Customers
17831,2011-11-06 15:09:00,1,106.2,33,4,2,1,421,New Customers
17832,2011-10-21 11:43:00,1,466.11,50,4,2,1,421,New Customers
17833,2009-12-16 13:40:00,1,1027.08,723,1,2,2,122,Lost
17834,2010-10-21 12:09:00,2,2191.41,415,1,3,3,133,At Risk
17835,2011-12-07 11:48:00,3,1051.92,3,5,3,2,532,Loyal Customers
17836,2011-10-23 16:13:00,1,330.63,47,4,2,1,421,New Customers
17837,2011-10-28 16:13:00,8,4780.14,42,4,5,4,454,Champions
17838,2011-11-13 11:20:00,13,20168.7,27,4,5,5,455,Champions
17839,2011-10-28 17:27:00,1,1016.4,42,4,2,2,422,New Customers
17840,2010-09-22 12:24:00,1,557.16,444,1,2,1,121,Lost
17841,2011-12-08 12:07:00,211,212652.21,2,5,5,5,555,Champions
17842,2010-04-16 14:23:00,1,1292.07,602,1,2,2,122,Lost
17843,2011-02-09 15:33:00,2,978.69,303,2,3,2,232,Others
17844,2011-08-25 11:27:00,1,154.68,107,3,2,1,321,Others
17845,2010-06-02 15:20:00,4,1794.57,555,1,4,2,142,Others
17846,2011-09-15 15:20:00,1,6099.3,85,3,2,4,324,Others
17847,2010-07-12 10:00:00,2,389.07,516,1,3,1,131,Others
17848,2011-09-19 16:49:00,30,10952.7,81,3,5,5,355,Loyal Customers
17849,2011-05-05 13:46:00,8,3191.28,218,2,5,3,253,At Risk
17850,2010-12-02 15:27:00,155,169800.24,372,2,5,5,255,At Risk
17851,2010-10-13 15:13:00,6,4690.02,422,1,4,4,144,At Risk
17852,2011-11-28 12:36:00,5,1989.63,12,5,4,3,543,Loyal Customers
17853,2010-10-28 15:29:00,3,4824.57,407,2,3,4,234,At Risk
17854,2011-06-07 16:21:00,6,3214.35,185,3,4,3,343,Loyal Customers
17855,2010-12-02 09:44:00,1,1253.82,373,2,2,2,222,Lost
17856,2011-12-08 09:40:00,4,4254.09,2,5,4,4,544,Champions
17857,2011-12-05 13:13:00,24,86046.72,4,5,5,5,555,Champions
17858,2011-12-04 11:56:00,30,38392.95,6,5,5,5,555,Champions
17859,2011-02-08 10:32:00,1,444.63,305,2,2,1,221,Lost
17860,2010-12-06 12:41:00,4,3046.62,369,2,4,3,243,At Risk
17861,2011-12-06 16:21:00,18,15383.07,3,5,5,5,555,Champions
17862,2011-01-20 12:23:00,4,3837.27,324,2,4,4,244,At Risk
17863,2011-10-11 13:45:00,12,17235.6,59,4,5,5,455,Champions
17864,2011-11-27 11:15:00,5,2772.96,13,5,4,3,543,Loyal Customers
17865,2011-11-09 12:08:00,46,79123.17,31,4,5,5,455,Champions
17866,2011-07-20 11:07:00,3,3404.85,143,3,3,3,333,Loyal Customers
17867,2011-11-09 14:15:00,15,4863.84,30,4,5,4,454,Champions
17868,2010-11-18 18:55:00,1,703.95,386,2,2,1,221,Lost
17869,2011-08-24 16:16:00,7,3108.48,107,3,4,3,343,Loyal Customers
17870,2011-12-07 15:07:00,13,9324.45,2,5,5,5,555,Champions
17871,2011-05-19 11:32:00,5,3356.97,205,2,4,3,243,At Risk
17872,2010-11-23 12:02:00,1,707.61,382,2,2,1,221,Lost
17873,2011-09-20 16:41:00,18,19547.64,80,3,5,5,355,Loyal Customers
17874,2011-06-07 12:54:00,6,2050.38,185,3,4,3,343,Loyal Customers
17875,2010-01-20 15:30:00,1,501.3,688,1,2,1,121,Lost
17876,2010-11-05 10:52:00,3,10272.06,400,2,3,5,235,At Risk
17877,2011-06-22 13:00:00,1,712.83,170,3,2,1,321,Others
17878,2011-10-27 11:24:00,3,4236.99,44,4,3,4,434,Loyal Customers
17879,2011-06-19 12:36:00,1,535.56,174,3,2,1,321,Others
17880,2010-12-10 10:21:00,3,2474.76,365,2,3,3,233,At Risk
17881,2011-02-08 17:16:00,1,400.05,304,2,2,1,221,Lost
17882,2010-11-25 14:40:00,2,940.38,379,2,3,2,232,Others
17883,2011-12-06 17:49:00,7,2987.55,3,5,4,3,543,Loyal Customers
17884,2011-12-06 11:33:00,20,9218.67,4,5,5,5,555,Champions
17885,2011-11-27 14:40:00,1,570.57,12,5,2,1,521,New Customers
17886,2011-11-08 10:09:00,6,4825.14,32,4,4,4,444,Champions
17887,2011-08-02 17:29:00,1,334.05,129,3,2,1,321,Others
17888,2011-11-18 13:45:00,25,5461.32,21,4,5,4,454,Champions
17889,2011-05-11 16:26:00,7,2324.61,212,2,4,3,243,At Risk
17890,2011-01-21 11:19:00,2,1806.27,323,2,3,2,232,Others
17891,2011-06-30 20:08:00,1,611.58,162,3,2,1,321,Others
17892,2011-10-14 16:49:00,3,732.3,56,4,3,1,431,Loyal Customers
17893,2011-04-28 13:50:00,1,336.75,225,2,2,1,221,Lost
17894,2011-09-29 09:23:00,18,7360.14,72,3,5,4,354,Loyal Customers
17895,2011-10-26 17:00:00,1,294.0,44,4,2,1,421,New Customers
17896,2011-11-16 13:59:00,1,768.96,23,4,2,1,421,New Customers
17897,2011-06-20 11:23:00,9,7755.0,173,3,5,4,354,Loyal Customers
17898,2011-09-15 14:56:00,4,897.54,85,3,4,2,342,Loyal Customers
17899,2011-07-03 14:58:00,1,467.4,159,3,2,1,321,Others
17900,2011-06-02 14:38:00,2,336.6,190,2,3,1,231,Others
17901,2011-11-10 17:29:00,3,780.24,29,4,3,1,431,Loyal Customers
17902,2010-06-11 12:25:00,1,649.2,547,1,2,1,121,Lost
17903,2010-11-10 15:39:00,1,1143.27,394,2,2,2,222,Lost
17904,2011-11-18 12:57:00,1,575.01,21,4,2,1,421,New Customers
17905,2011-09-29 17:33:00,13,7150.56,71,3,5,4,354,Loyal Customers
17906,2011-04-06 17:25:00,1,218.7,247,2,2,1,221,Lost
17907,2010-03-09 12:33:00,1,875.28,641,1,2,2,122,Lost
17908,2010-12-01 11:45:00,5,4234.62,374,2,4,4,244,At Risk
17909,2009-12-02 13:10:00,1,397.65,737,1,2,1,121,Lost
17910,2009-12-13 16:04:00,1,785.1,726,1,2,1,121,Lost
17911,2011-11-30 14:52:00,1,1098.69,9,5,2,2,522,New Customers
17912,2011-02-02 14:25:00,6,1126.5,310,2,4,2,242,Others
17913,2011-10-12 10:45:00,14,10438.92,59,4,5,5,455,Champions
17914,2011-12-06 11:58:00,1,1009.29,4,5,2,2,522,New Customers
17915,2010-06-06 13:22:00,1,726.39,551,1,2,1,121,Lost
17916,2010-03-21 12:26:00,2,131.61,629,1,3,1,131,Others
17917,2011-10-25 13:20:00,3,1023.84,45,4,3,2,432,Loyal Customers
17918,2010-07-27 11:51:00,3,1189.17,501,1,3,2,132,Others
17919,2011-09-12 13:41:00,2,5520.96,88,3,3,4,334,Loyal Customers
17920,2011-12-05 14:29:00,54,73549.38,4,5,5,5,555,Champions
17921,2011-10-06 18:56:00,10,7270.5,64,3,5,4,354,Loyal Customers
17922,2010-06-14 16:32:00,1,511.2,543,1,2,1,121,Lost
17923,2011-03-02 15:15:00,3,1491.0,282,2,3,2,232,Others
17924,2011-11-28 09:11:00,8,10610.1,12,5,5,5,555,Champions
17925,2010-12-02 10:10:00,1,1464.48,373,2,2,2,222,Lost
17926,2011-07-29 14:39:00,5,3106.47,133,3,4,3,343,Loyal Customers
17927,2009-12-18 11:03:00,1,882.0,722,1,2,2,122,Lost
17928,2011-10-25 13:52:00,3,1023.72,45,4,3,2,432,Loyal Customers
17929,2011-11-28 16:01:00,12,9246.3,11,5,5,5,555,Champions
17930,2011-11-04 10:23:00,13,12825.66,36,4,5,5,455,Champions
17931,2011-07-28 18:33:00,14,10311.87,134,3,5,5,355,Loyal Customers
17932,2011-11-10 19:49:00,3,3994.71,29,4,3,4,434,Loyal Customers
17933,2010-03-17 15:11:00,1,344.07,632,1,2,1,121,Lost
17934,2011-10-19 11:16:00,3,3147.45,52,4,3,3,433,Loyal Customers
17935,2011-07-24 13:18:00,7,2058.42,138,3,4,3,343,Loyal Customers
17936,2011-12-04 13:32:00,1,1169.52,5,5,2,2,522,New Customers
17937,2011-12-01 11:45:00,7,12903.66,9,5,4,5,545,Champions
17938,2010-10-15 14:27:00,1,432.87,420,1,2,1,121,Lost
17939,2011-07-03 12:27:00,1,297.42,160,3,2,1,321,Others
17940,2011-10-21 13:27:00,16,91179.57,49,4,5,5,455,Champions
17941,2011-08-01 08:30:00,4,4299.84,131,3,4,4,344,Loyal Customers
17942,2011-12-02 10:45:00,1,232.5,8,5,2,1,521,New Customers
17944,2010-10-12 16:25:00,1,226.23,423,1,2,1,121,Lost
17945,2010-01-12 11:40:00,3,1081.05,697,1,3,2,132,Others
17946,2011-04-20 17:00:00,2,448.74,233,2,3,1,231,Others
17947,2011-11-02 13:05:00,1,530.04,37,4,2,1,421,New Customers
17948,2011-07-15 12:58:00,1,1075.68,147,3,2,2,322,Others
17949,2011-12-08 18:46:00,118,355884.24,1,5,5,5,555,Champions
17950,2011-09-28 15:18:00,7,4298.43,72,3,4,4,344,Loyal Customers
17951,2011-10-31 12:30:00,4,4908.24,40,4,4,4,444,Champions
17952,2010-11-26 13:54:00,4,2458.83,378,2,4,3,243,At Risk
17953,2010-06-17 15:08:00,1,482.46,540,1,2,1,121,Lost
17954,2011-12-04 14:15:00,19,11898.15,5,5,5,5,555,Champions
17955,2011-05-25 12:00:00,6,2849.7,199,2,4,3,243,At Risk
17956,2011-04-04 13:47:00,1,38.25,249,2,2,1,221,Lost
17957,2011-10-04 14:58:00,1,335.04,66,3,2,1,321,Others
17958,2011-08-15 12:19:00,2,2921.64,117,3,3,3,333,Loyal Customers
17959,2010-04-26 14:12:00,1,422.25,592,1,2,1,121,Lost
17960,2011-06-21 14:15:00,3,405.24,171,3,3,1,331,Loyal Customers
17961,2011-11-18 16:55:00,100,8986.62,21,4,5,5,455,Champions
17962,2011-07-20 14:16:00,4,2062.26,142,3,4,3,343,Loyal Customers
17963,2010-08-25 15:58:00,4,1954.53,471,1,4,3,143,At Risk
17964,2011-11-08 10:44:00,2,2200.38,32,4,3,3,433,Loyal Customers
17965,2011-11-02 09:31:00,29,21722.94,38,4,5,5,455,Champions
17966,2011-11-02 10:26:00,10,5923.26,38,4,5,4,454,Champions
17967,2010-12-03 11:19:00,2,1071.87,372,2,3,2,232,Others
17968,2010-12-01 12:23:00,4,2664.12,374,2,4,3,243,At Risk
17969,2011-06-26 13:00:00,20,7109.82,166,3,5,4,354,Loyal Customers
17970,2011-05-12 20:03:00,1,1747.77,211,2,2,2,222,Lost
17971,2010-06-09 14:04:00,1,485.82,548,1,2,1,121,Lost
17972,2011-04-12 12:16:00,1,408.12,242,2,2,1,221,Lost
17973,2011-10-19 10:34:00,1,1011.12,52,4,2,2,422,New Customers
17974,2011-11-15 11:37:00,6,5574.18,25,4,4,4,444,Champions
17975,2011-11-24 13:27:00,24,21086.49,15,5,5,5,555,Champions
17976,2010-12-02 13:49:00,1,2119.14,372,2,2,3,223,Lost
17977,2011-11-10 13:28:00,2,4696.89,29,4,3,4,434,Loyal Customers
17978,2010-12-09 14:05:00,4,4385.28,365,2,4,4,244,At Risk
17979,2011-11-04 12:05:00,4,2273.13,36,4,4,3,443,Loyal Customers
17980,2011-06-27 12:01:00,4,3100.26,166,3,4,3,343,Loyal Customers
17981,2010-10-25 10:40:00,1,717.36,411,2,2,1,221,Lost
17982,2010-01-28 09:38:00,1,414.54,681,1,2,1,121,Lost
17983,2010-11-09 13:24:00,1,515.13,395,2,2,1,221,Lost
17984,2011-07-17 15:59:00,5,3573.81,145,3,4,3,343,Loyal Customers
17985,2011-11-17 14:24:00,1,1904.85,22,4,2,3,423,New Customers
17986,2011-10-14 14:22:00,1,62.4,56,4,2,1,421,New Customers
17987,2011-06-07 14:22:00,5,3010.92,185,3,4,3,343,Loyal Customers
17988,2011-11-28 11:00:00,14,1468.62,12,5,5,2,552,Loyal Customers
17989,2010-11-25 13:49:00,1,686.49,379,2,2,1,221,Lost
17990,2011-04-17 11:44:00,6,4582.83,237,2,4,4,244,At Risk
17991,2011-04-28 15:58:00,3,961.65,225,2,3,2,232,Others
17992,2010-11-15 13:04:00,1,762.39,389,2,2,1,221,Lost
17993,2010-04-01 14:23:00,1,705.57,617,1,2,1,121,Lost
17994,2011-08-10 11:41:00,11,6939.96,122,3,5,4,354,Loyal Customers
17995,2011-03-03 12:30:00,3,1486.44,282,2,3,2,232,Others
17996,2010-11-25 11:00:00,3,1446.99,380,2,3,2,232,Others
17997,2011-09-26 16:13:00,8,5912.01,74,3,5,4,354,Loyal Customers
17998,2010-11-24 15:31:00,3,1917.72,380,2,3,3,233,At Risk
17999,2011-11-02 15:56:00,3,2192.7,37,4,3,3,433,Loyal Customers
18000,2010-05-24 17:34:00,1,372.75,564,1,2,1,121,Lost
18001,2011-11-27 16:02:00,6,2861.52,12,5,4,3,543,Loyal Customers
18002,2010-11-29 10:57:00,4,749.76,376,2,4,1,241,Others
18003,2010-11-28 15:09:00,1,1075.83,376,2,2,2,222,Lost
18004,2010-12-12 13:47:00,1,508.41,362,2,2,1,221,Lost
18005,2011-12-06 11:51:00,2,749.16,4,5,3,1,531,Loyal Customers
18006,2011-11-16 16:52:00,4,2993.58,23,4,4,3,443,Loyal Customers
18007,2010-11-12 11:08:00,1,660.96,393,2,2,1,221,Lost
18008,2011-09-30 15:17:00,23,59361.39,70,3,5,5,355,Loyal Customers
18009,2011-04-18 13:36:00,8,6467.49,235,2,5,4,254,At Risk
18010,2011-03-28 12:27:00,1,524.4,257,2,2,1,221,Lost
18011,2010-12-01 17:35:00,2,1581.09,373,2,3,2,232,Others
18012,2009-12-16 13:16:00,1,345.9,723,1,2,1,121,Lost
18013,2011-07-07 14:11:00,2,561.87,155,3,3,1,331,Loyal Customers
18014,2011-11-11 15:28:00,1,499.26,28,4,2,1,421,New Customers
18015,2011-12-05 14:49:00,1,360.09,4,5,2,1,521,New Customers
18016,2011-11-07 13:25:00,7,5881.38,32,4,4,4,444,Champions
18017,2011-09-19 16:15:00,4,2064.0,81,3,4,3,343,Loyal Customers
18018,2011-08-23 17:37:00,4,893.97,108,3,4,2,342,Loyal Customers
18019,2011-10-19 12:10:00,1,115.35,52,4,2,1,421,New Customers
18020,2010-06-14 12:31:00,1,571.44,544,1,2,1,121,Lost
18021,2010-07-18 10:52:00,2,681.18,510,1,3,1,131,Others
18022,2011-11-04 12:45:00,5,4955.37,36,4,4,4,444,Champions
18024,2011-07-10 12:40:00,2,1169.34,153,3,3,2,332,Loyal Customers
18025,2010-11-25 12:37:00,6,3533.16,380,2,4,3,243,At Risk
18026,2010-07-27 10:37:00,2,6222.21,501,1,3,4,134,At Risk
18027,2011-09-02 10:38:00,1,345.93,99,3,2,1,321,Others
18028,2010-05-05 13:28:00,1,576.15,583,1,2,1,121,Lost
18029,2010-03-07 15:30:00,1,1301.31,642,1,2,2,122,Lost
18030,2011-12-05 16:37:00,2,691.95,4,5,3,1,531,Loyal Customers
18031,2010-11-26 11:00:00,1,1386.3,379,2,2,2,222,Lost
18032,2011-01-09 15:32:00,1,220.5,334,2,2,1,221,Lost
18033,2011-10-05 17:28:00,1,293.91,65,3,2,1,321,Others
18034,2011-11-18 12:22:00,3,2381.1,22,4,3,3,433,Loyal Customers
18035,2011-11-04 12:39:00,5,3830.22,36,4,4,4,444,Champions
18036,2011-11-07 14:40:00,11,4690.92,32,4,5,4,454,Champions
18037,2011-07-08 13:39:00,15,502.26,154,3,5,1,351,Loyal Customers
18038,2010-06-01 15:59:00,1,448.23,556,1,2,1,121,Lost
18039,2010-11-30 13:07:00,4,1737.51,374,2,4,2,242,Others
18040,2011-11-20 14:20:00,2,1071.6,19,5,3,2,532,Loyal Customers
18041,2011-11-28 11:39:00,38,26257.14,12,5,5,5,555,Champions
18042,2011-10-17 11:49:00,2,843.45,54,4,3,1,431,Loyal Customers
18043,2011-11-15 12:48:00,3,2627.91,25,4,3,3,433,Loyal Customers
18044,2011-12-05 14:26:00,18,10516.83,4,5,5,5,555,Champions
18045,2011-10-25 13:07:00,1,568.2,45,4,2,1,421,New Customers
18046,2010-02-28 11:36:00,1,568.89,650,1,2,1,121,Lost
18047,2010-11-23 13:11:00,2,1028.07,381,2,3,2,232,Others
18048,2011-05-20 14:58:00,3,1205.19,203,2,3,2,232,Others
18049,2010-09-28 14:26:00,2,1669.56,437,1,3,2,132,Others
18050,2010-12-15 14:25:00,2,1236.18,359,2,3,2,232,Others
18051,2010-03-15 13:58:00,7,6846.84,634,1,4,4,144,At Risk
18052,2010-05-24 11:11:00,1,32631.54,565,1,2,5,125,Lost
18053,2011-09-30 09:05:00,3,1713.21,71,3,3,2,332,Loyal Customers
18054,2010-11-12 08:18:00,1,529.5,393,2,2,1,221,Lost
18055,2011-12-02 14:25:00,14,33586.71,7,5,5,5,555,Champions
18056,2011-02-24 14:27:00,2,1663.8,288,2,3,2,232,Others
18057,2010-11-11 16:55:00,3,3610.68,393,2,3,3,233,At Risk
18058,2011-11-30 08:38:00,3,2322.18,10,5,3,3,533,Loyal Customers
18059,2011-11-16 16:49:00,3,919.38,23,4,3,2,432,Loyal Customers
18060,2010-10-27 16:41:00,2,3556.38,408,2,3,3,233,At Risk
18061,2011-11-18 11:20:00,28,19466.91,22,4,5,5,455,Champions
18062,2011-06-19 14:47:00,6,4898.01,173,3,4,4,344,Loyal Customers
18063,2010-11-14 10:46:00,2,559.8,391,2,3,1,231,Others
18064,2011-07-29 16:39:00,11,13485.09,133,3,5,5,355,Loyal Customers
18065,2011-12-04 10:30:00,29,17599.89,6,5,5,5,555,Champions
18066,2011-09-25 15:30:00,3,4321.2,75,3,3,4,334,Loyal Customers
18067,2011-10-30 15:58:00,1,1188.99,40,4,2,2,422,New Customers
18068,2011-02-23 14:50:00,1,305.1,289,2,2,1,221,Lost
18069,2011-11-13 16:03:00,11,13621.68,26,4,5,5,455,Champions
18070,2010-02-08 13:28:00,1,942.3,669,1,2,2,122,Lost
18071,2011-03-27 11:59:00,6,4285.89,258,2,4,4,244,At Risk
18072,2011-06-07 10:44:00,1,742.32,186,3,2,1,321,Others
18073,2011-08-17 14:02:00,12,11632.56,114,3,5,5,355,Loyal Customers
18074,2010-12-01 09:53:00,2,4527.12,374,2,3,4,234,At Risk
18075,2011-11-16 15:21:00,20,17349.87,23,4,5,5,455,Champions
18076,2010-11-24 14:02:00,1,454.47,380,2,2,1,221,Lost
18077,2011-12-01 13:32:00,18,13015.68,8,5,5,5,555,Champions
18078,2011-05-06 14:32:00,4,2533.8,217,2,4,3,243,At Risk
18079,2011-10-25 15:27:00,5,12728.25,45,4,4,5,445,Champions
18080,2011-11-21 08:02:00,2,3694.5,19,5,3,3,533,Loyal Customers
18081,2011-11-03 16:30:00,3,1030.35,36,4,3,2,432,Loyal Customers
18082,2011-11-14 12:45:00,1,2110.11,26,4,2,3,423,New Customers
18083,2010-11-07 11:44:00,1,1412.19,398,2,2,2,222,Lost
18084,2011-11-23 13:57:00,3,2438.79,16,5,3,3,533,Loyal Customers
18085,2011-01-13 15:17:00,4,4937.25,330,2,4,4,244,At Risk
18086,2011-03-10 13:34:00,1,304.02,274,2,2,1,221,Lost
18087,2011-09-02 15:12:00,17,44284.56,98,3,5,5,355,Loyal Customers
18088,2011-10-09 13:41:00,1,503.01,61,3,2,1,321,Others
18089,2010-09-19 11:57:00,1,1285.35,447,1,2,2,122,Lost
18090,2010-10-14 12:32:00,1,1048.2,422,1,2,2,122,Lost
18091,2010-04-25 13:18:00,1,1082.55,593,1,2,2,122,Lost
18092,2011-12-07 13:14:00,18,48538.32,2,5,5,5,555,Champions
18093,2011-09-07 15:43:00,8,13358.13,93,3,5,5,355,Loyal Customers
18094,2011-09-19 09:28:00,13,19174.56,82,3,5,5,355,Loyal Customers
18095,2011-01-31 12:50:00,5,6909.27,313,2,4,4,244,At Risk
18096,2011-11-28 12:44:00,6,5415.84,12,5,4,4,544,Champions
18097,2011-12-02 11:16:00,11,13989.96,8,5,5,5,555,Champions
18098,2010-11-08 16:31:00,1,1652.52,396,2,2,2,222,Lost
18099,2011-08-04 15:52:00,1,504.93,127,3,2,1,321,Others
18100,2010-06-07 14:19:00,1,1354.68,550,1,2,2,122,Lost
18101,2011-11-28 13:37:00,5,1887.48,11,5,4,3,543,Loyal Customers
18102,2011-12-09 11:50:00,145,1826464.95,1,5,5,5,555,Champions
18103,2010-06-08 13:36:00,1,317.4,549,1,2,1,121,Lost
18104,2011-11-02 14:07:00,1,2263.92,37,4,2,3,423,New Customers
18105,2011-11-02 12:04:00,1,340.44,38,4,2,1,421,New Customers
18106,2011-01-14 12:23:00,6,4384.38,330,2,4,4,244,At Risk
18107,2010-09-23 13:03:00,1,501.39,442,1,2,1,121,Lost
18108,2011-03-30 13:56:00,3,2546.43,254,2,3,3,233,At Risk
18109,2011-12-08 11:36:00,38,29681.88,2,5,5,5,555,Champions
18110,2011-11-20 12:34:00,2,1306.29,20,4,3,2,432,Loyal Customers
18111,2010-04-29 12:58:00,1,1217.55,589,1,2,2,122,Lost
18112,2011-11-27 14:43:00,4,2327.88,12,5,4,3,543,Loyal Customers
18113,2010-12-06 12:31:00,1,457.92,369,2,2,1,221,Lost
18114,2011-02-22 13:20:00,1,660.3,290,2,2,1,221,Lost
18115,2010-01-11 11:57:00,1,29.1,698,1,2,1,121,Lost
18116,2011-10-03 11:00:00,13,6462.9,68,3,5,4,354,Loyal Customers
18117,2011-11-14 12:47:00,1,962.16,26,4,2,2,422,New Customers
18118,2011-11-29 11:32:00,29,20199.66,11,5,5,5,555,Champions
18119,2010-12-07 11:59:00,1,1086.72,368,2,2,2,222,Lost
18120,2011-05-09 13:45:00,1,333.45,214,2,2,1,221,Lost
18121,2011-07-13 12:53:00,2,2019.3,149,3,3,3,333,Loyal Customers
18122,2011-12-01 13:08:00,6,5478.63,8,5,4,4,544,Champions
18123,2011-11-15 14:23:00,3,2053.77,24,4,3,3,433,Loyal Customers
18124,2010-08-24 17:21:00,1,334.59,472,1,2,1,121,Lost
18125,2011-11-10 12:29:00,4,3428.97,30,4,4,3,443,Loyal Customers
18126,2011-10-10 12:19:00,1,620.49,61,3,2,1,321,Others
18127,2011-11-20 14:05:00,4,1684.59,19,5,4,2,542,Loyal Customers
18128,2010-06-20 13:19:00,1,1260.12,537,1,2,2,122,Lost
18129,2011-04-10 14:16:00,1,337.65,243,2,2,1,221,Lost
18130,2011-11-24 14:40:00,3,3178.17,15,5,3,3,533,Loyal Customers
18131,2010-03-18 08:48:00,1,668.88,632,1,2,1,121,Lost
18132,2010-07-23 16:54:00,1,680.7,504,1,2,1,121,Lost
18133,2011-05-11 14:14:00,1,2794.5,212,2,2,3,223,Lost
18134,2010-04-20 14:02:00,2,1335.0,598,1,3,2,132,Others
18135,2011-11-10 19:32:00,10,3748.86,29,4,5,4,454,Champions
18136,2011-10-07 15:40:00,5,4894.08,63,3,4,4,344,Loyal Customers
18137,2010-06-06 14:18:00,2,437.97,551,1,3,1,131,Others
18138,2011-02-17 14:51:00,1,457.95,295,2,2,1,221,Lost
18139,2011-11-22 10:44:00,6,25315.02,18,5,4,5,545,Champions
18140,2010-08-23 11:58:00,1,1609.23,474,1,2,2,122,Lost
18141,2010-11-03 11:44:00,2,2647.41,402,2,3,3,233,At Risk
18142,2011-07-05 13:19:00,2,3058.56,157,3,3,3,333,Loyal Customers
18143,2011-08-15 12:07:00,2,3000.48,117,3,3,3,333,Loyal Customers
18144,2011-12-02 12:46:00,19,15174.0,8,5,5,5,555,Champions
18145,2011-11-27 11:22:00,11,16853.37,13,5,5,5,555,Champions
18146,2011-07-22 12:08:00,2,481.05,141,3,3,1,331,Loyal Customers
18147,2011-10-25 11:46:00,2,538.02,46,4,3,1,431,Loyal Customers
18148,2010-03-03 11:40:00,1,342.3,647,1,2,1,121,Lost
18149,2011-10-20 12:04:00,7,4874.13,51,4,4,4,444,Champions
18150,2011-11-07 16:49:00,3,1699.74,32,4,3,2,432,Loyal Customers
18151,2011-07-28 11:35:00,6,5638.32,135,3,4,4,344,Loyal Customers
18152,2010-03-03 15:26:00,1,1280.07,646,1,2,2,122,Lost
18153,2010-02-18 15:50:00,1,738.66,659,1,2,1,121,Lost
18154,2011-12-06 16:41:00,5,2797.8,3,5,4,3,543,Loyal Customers
18155,2011-09-25 13:32:00,3,1114.86,75,3,3,2,332,Loyal Customers
18156,2011-11-27 12:24:00,2,2823.51,13,5,3,3,533,Loyal Customers
18157,2010-05-17 14:09:00,1,646.05,571,1,2,1,121,Lost
18158,2011-11-30 16:19:00,2,1360.2,9,5,3,2,532,Loyal Customers
18159,2011-02-11 14:26:00,1,1590.45,301,2,2,2,222,Lost
18160,2011-10-13 15:50:00,3,3011.64,57,4,3,3,433,Loyal Customers
18161,2011-11-24 16:40:00,6,5409.3,15,5,4,4,544,Champions
18162,2009-12-07 13:24:00,1,1137.48,732,1,2,2,122,Lost
18163,2010-05-04 14:51:00,1,2186.52,584,1,2,3,123,Lost
18164,2011-11-02 12:56:00,1,1198.95,37,4,2,2,422,New Customers
18165,2011-06-15 13:23:00,1,907.38,177,3,2,2,322,Others
18166,2010-03-26 12:26:00,1,526.5,624,1,2,1,121,Lost
18167,2011-11-16 15:56:00,3,4154.58,23,4,3,4,434,Loyal Customers
18168,2011-06-16 19:21:00,16,11310.81,176,3,5,5,355,Loyal Customers
18169,2011-10-10 12:18:00,1,607.95,61,3,2,1,321,Others
18170,2011-11-06 14:35:00,9,8634.0,33,4,5,4,454,Champions
18171,2011-10-12 09:13:00,9,7311.93,59,4,5,4,454,Champions
18172,2011-11-25 11:12:00,52,52439.52,15,5,5,5,555,Champions
18173,2011-09-14 11:26:00,5,8089.08,87,3,4,4,344,Loyal Customers
18174,2011-12-02 16:56:00,2,487.5,7,5,3,1,531,Loyal Customers
18175,2010-02-02 10:25:00,1,528.3,676,1,2,1,121,Lost
18176,2010-12-16 15:45:00,1,1429.05,358,2,2,2,222,Lost
18177,2011-11-08 14:44:00,9,6650.61,31,4,5,4,454,Champions
18178,2011-08-03 09:30:00,11,18311.22,129,3,5,5,355,Loyal Customers
18179,2011-11-30 16:23:00,8,7642.65,9,5,5,4,554,Champions
18180,2011-12-05 08:39:00,6,5531.25,5,5,4,4,544,Champions
18181,2011-11-15 15:08:00,5,3617.82,24,4,4,3,443,Loyal Customers
18182,2010-09-02 14:25:00,1,873.39,463,1,2,2,122,Lost
18183,2011-04-26 15:26:00,2,1896.21,227,2,3,3,233,At Risk
18184,2011-11-24 15:28:00,1,149.4,15,5,2,1,521,New Customers
18185,2011-04-04 13:42:00,1,912.75,249,2,2,2,222,Lost
18186,2009-12-17 10:22:00,1,988.74,723,1,2,2,122,Lost
18187,2010-03-18 09:49:00,1,2174.67,632,1,2,3,123,Lost
18188,2011-11-24 16:46:00,6,9841.77,15,5,4,5,545,Champions
18189,2011-09-23 12:40:00,3,4211.19,78,3,3,4,334,Loyal Customers
18190,2011-05-31 14:48:00,5,2236.86,192,2,4,3,243,At Risk
18191,2011-03-23 12:08:00,2,1588.2,262,2,3,2,232,Others
18192,2011-09-29 09:53:00,1,2873.91,72,3,2,3,323,Others
18193,2011-06-27 13:58:00,3,3622.05,165,3,3,3,333,Loyal Customers
18194,2011-09-18 13:29:00,6,12486.12,82,3,4,5,345,Loyal Customers
18195,2010-11-17 15:03:00,1,303.48,387,2,2,1,221,Lost
18196,2011-09-05 16:22:00,4,4392.93,95,3,4,4,344,Loyal Customers
18197,2010-05-13 10:46:00,1,690.3,576,1,2,1,121,Lost
18198,2011-12-05 14:49:00,17,16276.68,4,5,5,5,555,Champions
18199,2010-01-25 11:32:00,1,1034.25,684,1,2,2,122,Lost
18200,2011-08-25 18:45:00,1,491.4,106,3,2,1,321,Others
18201,2009-12-17 08:55:00,1,1342.59,723,1,2,2,122,Lost
18202,2011-05-24 12:12:00,3,4190.97,200,2,3,4,234,At Risk
18203,2011-07-05 13:07:00,4,1513.26,157,3,4,2,342,Loyal Customers
18204,2011-09-29 16:44:00,3,5981.1,71,3,3,4,334,Loyal Customers
18205,2011-11-03 13:22:00,2,1552.08,36,4,3,2,432,Loyal Customers
18206,2010-06-04 13:47:00,1,943.98,553,1,2,2,122,Lost
18207,2010-07-28 14:26:00,1,1633.41,499,1,2,2,122,Lost
18208,2010-05-23 11:54:00,1,1080.24,566,1,2,2,122,Lost
18209,2011-11-11 12:07:00,1,417.3,29,4,2,1,421,New Customers
18210,2011-12-08 11:02:00,7,8306.49,2,5,4,4,544,Champions
18211,2011-11-14 08:10:00,5,1800.21,26,4,4,2,442,Loyal Customers
18212,2011-01-17 16:14:00,2,1640.16,326,2,3,2,232,Others
18213,2011-04-17 10:21:00,1,697.44,237,2,2,1,221,Lost
18214,2010-06-27 11:21:00,4,5341.02,531,1,4,4,144,At Risk
18215,2011-09-11 16:05:00,5,6742.47,89,3,4,4,344,Loyal Customers
18216,2011-11-08 16:55:00,1,1445.25,31,4,2,2,422,New Customers
18217,2011-11-10 13:18:00,4,2835.12,29,4,4,3,443,Loyal Customers
18218,2011-05-12 12:53:00,4,3426.0,211,2,4,3,243,At Risk
18219,2011-12-07 11:43:00,17,10688.67,3,5,5,5,555,Champions
18220,2011-04-27 09:03:00,6,5765.28,227,2,4,4,244,At Risk
18221,2011-11-17 14:40:00,6,4274.82,22,4,4,4,444,Champions
18222,2011-09-08 10:45:00,1,1329.0,93,3,2,2,322,Others
18223,2011-12-05 09:11:00,26,42002.55,5,5,5,5,555,Champions
18224,2011-03-21 10:30:00,1,476.85,264,2,2,1,221,Lost
18225,2011-12-06 13:27:00,26,39162.78,3,5,5,5,555,Champions
18226,2011-10-26 13:36:00,26,35636.64,44,4,5,5,455,Champions
18227,2011-05-06 12:23:00,2,1166.25,218,2,3,2,232,Others
18228,2011-10-14 09:21:00,2,2339.7,57,4,3,3,433,Loyal Customers
18229,2011-11-28 09:48:00,28,32411.13,12,5,5,5,555,Champions
18230,2011-11-30 13:22:00,9,12873.18,9,5,5,5,555,Champions
18231,2011-05-31 14:18:00,28,20642.91,192,2,5,5,255,At Risk
18232,2011-09-19 11:49:00,4,1778.91,82,3,4,2,342,Loyal Customers
18233,2011-01-18 08:44:00,1,1320.0,326,2,2,2,222,Lost
18234,2010-06-06 11:22:00,1,538.8,552,1,2,1,121,Lost
18235,2011-09-29 08:27:00,3,5389.44,72,3,3,4,334,Loyal Customers
18236,2011-11-10 08:06:00,12,5386.05,30,4,5,4,454,Champions
18237,2011-12-07 12:49:00,5,2961.3,3,5,4,3,543,Loyal Customers
18238,2010-07-12 12:51:00,1,812.76,515,1,2,1,121,Lost
18239,2011-05-05 12:38:00,6,6451.08,219,2,4,4,244,At Risk
18240,2011-10-24 13:06:00,1,1267.74,46,4,2,2,422,New Customers
18241,2011-11-30 12:10:00,21,8960.97,10,5,5,5,555,Champions
18242,2011-09-28 13:43:00,8,10815.63,72,3,5,5,355,Loyal Customers
18243,2010-10-21 14:29:00,1,1547.34,414,1,2,2,122,Lost
18244,2010-10-05 11:15:00,2,1705.92,431,1,3,2,132,Others
18245,2011-12-02 14:48:00,20,18974.94,7,5,5,5,555,Champions
18246,2011-11-16 11:49:00,3,2276.46,24,4,3,3,433,Loyal Customers
18247,2010-10-21 09:49:00,3,2519.19,415,1,3,3,133,At Risk
18248,2011-08-09 10:19:00,2,2412.06,123,3,3,3,333,Loyal Customers
18249,2011-11-22 15:07:00,1,286.02,17,5,2,1,521,New Customers
18250,2011-02-02 13:16:00,1,1047.81,310,2,2,2,222,Lost
18251,2011-09-13 15:03:00,9,78836.58,87,3,5,5,355,Loyal Customers
18252,2011-10-20 12:43:00,7,4626.27,51,4,4,4,444,Champions
18253,2010-03-07 12:38:00,1,953.64,643,1,2,2,122,Lost
18254,2010-05-07 14:37:00,1,803.7,581,1,2,1,121,Lost
18255,2011-09-11 13:16:00,2,909.45,89,3,3,2,332,Loyal Customers
18256,2010-11-17 08:53:00,1,332.1,388,2,2,1,221,Lost
18257,2011-10-31 14:48:00,12,13800.45,39,4,5,5,455,Champions
18258,2010-09-01 14:20:00,6,6179.01,464,1,4,4,144,At Risk
18259,2011-11-15 12:34:00,7,12954.6,25,4,4,5,445,Champions
18260,2011-06-20 12:37:00,23,29886.33,173,3,5,5,355,Loyal Customers
18261,2011-10-27 15:36:00,2,972.72,43,4,3,2,432,Loyal Customers
18262,2011-07-22 16:04:00,3,1732.62,140,3,3,2,332,Loyal Customers
18263,2011-11-14 09:00:00,3,3639.48,26,4,3,3,433,Loyal Customers
18264,2010-07-29 10:02:00,1,1809.75,499,1,2,2,122,Lost
18265,2011-09-28 14:10:00,2,2404.53,72,3,3,3,333,Loyal Customers
18266,2010-10-01 15:33:00,1,753.3,434,1,2,1,121,Lost
18267,2010-02-05 08:43:00,1,808.11,673,1,2,1,121,Lost
18268,2011-07-28 19:13:00,6,4470.69,134,3,4,4,344,Loyal Customers
18269,2010-12-08 13:53:00,1,1011.6,366,2,2,2,222,Lost
18270,2011-11-01 13:57:00,3,1333.65,38,4,3,2,432,Loyal Customers
18271,2010-04-09 09:26:00,2,2042.55,610,1,3,3,133,At Risk
18272,2011-12-07 12:43:00,9,13157.94,3,5,5,5,555,Champions
18273,2011-12-07 13:16:00,4,1071.0,2,5,4,2,542,Loyal Customers
18274,2011-11-09 17:03:00,1,527.76,30,4,2,1,421,New Customers
18275,2010-05-10 15:46:00,2,2225.55,578,1,3,3,133,At Risk
18276,2011-10-27 10:54:00,6,4969.56,44,4,4,4,444,Champions
18277,2011-10-12 15:22:00,5,3540.15,58,4,4,3,443,Loyal Customers
18278,2011-09-27 11:58:00,2,1242.6,74,3,3,2,332,Loyal Customers
18279,2010-07-08 14:48:00,1,694.02,519,1,2,1,121,Lost
18280,2011-03-07 09:52:00,2,1464.45,278,2,3,2,232,Others
18281,2011-06-12 10:53:00,2,603.42,181,3,3,1,331,Loyal Customers
18282,2011-12-02 11:43:00,2,534.15,8,5,3,1,531,Loyal Customers
18283,2011-12-06 12:02:00,22,8209.95,4,5,5,4,554,Champions
18284,2010-10-04 11:33:00,1,1385.04,432,1,2,2,122,Lost
18285,2010-02-17 10:24:00,1,1281.0,661,1,2,2,122,Lost
18286,2010-08-20 11:57:00,2,3889.29,477,1,3,4,134,At Risk
18287,2011-10-28 09:29:00,7,12548.97,43,4,4,5,445,Champions
